1, -- ,ts-preserve-other,847.6667,ts-rebook,847.6667,ts-config,197.6667,ts-notification,67.6667,ts-execute,19.375
2, -- ,ts-travel,1297.4154,ts-preserve-other,1255.0092,ts-rebook,1247.0017,ts-avatar,1064.26,ts-voucher,894.7575,ts-consign,860.06,ts-order,807.2025,ts-notification,628.4367,ts-station,556.5288,ts-ticket-office,552.4325,ts-route,495.4108,ts-user,464.6625,ts-config,460.8067,ts-admin-basic-info,420.0475,ts-admin-order,413.8886,ts-admin-travel,409.2425,ts-admin-route,400.57,ts-price,387.493,ts-assurance,377.725,ts-auth,356.6616,ts-news,353.3,ts-train,350.836,ts-ticketinfo,305.4125,ts-verification-code,301.455,ts-admin-user,284.4925,ts-security,278.035,ts-contacts,264.73,ts-food-map,263.1425,ts-basic,246.075,ts-cancel,244.305,ts-inside-payment,242.32,ts-seat,230.67,ts-delivery,207.5367,ts-food,206.0417,ts-payment,200.4817,ts-ui,176.2875,ts-execute,165.5567,ts-preserve,112.305
3, -- ,ts-travel,3281.3904,ts-config,3182.8187,ts-route,3113.7437,ts-order,2989.8195,ts-train,2743.6485,ts-station,2536.9213,ts-basic,2289.5348,ts-seat,2185.4054,ts-price,2071.3147,ts-ticketinfo,1882.6675,ts-food,1602.285,ts-food-map,1465.01,ts-assurance,888.3567,ts-preserve-other,847.6667,ts-rebook,847.6667,ts-ui,471.0493,ts-security,90.99,ts-auth,78.3346,ts-notification,67.6667,ts-admin-order,24.2188,ts-execute,19.375,ts-delivery,6.27,ts-consign,4.0,ts-verification-code,2.74
4, -- ,ts-route,4301.2048,ts-order,4240.7833,ts-travel,3876.5711,ts-security,3830.3126,ts-basic,3415.5395,ts-seat,3018.8228,ts-config,2889.1916,ts-station,2510.0846,ts-price,2327.6099,ts-train,2036.3841,ts-ticketinfo,2022.4796,ts-preserve,1696.39,ts-contacts,1556.59,ts-inside-payment,1268.0167,ts-payment,1232.7243,ts-auth,1214.0361,ts-food,1187.5016,ts-food-map,1119.209,ts-rebook,848.19,ts-preserve-other,847.6667,ts-user,825.87,ts-delivery,672.0399,ts-execute,406.4375,ts-assurance,330.55,ts-notification,67.6667,ts-ui,15.18,ts-admin-order,6.118,ts-admin-travel,0.26,ts-verification-code,0.2
5, -- ,ts-route,3547.0463,ts-order,3402.1287,ts-travel,3197.2255,ts-security,2097.635,ts-ticketinfo,2066.1521,ts-seat,1882.1004,ts-basic,1698.8919,ts-station,1651.3399,ts-inside-payment,1345.4317,ts-price,1308.5348,ts-config,1250.5607,ts-food,1104.43,ts-preserve,1066.87,ts-contacts,1030.97,ts-rebook,847.74,ts-preserve-other,847.6667,ts-train,737.8651,ts-payment,551.82,ts-execute,449.308,ts-ui,397.63,ts-food-map,319.225,ts-admin-order,220.0906,ts-delivery,153.815,ts-auth,102.1463,ts-notification,67.6667,ts-user,62.82,ts-assurance,22.6467,ts-consign,1.68
6, -- ,ts-payment,3348.045,ts-inside-payment,2371.8983,ts-order,2162.3228,ts-route,1979.6254,ts-basic,1726.9294,ts-seat,1714.0711,ts-ticketinfo,1602.5509,ts-train,1470.1367,ts-travel,1284.6789,ts-price,1284.6039,ts-food,1283.4658,ts-config,1216.9752,ts-station,1145.6206,ts-execute,988.4196,ts-food-map,863.45,ts-preserve-other,848.9367,ts-rebook,847.6667,ts-consign,841.784,ts-preserve,659.5923,ts-user,579.84,ts-security,127.993,ts-admin-order,81.7779,ts-notification,69.2717,ts-assurance,62.72,ts-contacts,57.38,ts-delivery,23.4367,ts-auth,3.7267,ts-ui,2.0967
7, -- ,ts-payment,2807.9133,ts-order,2213.6817,ts-route,1857.201,ts-inside-payment,1842.6787,ts-seat,1698.645,ts-basic,1611.7884,ts-ticketinfo,1561.697,ts-travel,1390.9232,ts-price,1306.146,ts-config,1232.2907,ts-station,1230.3903,ts-train,1148.2894,ts-food,1007.4467,ts-preserve-other,852.0417,ts-rebook,851.2717,ts-food-map,755.11,ts-execute,599.0979,ts-preserve,389.325,ts-admin-order,386.3983,ts-user,323.79,ts-security,97.225,ts-notification,67.6667,ts-consign,45.88,ts-contacts,28.75,ts-assurance,12.9067,ts-delivery,10.0,ts-auth,3.7267,ts-cancel,1.18
8, -- ,ts-order,1964.2266,ts-route,1936.1518,ts-travel,1533.0328,ts-ticketinfo,1518.6555,ts-basic,1422.6893,ts-seat,1394.1941,ts-price,1299.818,ts-config,1147.7612,ts-station,1102.651,ts-food,974.05,ts-payment,869.8808,ts-preserve-other,848.4817,ts-rebook,847.6667,ts-inside-payment,762.4783,ts-train,760.929,ts-cancel,716.6025,ts-food-map,443.1515,ts-preserve,379.2828,ts-admin-order,225.6949,ts-execute,190.9179,ts-notification,67.6667,ts-user,48.93,ts-security,38.33,ts-assurance,26.0,ts-contacts,15.81,ts-auth,8.5833,ts-admin-user,7.14,ts-delivery,0.848
9, -- ,ts-cancel,3315.9575,ts-payment,2148.325,ts-seat,2060.2,ts-route,2024.2723,ts-order,1789.2751,ts-basic,1608.3278,ts-travel,1607.3095,ts-ticketinfo,1526.9084,ts-price,1245.4403,ts-config,1090.6436,ts-food,1014.7733,ts-preserve-other,848.3667,ts-rebook,847.6667,ts-station,844.4041,ts-train,722.8269,ts-food-map,404.27,ts-assurance,385.83,ts-inside-payment,368.2937,ts-preserve,212.475,ts-admin-order,179.767,ts-execute,89.8679,ts-notification,67.6667,ts-security,53.99,ts-consign,51.108,ts-user,43.29,ts-auth,3.5067,ts-delivery,0.848
10, -- ,ts-seat,1948.8407,ts-order,1938.5632,ts-route,1715.8502,ts-ticketinfo,1530.9372,ts-basic,1457.6802,ts-travel,1455.3373,ts-price,1312.462,ts-payment,1099.5825,ts-food,1091.1031,ts-config,985.7485,ts-cancel,951.6208,ts-preserve-other,849.3229,ts-rebook,847.9667,ts-station,788.0964,ts-train,716.042,ts-inside-payment,338.295,ts-assurance,269.3767,ts-preserve,229.4292,ts-contacts,113.8,ts-food-map,94.8329,ts-execute,89.5279,ts-notification,67.6667,ts-user,58.11,ts-consign,57.36,ts-security,21.68,ts-admin-order,18.326,ts-delivery,7.77,ts-auth,3.7267
11, -- ,ts-cancel,2348.3458,ts-order,1923.9769,ts-basic,1811.1109,ts-ticketinfo,1808.7479,ts-seat,1722.6041,ts-route,1395.4182,ts-price,1270.0457,ts-travel,1235.931,ts-config,863.9813,ts-preserve-other,849.2717,ts-rebook,848.5217,ts-station,657.1926,ts-train,634.7907,ts-payment,400.265,ts-inside-payment,325.425,ts-food,262.8,ts-execute,91.0479,ts-notification,70.5167,ts-admin-order,33.9668,ts-auth,33.7067,ts-preserve,18.115,ts-user,13.11,ts-contacts,11.06,ts-assurance,6.39,ts-security,1.9575,ts-consign,1.2
12, -- ,ts-route,2821.4112,ts-order,2481.2453,ts-ticketinfo,1837.5176,ts-seat,1825.9744,ts-basic,1764.6835,ts-cancel,1692.0633,ts-assurance,1570.15,ts-travel,1409.7158,ts-price,1197.4495,ts-config,985.9865,ts-preserve-other,847.7367,ts-rebook,847.6667,ts-station,599.6912,ts-train,598.379,ts-payment,336.4433,ts-inside-payment,316.0,ts-user,241.11,ts-food,174.62,ts-execute,90.1029,ts-notification,69.4967,ts-security,57.6542,ts-food-map,30.66,ts-preserve,13.67,ts-delivery,5.79,ts-contacts,3.92,ts-admin-order,2.902,ts-ui,1.745
13, -- ,ts-order,5059.6823,ts-route,3452.8648,ts-travel,2722.8362,ts-seat,1762.4823,ts-ticketinfo,1755.7133,ts-basic,1734.0416,ts-price,1711.4168,ts-config,854.9962,ts-preserve-other,847.6667,ts-rebook,847.6667,ts-cancel,847.6667,ts-train,634.4356,ts-food,626.41,ts-assurance,618.6633,ts-station,558.833,ts-food-map,447.3825,ts-inside-payment,369.6917,ts-payment,322.945,ts-preserve,222.6,ts-user,176.64,ts-execute,96.8379,ts-notification,67.9017,ts-security,52.925,ts-contacts,46.62,ts-delivery,19.9783
14, -- ,ts-order,4892.7739,ts-route,3034.3579,ts-travel,2755.389,ts-seat,1762.7768,ts-basic,1744.9011,ts-ticketinfo,1741.6281,ts-price,1635.2987,ts-assurance,1097.4533,ts-food-map,867.23,ts-cancel,866.4817,ts-rebook,848.3967,ts-preserve-other,847.6667,ts-config,699.9943,ts-station,470.1814,ts-food,400.26,ts-train,376.3624,ts-inside-payment,313.8992,ts-payment,252.4483,ts-execute,95.7279,ts-admin-order,94.5674,ts-security,75.2228,ts-notification,67.6667,ts-preserve,52.855,ts-user,49.38,ts-auth,9.2467,ts-consign,5.49,ts-delivery,4.18
15, -- ,ts-order,4083.1617,ts-route,3157.6801,ts-travel,2373.9233,ts-seat,1747.1894,ts-ticketinfo,1735.7011,ts-basic,1717.7384,ts-price,1486.9733,ts-preserve-other,848.3017,ts-rebook,847.6667,ts-cancel,847.6667,ts-food-map,845.19,ts-config,670.3199,ts-inside-payment,545.9733,ts-station,469.1164,ts-train,251.5045,ts-payment,155.1633,ts-admin-order,137.0711,ts-execute,100.6754,ts-assurance,77.7567,ts-notification,67.6667,ts-food,63.675,ts-security,59.9025,ts-user,58.86,ts-contacts,42.05,ts-preserve,24.74,ts-auth,0.8567
16, -- ,ts-order,4671.0974,ts-route,3074.6492,ts-travel,2504.4904,ts-seat,1754.6924,ts-ticketinfo,1718.9408,ts-basic,1714.3333,ts-inside-payment,1708.9025,ts-price,1456.6987,ts-food-map,910.92,ts-preserve-other,848.9567,ts-rebook,848.0367,ts-cancel,847.6667,ts-config,725.8659,ts-station,464.7868,ts-train,263.4144,ts-payment,197.17,ts-contacts,105.74,ts-execute,103.5779,ts-food,71.0,ts-notification,67.6667,ts-security,42.54,ts-ticket-office,24.49,ts-assurance,15.63,ts-preserve,15.155,ts-auth,8.8033,ts-admin-order,7.426,ts-user,4.89,ts-delivery,1.955
17, -- ,ts-order,4469.1483,ts-route,3130.3424,ts-travel,1817.2751,ts-ticketinfo,1743.4483,ts-seat,1737.3133,ts-basic,1714.8673,ts-price,1104.815,ts-rebook,855.9317,ts-preserve-other,854.8317,ts-config,729.4744,ts-inside-payment,700.0025,ts-cancel,540.3333,ts-food-map,383.13,ts-station,377.9293,ts-train,280.2115,ts-payment,174.44,ts-food,148.94,ts-execute,109.5604,ts-admin-order,104.7471,ts-notification,67.6667,ts-user,62.61,ts-assurance,53.4,ts-security,44.86,ts-ticket-office,25.34,ts-preserve,16.545,ts-auth,8.3633,ts-delivery,1.01,ts-consign,0.3
18, -- ,ts-order,4619.229,ts-route,3060.8746,ts-ticketinfo,1762.9913,ts-seat,1722.17,ts-basic,1717.5768,ts-travel,1580.4627,ts-price,918.1763,ts-preserve-other,850.68,ts-rebook,849.6067,ts-config,680.6818,ts-payment,550.8467,ts-cancel,414.3333,ts-station,364.3606,ts-inside-payment,259.9183,ts-train,207.9685,ts-food-map,147.35,ts-execute,113.1029,ts-notification,69.5567,ts-user,26.37,ts-assurance,23.64,ts-security,21.3475,ts-food,21.18,ts-preserve,7.185,ts-auth,6.3767,ts-admin-order,2.25,ts-contacts,0.68
19, -- ,ts-order,4356.0212,ts-route,3079.8067,ts-basic,1722.5033,ts-ticketinfo,1719.3393,ts-seat,1437.9185,ts-travel,1243.2892,ts-preserve-other,847.6667,ts-rebook,847.6667,ts-config,671.5962,ts-price,594.0563,ts-payment,508.39,ts-cancel,414.3333,ts-station,328.5402,ts-train,178.1898,ts-inside-payment,172.82,ts-food-map,154.88,ts-execute,95.9654,ts-notification,67.6667,ts-food,61.925,ts-security,34.4483,ts-contacts,25.84,ts-user,8.7,ts-assurance,6.96,ts-consign,5.76,ts-preserve,3.14,ts-admin-order,1.4657,ts-delivery,0.13
20, -- ,ts-order,3419.3993,ts-route,2973.795,ts-ticketinfo,1409.9675,ts-basic,1109.111,ts-travel,1017.7806,ts-seat,980.8504,ts-preserve-other,851.1117,ts-rebook,848.415,ts-config,637.1025,ts-price,415.289,ts-cancel,414.3333,ts-station,327.6667,ts-payment,214.245,ts-inside-payment,161.279,ts-assurance,141.29,ts-food-map,121.65,ts-train,121.1971,ts-execute,92.4279,ts-notification,70.1067,ts-consign,32.28,ts-food,32.1,ts-security,25.1217,ts-user,12.0,ts-contacts,8.4,ts-auth,1.74,ts-preserve,0.19
21, -- ,ts-order,3025.1451,ts-route,2628.1983,ts-ticketinfo,1284.896,ts-travel,1082.1205,ts-seat,855.0317,ts-basic,850.6862,ts-preserve-other,847.8217,ts-rebook,847.6667,ts-config,641.6799,ts-price,439.8704,ts-cancel,414.3333,ts-payment,343.415,ts-station,332.3748,ts-inside-payment,327.12,ts-train,142.2968,ts-execute,91.3029,ts-notification,67.6667,ts-food,46.36,ts-admin-order,25.4404,ts-contacts,20.79,ts-ui,15.18,ts-security,14.805,ts-user,9.4045,ts-food-map,7.9,ts-assurance,7.03,ts-auth,1.2967
22, -- ,ts-order,3066.9444,ts-route,1978.7533,ts-ticketinfo,1292.514,ts-travel,992.1579,ts-preserve-other,847.8817,ts-rebook,847.6667,ts-basic,847.6667,ts-config,632.4749,ts-seat,581.2736,ts-price,447.938,ts-station,270.1304,ts-payment,240.1917,ts-inside-payment,225.99,ts-cancel,154.47,ts-user,145.9573,ts-train,136.7521,ts-food,106.48,ts-execute,96.9854,ts-notification,67.6667,ts-ui,15.18,ts-food-map,6.458,ts-preserve,2.455,ts-auth,2.233,ts-security,2.1883,ts-contacts,1.41
23, -- ,ts-order,3038.4646,ts-route,1743.9267,ts-preserve-other,847.9967,ts-basic,847.7917,ts-rebook,847.6667,ts-ticketinfo,704.3837,ts-config,639.0566,ts-travel,595.135,ts-seat,479.312,ts-price,421.9693,ts-station,241.0,ts-food,208.9,ts-train,168.8633,ts-payment,153.76,ts-inside-payment,151.835,ts-assurance,115.38,ts-execute,89.0179,ts-notification,68.4267,ts-preserve,38.01,ts-contacts,19.86,ts-security,12.2662,ts-user,10.11,ts-admin-order,8.7171,ts-auth,5.924,ts-verification-code,2.58,ts-food-map,1.26,ts-admin-travel,0.7812,ts-cancel,0.13,ts-admin-route,0.01
24, -- ,ts-order,2713.65,ts-route,1407.0,ts-preserve-other,847.6667,ts-rebook,847.6667,ts-config,633.9795,ts-basic,540.3333,ts-travel,495.7686,ts-seat,428.86,ts-ticketinfo,414.3333,ts-station,244.0433,ts-price,176.85,ts-inside-payment,151.9625,ts-execute,111.0029,ts-train,91.5064,ts-payment,70.1275,ts-notification,67.6667,ts-admin-order,14.4032,ts-admin-user,10.3179,ts-auth,3.5067,ts-admin-travel,1.3025,ts-security,1.0308,ts-contacts,0.23,ts-consign,0.1543
25, -- ,ts-order,1738.4386,ts-route,975.0367,ts-preserve-other,848.9817,ts-rebook,847.8117,ts-config,649.687,ts-travel,548.5836,ts-seat,417.455,ts-ticketinfo,414.3333,ts-basic,414.3333,ts-station,241.47,ts-inside-payment,225.3008,ts-price,155.6503,ts-train,107.754,ts-execute,89.0179,ts-notification,67.6667,ts-admin-order,60.5211,ts-security,36.7833,ts-payment,12.1325,ts-user,6.0,ts-auth,2.6233,ts-verification-code,2.58,ts-delivery,1.99
26, -- ,ts-order,1295.72,ts-preserve-other,847.9467,ts-rebook,847.6667,ts-route,847.6667,ts-travel,702.4921,ts-config,631.0,ts-seat,490.6413,ts-ticketinfo,431.5613,ts-basic,414.3333,ts-station,241.0,ts-train,215.5362,ts-inside-payment,175.6992,ts-food,114.95,ts-execute,89.7754,ts-price,82.3223,ts-notification,67.6667,ts-preserve,42.46,ts-payment,11.15,ts-security,5.4017,ts-consign,3.99,ts-verification-code,2.58,ts-delivery,2.52,ts-assurance,0.84,ts-food-map,0.11
27, -- ,ts-order,1316.5075,ts-route,864.2771,ts-preserve-other,847.6667,ts-rebook,847.6667,ts-config,687.3793,ts-travel,599.136,ts-food,545.74,ts-seat,454.7275,ts-ticketinfo,431.2453,ts-basic,430.6213,ts-price,241.8737,ts-inside-payment,195.0675,ts-station,179.9954,ts-execute,138.1879,ts-train,91.6407,ts-user,88.185,ts-notification,67.6667,ts-security,66.8847,ts-payment,44.585,ts-preserve,30.9,ts-cancel,15.48,ts-contacts,6.7,ts-food-map,3.72,ts-delivery,2.77,ts-admin-order,1.268
28, -- ,ts-route,849.3583,ts-rebook,848.7967,ts-preserve-other,848.7567,ts-order,746.3077,ts-config,645.0595,ts-basic,534.7697,ts-travel,458.4047,ts-ticketinfo,420.5759,ts-seat,419.8148,ts-food,270.86,ts-station,154.3333,ts-inside-payment,153.3025,ts-execute,101.4279,ts-train,89.5533,ts-price,74.0493,ts-notification,67.6667,ts-security,22.0117,ts-user,12.81,ts-payment,10.33,ts-consign,8.52,ts-contacts,6.27,ts-assurance,4.08,ts-auth,3.7267,ts-delivery,3.64,ts-preserve,1.31,ts-food-map,0.69
29, -- ,ts-preserve-other,848.3567,ts-rebook,847.6667,ts-config,634.7132,ts-route,543.5133,ts-basic,516.9276,ts-order,461.0989,ts-travel,449.2169,ts-seat,418.475,ts-ticketinfo,415.0533,ts-inside-payment,228.135,ts-station,216.8224,ts-train,108.4487,ts-execute,93.1129,ts-price,80.541,ts-notification,67.6667,ts-consign,48.57,ts-food,46.76,ts-security,39.635,ts-assurance,11.16,ts-payment,5.19,ts-auth,4.83,ts-preserve,2.385,ts-user,0.72,ts-contacts,0.631,ts-food-map,0.6
30, -- ,ts-preserve-other,848.6917,ts-rebook,847.6667,ts-config,631.0,ts-travel,510.1728,ts-order,464.9683,ts-route,458.6333,ts-seat,431.89,ts-ticketinfo,414.3333,ts-basic,414.3333,ts-inside-payment,346.2217,ts-station,199.5372,ts-train,127.9394,ts-execute,100.2079,ts-notification,67.6667,ts-user,44.22,ts-food,43.152,ts-payment,36.9775,ts-cancel,24.9131,ts-price,15.418,ts-assurance,11.1,ts-security,7.845,ts-preserve,7.82,ts-contacts,7.011,ts-food-map,4.2129,ts-delivery,4.2
31, -- ,ts-preserve-other,847.7267,ts-rebook,847.6667,ts-travel,738.0063,ts-config,631.0,ts-order,518.7064,ts-seat,424.83,ts-route,415.3033,ts-ticketinfo,414.3333,ts-basic,414.3333,ts-station,297.5687,ts-inside-payment,170.175,ts-train,106.4326,ts-execute,103.0679,ts-notification,68.0067,ts-food,33.62,ts-user,31.33,ts-payment,30.63,ts-auth,9.6867,ts-security,5.265,ts-preserve,3.565,ts-assurance,1.26,ts-food-map,0.87,ts-price,0.8333,ts-contacts,0.01
32, -- ,ts-preserve-other,847.9467,ts-rebook,847.6667,ts-config,631.445,ts-order,455.9526,ts-seat,418.81,ts-ticketinfo,414.3333,ts-route,414.3333,ts-basic,414.3333,ts-station,193.4852,ts-inside-payment,188.785,ts-travel,149.7833,ts-execute,100.5379,ts-train,90.2515,ts-notification,71.6314,ts-food,51.04,ts-contacts,33.66,ts-payment,32.0,ts-auth,13.4057,ts-assurance,9.5367,ts-admin-order,9.0546,ts-delivery,6.12,ts-security,6.035,ts-preserve,5.71,ts-food-map,4.46,ts-price,1.566,ts-user,0.19
33, -- ,ts-rebook,857.7767,ts-preserve-other,850.8817,ts-config,650.2416,ts-user,583.5,ts-order,453.0151,ts-route,425.61,ts-seat,421.1245,ts-basic,414.3333,ts-station,173.0777,ts-inside-payment,154.0075,ts-execute,93.3579,ts-train,91.145,ts-notification,73.4402,ts-travel,59.5207,ts-ticketinfo,40.126,ts-price,33.6233,ts-security,32.255,ts-payment,21.55,ts-food,16.3,ts-food-map,3.65,ts-admin-order,2.8188,ts-delivery,1.44,ts-assurance,1.0467
34, -- ,ts-config,1235.2571,ts-preserve,891.195,ts-preserve-other,852.5567,ts-rebook,847.6667,ts-seat,707.9567,ts-order,679.3504,ts-train,616.9608,ts-route,577.7283,ts-station,408.1727,ts-user,305.01,ts-inside-payment,177.9175,ts-ticketinfo,161.556,ts-basic,126.0,ts-execute,91.8179,ts-travel,89.9872,ts-notification,67.6667,ts-price,61.3307,ts-food-map,13.9386,ts-admin-order,6.9002,ts-consign,6.22,ts-security,2.605,ts-payment,2.36,ts-food,1.25
35, -- ,ts-config,1429.2809,ts-preserve,863.485,ts-preserve-other,849.3017,ts-rebook,847.6667,ts-seat,777.5026,ts-order,757.9621,ts-route,644.1581,ts-train,641.318,ts-station,452.902,ts-price,226.95,ts-travel,176.2449,ts-inside-payment,149.47,ts-food,90.88,ts-execute,89.5579,ts-security,84.7,ts-notification,67.6667,ts-auth,52.9142,ts-payment,42.735,ts-user,17.88,ts-consign,13.638,ts-ticketinfo,0.88,ts-contacts,0.6,ts-food-map,0.55,ts-ui,0.325
36, -- ,ts-rebook,848.4717,ts-preserve-other,847.6667,ts-config,801.7228,ts-order,495.08,ts-route,461.6088,ts-seat,440.062,ts-station,353.3891,ts-train,208.9442,ts-inside-payment,174.7925,ts-travel,159.1164,ts-execute,103.7554,ts-notification,67.6667,ts-price,63.9797,ts-security,47.485,ts-assurance,25.938,ts-payment,11.21,ts-preserve,11.075,ts-contacts,6.18,ts-user,2.82,ts-consign,1.4,ts-basic,0.3067
37, -- ,ts-preserve-other,847.7967,ts-rebook,847.7667,ts-config,639.3613,ts-order,486.5496,ts-seat,433.6602,ts-route,417.7269,ts-inside-payment,232.7325,ts-station,201.4151,ts-train,159.2114,ts-payment,94.38,ts-execute,94.2579,ts-food,75.94,ts-notification,74.3667,ts-travel,64.2629,ts-user,40.26,ts-security,21.67,ts-contacts,7.129,ts-auth,3.7267,ts-price,3.37,ts-verification-code,3.09,ts-ticketinfo,2.15,ts-consign,1.3333,ts-cancel,0.6,ts-preserve,0.5
38, -- ,ts-order,1058.6183,ts-preserve-other,849.1817,ts-rebook,847.6667,ts-config,643.7032,ts-seat,472.2921,ts-route,432.2333,ts-station,253.2989,ts-travel,202.7804,ts-train,162.9244,ts-execute,89.0179,ts-security,72.45,ts-notification,69.0167,ts-price,59.3842,ts-admin-order,29.5987,ts-food,28.23,ts-inside-payment,21.4,ts-ticketinfo,5.166,ts-basic,3.4277,ts-auth,3.2833,ts-contacts,2.119,ts-payment,1.7,ts-assurance,1.1533,ts-preserve,0.29,ts-food-map,0.27
39, -- ,ts-order,1333.3312,ts-preserve-other,851.8667,ts-rebook,851.7867,ts-config,677.9607,ts-seat,449.4535,ts-route,438.7924,ts-train,173.3415,ts-station,171.0777,ts-execute,89.2304,ts-price,69.2157,ts-notification,67.6667,ts-payment,65.66,ts-inside-payment,44.4807,ts-admin-order,37.9114,ts-travel,34.2482,ts-security,17.565,ts-food,17.06,ts-assurance,10.44,ts-cancel,8.3715,ts-consign,6.24,ts-basic,3.886,ts-preserve,1.69,ts-contacts,1.5
40, -- ,ts-order,1174.1004,ts-preserve-other,852.3867,ts-rebook,849.8167,ts-config,762.8049,ts-route,511.9033,ts-seat,417.2617,ts-train,215.0012,ts-station,190.424,ts-payment,107.095,ts-execute,91.2004,ts-notification,69.7767,ts-travel,50.8325,ts-user,43.31,ts-food,39.64,ts-inside-payment,32.9833,ts-contacts,27.3,ts-food-map,15.55,ts-delivery,13.88,ts-security,13.11,ts-ticketinfo,6.434,ts-price,2.22,ts-assurance,1.05,ts-admin-order,0.832,ts-preserve,0.6
41, -- ,ts-order,2454.4687,ts-rebook,848.6317,ts-preserve-other,847.7867,ts-config,657.694,ts-seat,418.435,ts-route,414.3333,ts-station,281.7232,ts-train,94.9315,ts-execute,89.0179,ts-contacts,88.55,ts-notification,67.6667,ts-travel,65.945,ts-security,65.065,ts-food,58.1,ts-assurance,55.0533,ts-inside-payment,38.5983,ts-admin-order,23.0272,ts-food-map,20.0529,ts-consign,11.49,ts-user,9.84,ts-ticketinfo,9.61,ts-payment,7.975,ts-preserve,3.86,ts-delivery,2.48
42, -- ,ts-order,1879.7262,ts-preserve-other,847.6667,ts-rebook,847.6667,ts-config,637.1632,ts-seat,472.6798,ts-route,414.3333,ts-station,191.3793,ts-train,90.6993,ts-execute,89.5679,ts-contacts,72.17,ts-notification,70.0017,ts-travel,38.8795,ts-user,30.12,ts-price,24.737,ts-admin-order,19.1899,ts-food,19.16,ts-assurance,12.75,ts-food-map,7.964,ts-inside-payment,7.6933,ts-payment,6.965,ts-delivery,5.06,ts-security,0.9175,ts-preserve,0.335
43, -- ,ts-order,2165.5051,ts-preserve-other,850.0867,ts-rebook,848.4517,ts-payment,676.92,ts-config,632.9529,ts-seat,470.7183,ts-route,416.0333,ts-travel,176.6385,ts-train,163.4735,ts-station,161.4792,ts-auth,118.4573,ts-security,90.06,ts-execute,89.0179,ts-notification,68.46,ts-price,26.8757,ts-inside-payment,9.1283,ts-user,5.64,ts-ticketinfo,3.896,ts-preserve,1.3,ts-basic,1.092,ts-delivery,0.425
44, -- ,ts-order,1843.3581,ts-preserve-other,850.4667,ts-rebook,847.6667,ts-config,631.0236,ts-route,425.0508,ts-seat,418.18,ts-payment,304.085,ts-station,154.3333,ts-execute,91.7404,ts-train,90.2108,ts-notification,67.7017,ts-travel,39.1718,ts-price,29.275,ts-auth,14.6319,ts-cancel,13.65,ts-consign,12.76,ts-ticketinfo,6.276,ts-inside-payment,5.2925,ts-user,0.65,ts-basic,0.198
45, -- ,ts-order,1729.2221,ts-preserve-other,848.3067,ts-rebook,847.6667,ts-config,673.1226,ts-seat,423.129,ts-station,163.3258,ts-travel,149.7624,ts-route,126.3133,ts-execute,90.8679,ts-train,89.5183,ts-notification,67.6667,ts-payment,60.985,ts-security,23.06,ts-inside-payment,15.3858,ts-admin-order,5.0743,ts-food,2.52,ts-assurance,2.46,ts-ticketinfo,0.88
46, -- ,ts-order,1722.9908,ts-preserve-other,847.6667,ts-rebook,847.6667,ts-config,640.8908,ts-seat,423.8445,ts-station,191.8702,ts-train,190.4944,ts-travel,96.7558,ts-route,95.4063,ts-execute,89.0179,ts-price,75.6203,ts-notification,68.0167,ts-payment,43.485,ts-security,38.19,ts-verification-code,11.045,ts-auth,8.4403,ts-consign,7.44,ts-contacts,0.3,ts-assurance,0.0867
47, -- ,ts-order,1720.8308,ts-preserve-other,848.31,ts-rebook,847.6667,ts-config,633.1474,ts-seat,419.8367,ts-station,166.734,ts-travel,110.9155,ts-train,103.0358,ts-execute,92.2854,ts-food,88.94,ts-user,79.236,ts-price,69.307,ts-notification,67.6667,ts-assurance,26.5433,ts-inside-payment,16.3608,ts-security,4.83,ts-verification-code,3.85,ts-food-map,1.43,ts-route,1.0867,ts-payment,0.49
48, -- ,ts-order,1780.0348,ts-preserve-other,847.8467,ts-rebook,847.6667,ts-config,631.0,ts-route,487.6633,ts-user,460.01,ts-station,175.3498,ts-seat,173.8345,ts-train,149.7363,ts-price,99.0,ts-execute,97.2645,ts-notification,67.6667,ts-travel,35.2454,ts-payment,34.8,ts-assurance,21.72,ts-inside-payment,17.2,ts-delivery,8.435,ts-security,6.715,ts-basic,1.4067,ts-contacts,1.33,ts-consign,1.128,ts-food-map,0.2,ts-preserve,0.08
49, -- ,ts-order,2033.9746,ts-rebook,849.6067,ts-preserve-other,847.8517,ts-config,635.312,ts-travel,363.2286,ts-user,215.73,ts-station,193.0246,ts-route,168.4767,ts-train,129.6528,ts-execute,91.1954,ts-food,83.5,ts-notification,67.7417,ts-payment,65.425,ts-consign,49.38,ts-security,39.04,ts-seat,32.6627,ts-assurance,13.77,ts-price,6.495,ts-delivery,6.1,ts-inside-payment,4.5483,ts-food-map,3.84,ts-contacts,0.9,ts-preserve,0.095
50, -- ,ts-order,1115.2675,ts-preserve-other,851.2067,ts-rebook,847.6667,ts-config,656.7862,ts-station,163.3512,ts-train,89.3333,ts-execute,89.0179,ts-notification,67.6667,ts-food,32.42,ts-travel,21.3643,ts-admin-order,17.6061,ts-seat,13.2333,ts-payment,10.135,ts-inside-payment,5.7802,ts-basic,1.986,ts-security,1.225,ts-consign,0.28
51, -- ,ts-order,962.8413,ts-preserve-other,847.6667,ts-rebook,847.6667,ts-config,647.1163,ts-station,158.7904,ts-train,114.6238,ts-execute,89.0179,ts-notification,67.6667,ts-contacts,60.606,ts-travel,58.972,ts-seat,39.4562,ts-inside-payment,27.7952,ts-admin-order,17.3196,ts-price,13.06,ts-assurance,11.97,ts-security,11.715,ts-food,11.18,ts-payment,10.0375,ts-route,9.6467,ts-consign,4.71,ts-delivery,3.46,ts-basic,1.986,ts-ticketinfo,0.72
52, -- ,ts-order,929.3488,ts-rebook,848.3367,ts-preserve-other,848.0317,ts-config,631.815,ts-travel,247.6658,ts-station,157.2504,ts-execute,90.9754,ts-train,89.6653,ts-admin-order,69.5521,ts-notification,67.6667,ts-food-map,52.22,ts-inside-payment,36.1258,ts-price,26.92,ts-consign,9.57,ts-payment,6.14,ts-delivery,3.85,ts-contacts,2.486,ts-preserve,1.425,ts-security,1.36,ts-seat,1.2117,ts-ticketinfo,0.404
53, -- ,ts-order,864.2067,ts-preserve-other,847.6667,ts-rebook,847.6667,ts-ticketinfo,649.926,ts-config,632.0736,ts-seat,286.5417,ts-station,154.46,ts-travel,152.251,ts-train,105.2137,ts-execute,90.1804,ts-notification,67.6667,ts-security,42.6,ts-food-map,33.64,ts-price,27.4633,ts-payment,20.65,ts-food,19.18,ts-assurance,13.3833,ts-inside-payment,10.195,ts-admin-order,3.502,ts-preserve,1.33,ts-admin-route,0.62,ts-basic,0.0275
54, -- ,ts-order,1446.1233,ts-preserve-other,848.6467,ts-rebook,847.6667,ts-ticketinfo,653.736,ts-config,635.9395,ts-seat,280.1144,ts-travel,234.8056,ts-station,154.8796,ts-user,117.58,ts-train,95.6929,ts-execute,89.0179,ts-notification,69.3317,ts-price,60.27,ts-admin-order,58.4463,ts-consign,41.01,ts-assurance,26.21,ts-route,16.851,ts-food,12.42,ts-auth,3.9408,ts-inside-payment,2.9042,ts-security,2.845,ts-payment,0.39
55, -- ,ts-preserve-other,848.3717,ts-rebook,847.6667,ts-config,631.0,ts-station,155.9667,ts-order,142.435,ts-train,126.5853,ts-route,119.9,ts-travel,94.0311,ts-execute,89.0179,ts-notification,67.6667,ts-seat,26.8432,ts-preserve,14.62,ts-delivery,4.05,ts-assurance,1.9029,ts-user,1.24,ts-contacts,1.12,ts-security,0.36
56, -- ,ts-preserve-other,847.6667,ts-rebook,847.6667,ts-config,633.6025,ts-station,155.0133,ts-execute,128.8878,ts-train,98.6515,ts-notification,67.8017,ts-travel,30.412,ts-contacts,29.64,ts-order,26.3986,ts-preserve,16.31,ts-admin-order,13.9875,ts-inside-payment,11.4622,ts-seat,10.6607,ts-consign,4.8667,ts-cancel,4.44,ts-delivery,2.594,ts-security,1.735,ts-food,1.22
57, -- ,ts-preserve-other,848.7617,ts-rebook,848.7283,ts-config,638.3825,ts-travel,224.114,ts-station,154.3333,ts-train,98.8385,ts-execute,91.0854,ts-notification,67.6667,ts-seat,43.3797,ts-price,42.8617,ts-route,22.92,ts-food,16.41,ts-delivery,13.979,ts-security,10.08,ts-contacts,7.44,ts-food-map,5.55,ts-order,5.4525,ts-consign,4.8667,ts-basic,2.656,ts-inside-payment,2.355,ts-ticketinfo,1.674,ts-cancel,0.45,ts-admin-order,0.39,ts-preserve,0.305,ts-payment,0.17
58, -- ,ts-contacts,886.76,ts-preserve-other,847.9317,ts-rebook,847.6667,ts-config,632.185,ts-station,154.3333,ts-train,112.7757,ts-execute,91.4129,ts-notification,67.6667,ts-preserve,45.555,ts-price,44.4933,ts-auth,36.4642,ts-food,35.78,ts-inside-payment,30.455,ts-order,24.6339,ts-travel,14.4275,ts-payment,9.8025,ts-consign,7.53,ts-food-map,5.77,ts-delivery,5.22,ts-basic,2.434,ts-seat,2.3364,ts-ticketinfo,1.832,ts-user,0.03
59, -- ,ts-preserve-other,847.6667,ts-rebook,847.6667,ts-config,631.2294,ts-contacts,301.48,ts-assurance,300.1233,ts-station,154.3333,ts-payment,100.93,ts-train,100.557,ts-execute,89.0179,ts-notification,70.3667,ts-preserve,52.08,ts-food,43.36,ts-seat,39.5484,ts-consign,35.16,ts-order,26.095,ts-food-map,19.7543,ts-travel,18.787,ts-auth,16.45,ts-inside-payment,15.4987,ts-security,14.915,ts-cancel,5.04,ts-delivery,4.99,ts-ticketinfo,3.26,ts-basic,2.768,ts-admin-order,0.71
60, -- ,ts-rebook,849.2617,ts-preserve-other,847.6667,ts-config,631.445,ts-assurance,170.9967,ts-station,154.3333,ts-execute,92.8879,ts-train,89.3333,ts-order,79.5529,ts-notification,67.6667,ts-admin-user,33.48,ts-food,32.06,ts-travel,27.4961,ts-user,14.49,ts-contacts,11.37,ts-preserve,8.925,ts-seat,7.7687,ts-inside-payment,4.7262,ts-payment,2.85,ts-delivery,1.52,ts-ticketinfo,1.038,ts-food-map,0.33
61, -- ,ts-preserve-other,851.0667,ts-rebook,847.7967,ts-config,633.5347,ts-station,165.0492,ts-route,110.5042,ts-train,89.3333,ts-execute,89.0179,ts-auth,85.8467,ts-user,80.13,ts-seat,76.3771,ts-notification,67.6667,ts-preserve,53.19,ts-price,41.5927,ts-travel,29.3836,ts-assurance,14.82,ts-admin-order,12.9021,ts-inside-payment,9.205,ts-payment,8.83,ts-food,6.5,ts-order,6.3975,ts-cancel,5.88,ts-delivery,1.01
62, -- ,ts-preserve-other,847.6667,ts-rebook,847.6667,ts-config,631.0,ts-station,154.3333,ts-consign,133.41,ts-train,89.3333,ts-execute,89.0179,ts-auth,85.1833,ts-seat,78.1301,ts-notification,67.6667,ts-travel,55.8638,ts-order,45.3625,ts-ticketinfo,45.0,ts-security,37.655,ts-price,35.2533,ts-contacts,20.28,ts-cancel,8.4,ts-food,7.15,ts-admin-order,2.1827,ts-preserve,1.7,ts-verification-code,1.54,ts-assurance,1.26,ts-inside-payment,1.135,ts-delivery,1.11
63, -- ,ts-rebook,848.9667,ts-preserve-other,847.6667,ts-assurance,801.86,ts-config,631.0,ts-station,154.3333,ts-execute,90.6479,ts-train,89.8678,ts-notification,67.6667,ts-cancel,7.845,ts-travel,7.265,ts-order,3.4475,ts-seat,1.625,ts-ticketinfo,0.88
64, -- ,ts-preserve-other,849.4767,ts-rebook,847.6667,ts-config,631.815,ts-assurance,607.03,ts-admin-order,156.742,ts-station,154.3333,ts-train,136.737,ts-execute,89.0179,ts-seat,83.828,ts-notification,68.3617,ts-ui,24.27,ts-order,20.4867,ts-travel,18.795,ts-food,16.74,ts-user,6.27,ts-ticketinfo,4.054,ts-payment,1.725,ts-route,1.23,ts-delivery,0.325
65, -- ,ts-preserve-other,848.0667,ts-rebook,847.6667,ts-config,632.555,ts-station,154.3333,ts-train,105.3952,ts-contacts,99.95,ts-execute,89.0179,ts-notification,67.6667,ts-travel,62.6161,ts-user,55.51,ts-seat,31.9802,ts-ui,15.18,ts-admin-basic-info,14.9025,ts-payment,14.69,ts-admin-order,14.402,ts-order,9.8343,ts-inside-payment,8.975,ts-admin-travel,8.2225,ts-preserve,8.125,ts-consign,4.59,ts-assurance,2.82,ts-verification-code,2.07,ts-admin-route,1.0912,ts-route,0.9033,ts-security,0.79,ts-basic,0.198,ts-ticketinfo,0.086
66, -- ,ts-preserve-other,847.6667,ts-rebook,847.6667,ts-config,631.2036,ts-station,154.3333,ts-train,102.7633,ts-execute,89.0179,ts-notification,67.6667,ts-user,24.27,ts-payment,21.0867,ts-admin-basic-info,12.9812,ts-inside-payment,12.1875,ts-travel,10.2147,ts-contacts,8.47,ts-ui,6.09,ts-seat,2.7514,ts-ticketinfo,2.626,ts-preserve,2.51,ts-admin-travel,2.3437,ts-admin-route,1.2112,ts-basic,0.646,ts-order,0.6275
67, -- ,ts-preserve-other,848.4617,ts-rebook,847.6667,ts-config,637.0514,ts-station,154.3333,ts-train,90.8876,ts-execute,89.0179,ts-seat,80.3676,ts-notification,67.6667,ts-price,39.0583,ts-travel,31.9714,ts-order,31.0817,ts-route,29.2399,ts-verification-code,20.335,ts-food-map,0.77
68, -- ,ts-preserve-other,848.0017,ts-rebook,847.6667,ts-config,632.7362,ts-station,156.3337,ts-train,89.3333,ts-execute,89.0179,ts-travel,73.3904,ts-notification,72.4067,ts-consign,65.46,ts-payment,47.7835,ts-price,36.5217,ts-food,6.5,ts-route,5.929,ts-seat,3.8883,ts-verification-code,1.31,ts-ticketinfo,0.88
69, -- ,ts-preserve-other,848.4517,ts-rebook,847.6667,ts-config,631.0,ts-station,155.0153,ts-train,89.3333,ts-execute,89.0179,ts-notification,67.6667,ts-contacts,41.82,ts-inside-payment,27.0767,ts-admin-order,22.4781,ts-order,19.7933,ts-delivery,16.07,ts-security,15.455,ts-travel,9.8667,ts-seat,5.6826,ts-route,1.325,ts-food-map,0.69,ts-payment,0.49,ts-price,0.4717
70, -- ,ts-preserve-other,848.0267,ts-rebook,847.6667,ts-config,638.6037,ts-execute,144.3821,ts-station,125.205,ts-train,79.4825,ts-notification,67.6667,ts-order,50.2257,ts-travel,40.9807,ts-admin-order,39.9696,ts-security,39.525,ts-contacts,38.32,ts-cancel,29.84,ts-assurance,2.64,ts-seat,1.8283,ts-inside-payment,1.6517,ts-payment,0.43
71, -- ,ts-config,2061.4303,ts-train,1698.005,ts-station,1235.6233,ts-execute,1156.6871,ts-preserve-other,852.0467,ts-rebook,848.4083,ts-travel,71.1318,ts-notification,67.6667,ts-preserve,21.94,ts-basic,9.808,ts-assurance,4.8448,ts-consign,4.74,ts-contacts,3.405,ts-ui,2.9733,ts-order,1.96,ts-security,1.61,ts-ticketinfo,1.038,ts-seat,0.9637,ts-inside-payment,0.105,ts-cancel,0.02
72, -- ,ts-config,1280.5209,ts-train,1006.1777,ts-preserve-other,847.6667,ts-rebook,847.6667,ts-station,700.8685,ts-route,374.3375,ts-execute,356.6379,ts-travel,164.5458,ts-user,70.41,ts-contacts,67.67,ts-notification,67.6667,ts-price,53.7853,ts-preserve,27.44,ts-order,13.3396,ts-ui,11.5666,ts-basic,9.472,ts-assurance,8.3067,ts-seat,2.9193,ts-security,1.1275
73, -- ,ts-preserve-other,847.6667,ts-rebook,847.6667,ts-config,649.4483,ts-basic,287.014,ts-station,180.8614,ts-train,171.671,ts-travel,100.3843,ts-execute,90.0779,ts-notification,68.9466,ts-order,39.0,ts-ui,15.18,ts-route,11.03,ts-ticketinfo,9.2737,ts-security,7.5268,ts-price,3.3233,ts-contacts,3.13,ts-seat,0.75,ts-food,0.456
74, -- ,ts-preserve-other,847.9467,ts-rebook,847.6667,ts-config,631.0,ts-basic,287.684,ts-station,154.3333,ts-train,103.8911,ts-travel,101.573,ts-execute,89.0179,ts-notification,67.6667,ts-admin-user,16.5,ts-ui,15.18,ts-security,7.595,ts-auth,4.739,ts-ticketinfo,2.466,ts-consign,1.44,ts-inside-payment,0.3625,ts-route,0.08
75, -- ,ts-preserve-other,847.7667,ts-rebook,847.6667,ts-config,631.0,ts-station,155.4933,ts-train,105.0217,ts-execute,89.0179,ts-notification,67.8267,ts-delivery,58.87,ts-security,10.125,ts-contacts,8.34,ts-auth,5.4023,ts-order,2.2467,ts-ui,0.15,ts-route,0.08,ts-inside-payment,0.0425
76, -- ,ts-rebook,848.7567,ts-preserve-other,847.6667,ts-config,631.0,ts-station,163.2283,ts-travel,114.5112,ts-train,114.0126,ts-execute,90.6479,ts-notification,67.6667,ts-user,17.13,ts-ui,15.051,ts-cancel,11.13,ts-inside-payment,8.01,ts-order,5.1583,ts-delivery,2.87,ts-payment,0.7,ts-route,0.335,ts-consign,0.18
77, -- ,ts-preserve-other,847.6667,ts-rebook,847.6667,ts-config,637.7158,ts-station,176.0646,ts-train,153.5842,ts-travel,119.2703,ts-execute,89.0179,ts-notification,69.0717,ts-ui,14.0523,ts-inside-payment,9.2325,ts-ticketinfo,0.88,ts-security,0.33,ts-user,0.3182,ts-route,0.12
78, -- ,ts-preserve-other,848.5567,ts-rebook,847.6667,ts-config,631.0,ts-station,156.4367,ts-travel,101.6322,ts-train,92.3667,ts-execute,89.0179,ts-notification,67.6667,ts-security,15.565,ts-ui,10.11,ts-seat,6.2777,ts-ticketinfo,1.038,ts-admin-order,0.614,ts-user,0.3182,ts-preserve,0.3067,ts-route,0.12
79, -- ,ts-rebook,847.6717,ts-preserve-other,847.6667,ts-config,631.0,ts-station,154.3333,ts-train,118.7076,ts-execute,89.0179,ts-ui,67.8813,ts-notification,67.6667,ts-price,41.595,ts-consign,8.79,ts-travel,8.1429,ts-ticketinfo,4.016,ts-admin-order,1.378,ts-seat,0.3983,ts-news,0.333,ts-route,0.12
80, -- ,ts-rebook,848.0467,ts-preserve-other,847.6667,ts-config,633.3009,ts-contacts,236.05,ts-station,154.3333,ts-train,89.3333,ts-execute,89.0179,ts-notification,67.8917,ts-auth,49.599,ts-price,41.775,ts-ui,15.18,ts-order,9.8833,ts-travel,8.5903,ts-preserve,6.205,ts-seat,1.5,ts-route,0.515,ts-news,0.333
81, -- ,ts-preserve-other,848.2967,ts-rebook,847.6667,ts-config,631.0,ts-order,252.47,ts-station,154.3333,ts-train,117.3845,ts-execute,89.0179,ts-contacts,86.17,ts-notification,67.6667,ts-auth,49.6433,ts-security,20.8553,ts-inside-payment,19.9925,ts-travel,11.4095,ts-ticketinfo,5.958,ts-seat,5.7987,ts-route,0.08,ts-admin-route,0.01
82, -- ,ts-preserve-other,858.2467,ts-rebook,855.5067,ts-config,644.8843,ts-train,162.7105,ts-station,154.3333,ts-execute,91.0854,ts-notification,69.2933,ts-preserve,59.595,ts-travel,32.6372,ts-ui,15.18,ts-consign,11.04,ts-security,5.8667,ts-seat,0.8533,ts-admin-order,0.45,ts-route,0.08,ts-contacts,0.01
83, -- ,ts-preserve-other,847.7217,ts-rebook,847.6667,ts-config,631.0,ts-station,154.3333,ts-execute,95.1754,ts-train,89.3333,ts-travel,72.15,ts-notification,69.6217,ts-admin-order,23.774,ts-user,7.5373,ts-preserve,3.96,ts-order,0.36,ts-route,0.28,ts-inside-payment,0.1533
84, -- ,ts-preserve-other,847.6667,ts-rebook,847.6667,ts-config,631.0,ts-inside-payment,246.5973,ts-order,183.2943,ts-station,154.3333,ts-route,106.44,ts-execute,93.5454,ts-train,89.3333,ts-notification,67.6667,ts-travel,29.04,ts-admin-order,20.5211,ts-auth,13.307,ts-user,9.2755,ts-ticketinfo,5.958
85, -- ,ts-rebook,847.9967,ts-preserve-other,847.6667,ts-config,633.1443,ts-station,154.3333,ts-preserve,102.0,ts-train,89.3333,ts-execute,89.0179,ts-notification,67.6667,ts-order,64.36,ts-travel,6.5887,ts-ui,5.9946,ts-ticketinfo,5.006,ts-admin-order,4.3789,ts-inside-payment,2.6125,ts-consign,1.1386,ts-route,0.4633
86, -- ,ts-preserve-other,847.6667,ts-rebook,847.6667,ts-config,636.0587,ts-station,154.3333,ts-train,89.3333,ts-execute,89.0179,ts-notification,67.6667,ts-admin-route,16.41,ts-consign,1.1386,ts-route,0.4,ts-contacts,0.23
87, -- ,ts-preserve-other,847.6667,ts-rebook,847.6667,ts-config,688.3111,ts-station,154.3333,ts-train,89.3333,ts-execute,89.0179,ts-notification,67.6667,ts-ui,42.45,ts-admin-order,19.1968,ts-route,10.5833,ts-travel,9.665,ts-price,3.84,ts-security,2.1592
88, -- ,ts-preserve-other,848.0317,ts-rebook,847.7817,ts-config,631.1873,ts-station,154.3333,ts-train,89.3333,ts-execute,89.0179,ts-notification,67.6667,ts-ui,42.45,ts-preserve,25.83,ts-route,10.0967,ts-travel,9.55,ts-admin-basic-info,1.9225,ts-security,1.8525,ts-basic,1.204,ts-admin-order,0.996
89, -- ,ts-preserve-other,848.3217,ts-rebook,847.9067,ts-config,631.0,ts-station,154.3333,ts-train,97.2889,ts-execute,91.6116,ts-notification,67.6667,ts-travel,27.3633,ts-payment,21.79,ts-security,5.7567,ts-assurance,3.42,ts-route,1.68,ts-inside-payment,1.5,ts-auth,1.2967,ts-seat,0.224
90, -- ,ts-preserve-other,848.7017,ts-rebook,847.9767,ts-config,639.0205,ts-station,154.3333,ts-contacts,139.84,ts-train,89.3333,ts-execute,89.2679,ts-notification,75.44,ts-travel,49.68,ts-inside-payment,7.4975,ts-food,6.45,ts-ticketinfo,4.688,ts-news,2.89,ts-auth,1.96,ts-route,1.72,ts-admin-order,0.778,ts-security,0.6967,ts-payment,0.185
91, -- ,ts-preserve-other,847.6667,ts-rebook,847.6667,ts-config,631.0,ts-station,154.3333,ts-assurance,110.2067,ts-train,89.9878,ts-execute,89.0179,ts-notification,67.6667,ts-payment,51.87,ts-inside-payment,51.4933,ts-security,24.215,ts-cancel,20.1767,ts-seat,7.7473,ts-food,7.68,ts-route,4.5867,ts-contacts,4.24,ts-ticketinfo,3.896,ts-food-map,1.26
92, -- ,ts-preserve-other,847.9567,ts-rebook,847.6667,ts-config,631.5245,ts-station,154.3333,ts-train,113.9366,ts-execute,89.0179,ts-notification,67.6667,ts-price,41.05,ts-food,33.94,ts-assurance,30.64,ts-consign,7.44,ts-route,5.6267,ts-ticketinfo,1.6691,ts-travel,1.22
93, -- ,ts-preserve-other,848.7967,ts-rebook,847.6667,ts-config,644.2608,ts-station,154.3333,ts-train,89.3333,ts-execute,89.0179,ts-notification,67.8217,ts-travel,55.138,ts-price,42.5,ts-delivery,6.0,ts-auth,3.5067,ts-route,2.28,ts-security,1.705,ts-food-map,0.85,ts-inside-payment,0.6717
94, -- ,ts-preserve-other,849.8367,ts-rebook,847.6667,ts-config,631.0,ts-station,154.3333,ts-train,89.8715,ts-execute,89.4279,ts-notification,67.6667,ts-payment,43.515,ts-user,24.78,ts-travel,13.3592,ts-delivery,6.0,ts-food,3.93,ts-route,2.32,ts-price,1.015,ts-auth,0.4167
95, -- ,ts-rebook,848.0217,ts-preserve-other,847.7317,ts-config,631.0,ts-station,154.3333,ts-cancel,119.4,ts-train,92.9953,ts-execute,89.0179,ts-notification,67.6667,ts-seat,40.425,ts-assurance,28.77,ts-order,10.9177,ts-verification-code,8.55,ts-route,2.36,ts-payment,1.725,ts-ticketinfo,1.038
96, -- ,ts-preserve-other,847.6667,ts-rebook,847.6667,ts-config,633.6936,ts-station,154.3333,ts-train,89.3333,ts-execute,89.0179,ts-notification,67.6667,ts-seat,64.9029,ts-verification-code,12.82,ts-order,7.4747,ts-travel,3.6409,ts-route,2.36,ts-security,0.185
97, -- ,ts-preserve-other,847.6667,ts-rebook,847.6667,ts-config,657.0773,ts-station,167.9007,ts-train,90.7049,ts-execute,89.0179,ts-notification,67.6667,ts-seat,62.6486,ts-security,53.1,ts-travel,50.4048,ts-route,2.32,ts-inside-payment,1.8425,ts-ticketinfo,0.562
98, -- ,ts-preserve-other,848.9417,ts-rebook,847.6667,ts-config,631.0,ts-station,155.4967,ts-train,89.3333,ts-execute,89.0179,ts-notification,67.6667,ts-preserve,44.895,ts-travel,33.581,ts-consign,31.32,ts-basic,9.36,ts-order,4.7033,ts-route,2.2,ts-admin-order,0.288
99, -- ,ts-rebook,854.8717,ts-preserve-other,853.0117,ts-config,631.0,ts-station,154.3333,ts-train,89.3333,ts-execute,89.0179,ts-notification,78.2216,ts-ticket-office,55.26,ts-preserve,42.86,ts-price,38.7567,ts-contacts,34.89,ts-security,22.5875,ts-basic,12.154,ts-user,8.82,ts-delivery,2.49,ts-route,2.4,ts-payment,1.78,ts-ticketinfo,1.514,ts-consign,1.2,ts-food-map,0.875,ts-inside-payment,0.17
100, -- ,ts-preserve-other,847.8317,ts-rebook,847.6667,ts-config,631.0,ts-station,154.3333,ts-preserve,104.4,ts-train,89.3333,ts-execute,89.0179,ts-notification,71.3058,ts-user,56.49,ts-ticket-office,55.83,ts-route,14.96,ts-security,4.0425,ts-contacts,2.9,ts-price,2.1017,ts-seat,1.345,ts-admin-order,1.1158
101, -- ,ts-preserve-other,848.7517,ts-rebook,847.6667,ts-config,631.0,ts-station,154.3333,ts-train,96.5344,ts-execute,89.0179,ts-notification,67.6667,ts-admin-order,26.3649,ts-route,13.0133,ts-food,9.56,ts-assurance,5.67,ts-preserve,5.555,ts-inside-payment,3.5062,ts-food-map,2.405,ts-payment,1.62,ts-order,0.8,ts-seat,0.3133,ts-travel,0.29
102, -- ,ts-preserve-other,847.6667,ts-rebook,847.6667,ts-config,633.665,ts-station,163.7896,ts-train,99.0527,ts-execute,89.0179,ts-notification,67.6667,ts-cancel,8.31,ts-payment,6.26,ts-route,3.52,ts-ui,2.3666,ts-price,0.4717,ts-assurance,0.4067,ts-admin-order,0.396,ts-ticketinfo,0.086
103, -- ,ts-rebook,860.2317,ts-preserve-other,858.7267,ts-config,631.445,ts-station,165.5233,ts-train,89.3333,ts-execute,89.0179,ts-notification,67.6667,ts-seat,21.8466,ts-travel,21.2382,ts-order,9.1775,ts-basic,4.222,ts-consign,4.14,ts-security,3.765,ts-route,3.48,ts-inside-payment,2.87
104, -- ,ts-preserve-other,848.2617,ts-rebook,847.6667,ts-config,631.5475,ts-price,506.322,ts-station,154.3333,ts-train,89.3333,ts-execute,89.0179,ts-travel,80.5927,ts-notification,68.0867,ts-auth,62.415,ts-user,42.96,ts-basic,4.444,ts-route,3.6,ts-seat,2.705,ts-ticketinfo,1.674,ts-security,0.045
105, -- ,ts-preserve-other,847.6667,ts-rebook,847.6667,ts-config,632.4874,ts-price,574.5672,ts-auth,362.0033,ts-station,154.3333,ts-train,89.3333,ts-execute,89.0179,ts-notification,70.6617,ts-admin-order,11.3958,ts-ticketinfo,8.18,ts-security,5.685,ts-consign,4.0,ts-route,3.52,ts-order,2.56,ts-basic,1.54,ts-travel,1.1617
106, -- ,ts-price,1885.3498,ts-preserve-other,850.1367,ts-rebook,847.6667,ts-config,631.0,ts-auth,440.35,ts-station,154.3333,ts-train,89.3333,ts-execute,89.0179,ts-notification,67.6967,ts-ticketinfo,12.506,ts-route,3.56,ts-basic,1.204,ts-admin-order,0.614,ts-travel,0.3275
107, -- ,ts-rebook,847.7667,ts-preserve-other,847.6667,ts-config,695.0238,ts-price,556.4763,ts-station,154.3333,ts-auth,105.4518,ts-train,89.9123,ts-execute,89.0179,ts-notification,67.6667,ts-inside-payment,8.91,ts-preserve,5.32,ts-consign,4.56,ts-route,3.52,ts-contacts,2.46,ts-ticketinfo,1.514,ts-security,1.215,ts-travel,0.735,ts-seat,0.548
108, -- ,ts-preserve-other,847.6667,ts-rebook,847.6667,ts-config,635.52,ts-price,416.7967,ts-station,154.3333,ts-train,89.3333,ts-execute,89.0179,ts-notification,67.6667,ts-auth,50.1001,ts-food-map,39.17,ts-order,14.1493,ts-security,12.22,ts-inside-payment,8.2675,ts-seat,5.738,ts-travel,4.2743,ts-route,3.56,ts-contacts,3.35,ts-ticketinfo,2.784,ts-food,1.5
109, -- ,ts-preserve-other,849.1117,ts-rebook,847.6667,ts-config,631.0,ts-price,416.1073,ts-station,154.3333,ts-train,98.9555,ts-execute,89.0179,ts-notification,67.6667,ts-food-map,38.07,ts-inside-payment,23.3434,ts-route,4.2533
110, -- ,ts-preserve-other,847.6667,ts-rebook,847.6667,ts-config,631.0,ts-price,414.3333,ts-station,155.4746,ts-travel,141.005,ts-train,98.3618,ts-execute,89.0179,ts-notification,67.6667,ts-consign,9.54,ts-seat,4.37,ts-route,4.16,ts-basic,2.434,ts-order,1.625,ts-preserve,1.17,ts-auth,1.0767,ts-contacts,0.869
111, -- ,ts-rebook,848.8217,ts-preserve-other,848.3067,ts-config,631.0,ts-station,154.3333,ts-price,126.0,ts-travel,105.365,ts-train,89.3333,ts-execute,89.0179,ts-notification,69.8217,ts-seat,6.4533,ts-auth,5.3024,ts-route,4.28,ts-ticketinfo,3.736,ts-contacts,0.512
112, -- ,ts-preserve-other,848.3267,ts-rebook,847.6667,ts-config,631.0,ts-user,320.88,ts-station,154.3333,ts-admin-order,118.7583,ts-train,107.9155,ts-execute,89.0179,ts-notification,67.6667,ts-payment,34.8,ts-route,4.36,ts-ticketinfo,1.674,ts-travel,0.5
113, -- ,ts-preserve-other,848.8617,ts-rebook,847.6667,ts-config,631.0,ts-train,163.7994,ts-user,162.49,ts-station,154.3333,ts-execute,89.0179,ts-consign,88.62,ts-notification,67.6667,ts-route,7.5,ts-ticketinfo,1.674,ts-admin-order,0.124
114, -- ,ts-preserve-other,848.9917,ts-rebook,847.9167,ts-config,631.445,ts-seat,306.4533,ts-station,154.3333,ts-train,90.11,ts-execute,89.0179,ts-notification,67.6667,ts-route,56.7533,ts-travel,13.3592,ts-auth,1.142,ts-admin-user,0.795,ts-order,0.458
115, -- ,ts-rebook,848.0517,ts-preserve-other,847.9117,ts-config,631.0,ts-seat,309.5783,ts-station,154.3333,ts-train,89.3333,ts-execute,89.0179,ts-notification,68.2417,ts-auth,54.0562,ts-route,19.3967,ts-travel,10.89,ts-ticketinfo,6.912,ts-order,0.485,ts-admin-user,0.315
116, -- ,ts-rebook,847.9317,ts-preserve-other,847.6667,ts-config,631.0,ts-station,154.3333,ts-train,102.8406,ts-execute,89.0179,ts-notification,67.6667,ts-auth,55.9201,ts-delivery,21.25,ts-ticketinfo,11.674,ts-route,6.68
117, -- ,ts-preserve-other,847.6667,ts-rebook,847.6667,ts-config,631.0,ts-station,154.3333,ts-train,89.3333,ts-execute,89.0179,ts-auth,81.5808,ts-notification,67.6667,ts-admin-order,12.386,ts-route,12.2258,ts-order,1.268
118, -- ,ts-preserve-other,848.5117,ts-rebook,847.6667,ts-config,631.0,ts-station,154.8013,ts-train,89.3333,ts-execute,89.0179,ts-notification,67.6667,ts-auth,30.4827,ts-admin-order,7.644,ts-route,6.64,ts-travel,0.0943
119, -- ,ts-preserve-other,848.4417,ts-rebook,847.7717,ts-config,631.0,ts-auth,188.4858,ts-station,154.8013,ts-train,90.26,ts-execute,89.0179,ts-notification,67.6667,ts-route,6.68,ts-seat,1.375,ts-travel,0.185
120, -- ,ts-preserve-other,847.6667,ts-rebook,847.6667,ts-config,631.0,ts-auth,168.1667,ts-station,155.4758,ts-train,89.3333,ts-execute,89.0179,ts-notification,67.6667,ts-order,13.121,ts-food,6.74,ts-route,6.64,ts-travel,2.52,ts-seat,0.5933
121, -- ,ts-preserve-other,847.6667,ts-rebook,847.6667,ts-config,631.0,ts-station,154.3333,ts-train,110.4637,ts-execute,89.0179,ts-notification,68.0067,ts-auth,11.6308,ts-route,6.68,ts-order,3.3307,ts-travel,2.935,ts-seat,2.2867,ts-consign,1.7848
122, -- ,ts-preserve-other,847.6667,ts-rebook,847.6667,ts-config,633.0425,ts-station,154.3333,ts-price,151.4913,ts-train,98.3758,ts-execute,89.0179,ts-travel,67.862,ts-notification,67.6667,ts-auth,27.99,ts-route,9.5633,ts-order,7.219,ts-seat,1.5883,ts-consign,1.1333,ts-basic,0.198
123, -- ,ts-rebook,850.0017,ts-preserve-other,847.6717,ts-config,631.8575,ts-station,154.3333,ts-order,93.8642,ts-train,89.3333,ts-execute,89.0179,ts-notification,67.8717,ts-seat,31.3367,ts-travel,28.9598,ts-auth,28.8733,ts-route,8.422,ts-price,7.355,ts-consign,7.29,ts-security,3.935,ts-preserve,1.84,ts-food-map,0.43
124, -- ,ts-preserve-other,847.9817,ts-rebook,847.9717,ts-config,631.0,ts-basic,414.0,ts-station,154.3333,ts-train,89.3333,ts-execute,89.0179,ts-notification,67.6667,ts-route,5.88,ts-auth,5.5,ts-travel,2.83,ts-security,2.2783,ts-preserve,1.57
125, -- ,ts-preserve-other,863.2717,ts-rebook,847.7567,ts-config,631.0,ts-basic,467.0465,ts-station,154.3333,ts-train,89.3333,ts-execute,89.0179,ts-user,81.99,ts-notification,67.6667,ts-auth,16.8693,ts-order,16.1243,ts-route,9.02,ts-admin-order,6.0292,ts-ticketinfo,3.896,ts-travel,2.83,ts-ticket-office,0.125
126, -- ,ts-preserve-other,849.2479,ts-rebook,847.6667,ts-config,631.0,ts-basic,467.9083,ts-station,154.3333,ts-train,89.3333,ts-execute,89.0179,ts-notification,77.2581,ts-delivery,18.5633,ts-auth,16.8667,ts-route,8.16,ts-user,7.325,ts-order,2.889,ts-seat,1.075,ts-ticket-office,0.125
127, -- ,ts-preserve-other,848.4867,ts-rebook,848.2867,ts-config,635.52,ts-basic,414.3333,ts-price,250.6327,ts-station,154.4903,ts-train,89.3793,ts-execute,89.0179,ts-notification,67.6667,ts-seat,32.8143,ts-travel,26.2648,ts-route,22.7,ts-ticketinfo,2.626,ts-consign,1.08,ts-security,0.095
128, -- ,ts-preserve-other,847.6667,ts-rebook,847.6667,ts-config,634.035,ts-basic,416.2073,ts-seat,265.0625,ts-station,154.8013,ts-user,114.0,ts-train,89.3333,ts-execute,89.0179,ts-price,75.3737,ts-notification,67.6667,ts-route,22.9967,ts-contacts,16.32,ts-travel,11.3657,ts-order,8.0885,ts-preserve,2.1
129, -- ,ts-rebook,849.5267,ts-preserve-other,847.6667,ts-config,631.0,ts-basic,416.6553,ts-food,219.52,ts-preserve,207.95,ts-station,154.3333,ts-train,89.3333,ts-execute,89.0179,ts-notification,67.6667,ts-auth,35.5133,ts-admin-travel,10.23,ts-route,8.9925,ts-admin-route,7.83,ts-admin-basic-info,5.5525,ts-inside-payment,3.405,ts-price,3.1883,ts-contacts,2.01
130, -- ,ts-preserve-other,849.2617,ts-rebook,847.6667,ts-config,631.0,ts-basic,414.3333,ts-preserve,161.09,ts-station,154.3333,ts-admin-user,120.0,ts-train,89.3333,ts-execute,89.0179,ts-notification,67.6667,ts-auth,35.2933,ts-verification-code,26.61,ts-route,7.92,ts-seat,4.3214,ts-admin-basic-info,2.4037,ts-admin-travel,2.0837,ts-user,1.2536,ts-order,1.24,ts-admin-route,0.9712,ts-travel,0.895
131, -- ,ts-rebook,856.0967,ts-preserve-other,850.7717,ts-config,631.0,ts-basic,414.3333,ts-station,154.3333,ts-train,89.3333,ts-execute,89.0179,ts-notification,67.6667,ts-route,8.12,ts-order,6.1863,ts-ticketinfo,4.53,ts-seat,1.195,ts-consign,0.42
132, -- ,ts-preserve-other,856.9917,ts-rebook,848.3917,ts-config,632.185,ts-basic,414.3333,ts-station,154.3333,ts-train,89.3333,ts-execute,89.0179,ts-notification,67.6667,ts-admin-order,8.898,ts-route,8.0
133, -- ,ts-preserve-other,849.4217,ts-rebook,847.6667,ts-config,634.0064,ts-basic,414.3333,ts-station,154.3333,ts-train,89.3333,ts-execute,89.0179,ts-notification,67.6667,ts-travel,41.3657,ts-admin-order,12.766,ts-route,8.08,ts-order,5.1225,ts-seat,2.106
134, -- ,ts-preserve-other,847.6667,ts-rebook,847.6667,ts-config,632.7183,ts-station,154.3333,ts-basic,126.0,ts-train,89.3333,ts-execute,89.0179,ts-notification,67.6667,ts-route,8.08,ts-ticketinfo,5.8,ts-order,5.2327,ts-travel,2.7233
135, -- ,ts-preserve-other,847.8567,ts-rebook,847.6667,ts-config,631.0,ts-station,154.3333,ts-notification,106.4367,ts-train,89.3333,ts-execute,89.0179,ts-route,8.04,ts-ticketinfo,5.482,ts-food-map,0.8486,ts-inside-payment,0.1567
136, -- ,ts-preserve-other,848.6967,ts-rebook,848.0667,ts-config,631.735,ts-station,154.3333,ts-train,89.3333,ts-execute,89.0179,ts-notification,67.951,ts-travel,26.7213,ts-route,8.08,ts-consign,5.38,ts-ticketinfo,3.102,ts-auth,2.415,ts-order,0.7675,ts-seat,0.725,ts-price,0.1083
137, -- ,ts-preserve-other,847.6667,ts-rebook,847.6667,ts-config,638.0001,ts-station,154.3333,ts-train,90.1967,ts-execute,89.0179,ts-notification,67.951,ts-order,57.125,ts-seat,34.7686,ts-contacts,12.47,ts-route,9.4167,ts-ticketinfo,8.022,ts-auth,2.415,ts-travel,1.29,ts-price,0.29,ts-consign,0.28
138, -- ,ts-preserve-other,847.6667,ts-rebook,847.6667,ts-config,631.615,ts-station,154.9567,ts-order,102.565,ts-train,89.3333,ts-execute,89.0179,ts-notification,67.6667,ts-auth,36.4642,ts-route,30.0675,ts-security,17.3413,ts-travel,8.9616,ts-delivery,5.3942,ts-preserve,5.32,ts-seat,5.01,ts-basic,2.992,ts-food-map,1.4057
139, -- ,ts-preserve-other,849.9067,ts-rebook,847.6667,ts-config,631.17,ts-station,154.3333,ts-train,89.3333,ts-execute,89.0179,ts-notification,68.9617,ts-auth,34.8591,ts-food-map,32.856,ts-order,19.69,ts-route,7.56,ts-preserve,4.65,ts-seat,4.11,ts-basic,1.54,ts-security,1.02,ts-contacts,0.75
140, -- ,ts-rebook,847.7317,ts-preserve-other,847.6667,ts-config,631.0,ts-station,154.3333,ts-auth,137.5533,ts-train,106.2736,ts-execute,89.0179,ts-notification,67.6667,ts-route,12.86,ts-security,1.02,ts-contacts,0.75
141, -- ,ts-preserve-other,848.1267,ts-rebook,847.6667,ts-config,631.0,ts-consign,223.385,ts-station,154.3333,ts-auth,92.69,ts-train,89.3333,ts-execute,89.0179,ts-notification,67.6667,ts-route,11.9467,ts-order,5.6553,ts-travel,5.5033,ts-price,3.55,ts-seat,0.2033,ts-basic,0.0275
142, -- ,ts-rebook,847.9317,ts-preserve-other,847.6667,ts-config,631.0,ts-station,154.3333,ts-train,89.3333,ts-execute,89.0179,ts-notification,67.6667,ts-auth,46.0207,ts-order,42.6046,ts-route,30.74,ts-security,13.86,ts-travel,12.37,ts-seat,10.635,ts-consign,4.39,ts-price,3.1883
143, -- ,ts-preserve-other,848.3517,ts-rebook,847.8067,ts-config,631.0,ts-preserve,242.46,ts-station,154.3333,ts-train,89.8333,ts-execute,89.0179,ts-notification,67.6667,ts-seat,25.4633,ts-route,22.8867,ts-admin-order,15.6504,ts-travel,14.72,ts-ticketinfo,1.514,ts-order,1.02
144, -- ,ts-preserve-other,847.6867,ts-rebook,847.6667,ts-config,631.0,ts-station,154.3333,ts-train,89.3333,ts-execute,89.0179,ts-notification,67.6667,ts-seat,43.1717,ts-route,15.13,ts-admin-order,12.386,ts-order,3.2516,ts-ticketinfo,2.466,ts-travel,0.57
145, -- ,ts-rebook,849.0067,ts-preserve-other,847.6667,ts-config,631.0,ts-station,154.3333,ts-train,91.0689,ts-execute,89.0179,ts-notification,68.5017,ts-route,15.92,ts-user,3.1927,ts-consign,1.3714,ts-order,0.617
146, -- ,ts-rebook,847.9317,ts-preserve-other,847.7317,ts-config,631.0,ts-station,154.3333,ts-train,91.2489,ts-execute,89.0179,ts-notification,68.741,ts-travel,16.9457,ts-route,13.51,ts-user,3.1255,ts-consign,1.3243,ts-auth,0.4167
147, -- ,ts-preserve-other,848.7167,ts-rebook,847.7417,ts-config,631.0,ts-station,154.3333,ts-train,89.3333,ts-execute,89.0179,ts-notification,68.741,ts-route,12.48,ts-order,3.857,ts-security,0.8267,ts-travel,0.7092,ts-ui,0.1975
148, -- ,ts-preserve-other,847.9467,ts-rebook,847.6667,ts-config,631.0,ts-notification,166.0967,ts-station,154.3333,ts-train,89.3333,ts-execute,89.0179,ts-route,12.56,ts-travel,3.5392,ts-order,1.6083,ts-seat,1.375,ts-security,0.5667
149, -- ,ts-preserve-other,848.6367,ts-rebook,847.6667,ts-config,631.0,ts-station,154.3333,ts-train,89.3333,ts-execute,89.0179,ts-notification,67.6667,ts-route,13.3767,ts-user,6.1,ts-seat,0.5,ts-travel,0.02,ts-admin-route,0.01
150, -- ,ts-preserve-other,847.8517,ts-rebook,847.6667,ts-config,631.0,ts-station,154.3333,ts-train,89.3333,ts-execute,89.0179,ts-notification,70.9717,ts-travel,20.738,ts-route,13.4,ts-ticketinfo,1.99,ts-verification-code,1.945
151, -- ,ts-preserve-other,847.7617,ts-rebook,847.6667,ts-config,667.0675,ts-station,154.3333,ts-train,89.3333,ts-execute,89.0179,ts-notification,67.6667,ts-route,15.4433,ts-inside-payment,4.2328,ts-ticketinfo,2.308,ts-admin-order,2.2414,ts-verification-code,1.785,ts-order,1.0
152, -- ,ts-preserve-other,847.6667,ts-rebook,847.6667,ts-config,637.388,ts-station,154.3333,ts-train,89.3333,ts-execute,89.0179,ts-notification,67.6667,ts-admin-order,56.6454,ts-auth,37.06,ts-route,13.56,ts-travel,11.4467,ts-inside-payment,7.4975,ts-order,4.4883,ts-verification-code,1.86,ts-ui,0.08
153, -- ,ts-preserve-other,847.7117,ts-rebook,847.6867,ts-config,631.0,ts-station,154.3333,ts-train,97.8002,ts-execute,89.0179,ts-notification,67.9267,ts-travel,41.9507,ts-auth,37.5,ts-basic,19.976,ts-route,13.56,ts-inside-payment,8.2675,ts-ticketinfo,5.8,ts-verification-code,4.53,ts-seat,2.1038,ts-consign,1.9543,ts-order,1.3963
154, -- ,ts-preserve-other,847.6667,ts-rebook,847.6667,ts-config,642.2946,ts-station,154.56,ts-train,89.3333,ts-execute,89.0179,ts-notification,67.6667,ts-basic,17.07,ts-admin-order,13.638,ts-route,13.52,ts-ticketinfo,6.752,ts-consign,4.62,ts-order,4.0992,ts-user,1.7375
155, -- ,ts-rebook,848.3167,ts-preserve-other,847.6667,ts-config,631.33,ts-station,154.3333,ts-train,89.3333,ts-execute,89.0179,ts-notification,67.6667,ts-admin-user,20.865,ts-route,13.56,ts-admin-order,13.42,ts-travel,2.5933,ts-inside-payment,2.3667,ts-order,1.4325,ts-basic,0.198
156, -- ,ts-rebook,851.5817,ts-preserve-other,850.6067,ts-config,634.3425,ts-station,154.3333,ts-train,90.1078,ts-execute,89.0179,ts-notification,68.1917,ts-travel,50.6627,ts-route,13.56,ts-order,4.67,ts-basic,2.768
157, -- ,ts-preserve-other,848.4267,ts-rebook,848.3317,ts-config,634.3425,ts-station,154.3333,ts-train,89.8678,ts-execute,89.0179,ts-notification,67.6667,ts-route,13.72,ts-price,10.5275,ts-seat,5.3917,ts-ui,2.8616,ts-basic,2.546,ts-ticketinfo,0.72
158, -- ,ts-preserve-other,847.6667,ts-rebook,847.6667,ts-config,631.0,ts-station,154.3333,ts-train,89.8078,ts-execute,89.0179,ts-notification,67.6667,ts-route,13.76,ts-auth,8.0024,ts-order,0.1875
159, -- ,ts-preserve-other,848.1917,ts-rebook,847.6667,ts-config,631.0,ts-station,154.3333,ts-train,114.8482,ts-execute,89.0179,ts-notification,67.6667,ts-route,13.8,ts-price,9.3675,ts-seat,9.3183,ts-admin-route,1.4512,ts-order,0.8569
160, -- ,ts-preserve-other,849.9167,ts-rebook,848.0883,ts-config,631.0,ts-station,154.3333,ts-train,103.3529,ts-execute,89.0179,ts-notification,67.6667,ts-contacts,39.49,ts-route,13.92,ts-seat,10.49,ts-user,2.6975,ts-admin-route,1.9325,ts-order,1.4267,ts-admin-travel,0.36
161, -- ,ts-preserve-other,849.5717,ts-rebook,848.2717,ts-config,631.0,ts-station,154.3333,ts-train,105.0225,ts-execute,89.0179,ts-notification,67.6667,ts-route,13.84,ts-contacts,5.35,ts-user,3.5264,ts-travel,3.1975
162, -- ,ts-rebook,847.7767,ts-preserve-other,847.6717,ts-config,632.925,ts-train,186.3248,ts-station,154.3333,ts-execute,89.0179,ts-notification,67.6667,ts-security,38.63,ts-travel,29.9269,ts-route,13.76,ts-ui,6.105,ts-order,5.7121,ts-user,3.7945,ts-price,2.8267,ts-seat,2.595
163, -- ,ts-preserve-other,847.6667,ts-rebook,847.6667,ts-config,631.815,ts-station,154.3333,ts-train,96.2395,ts-execute,89.0179,ts-notification,67.6667,ts-auth,43.24,ts-travel,19.539,ts-route,12.24,ts-consign,12.228,ts-seat,3.8546,ts-price,2.1017,ts-security,1.495,ts-order,0.585,ts-contacts,0.54
164, -- ,ts-preserve-other,848.4067,ts-rebook,847.6667,ts-config,631.0,ts-station,154.3333,ts-train,89.3333,ts-execute,89.0179,ts-notification,67.6667,ts-auth,44.1233,ts-user,24.37,ts-route,12.4
165, -- ,ts-rebook,849.0967,ts-preserve-other,848.5333,ts-config,631.0,ts-station,154.3333,ts-train,89.3333,ts-execute,89.0179,ts-notification,67.6667,ts-preserve,31.19,ts-user,12.65,ts-route,12.4,ts-delivery,5.162,ts-ticket-office,2.16,ts-order,1.4158,ts-ui,1.3592
166, -- ,ts-rebook,861.3617,ts-preserve-other,855.1267,ts-config,631.0,ts-station,154.3333,ts-train,89.3333,ts-execute,89.0179,ts-notification,67.6667,ts-preserve,30.66,ts-admin-order,17.18,ts-route,12.64,ts-order,4.0541,ts-ui,3.87,ts-travel,0.58,ts-admin-user,0.015
167, -- ,ts-rebook,848.0117,ts-preserve-other,847.6667,ts-config,639.4962,ts-station,154.3333,ts-train,100.9557,ts-execute,89.0179,ts-notification,67.6667,ts-route,37.3333,ts-seat,32.0872,ts-ticket-office,29.9,ts-admin-order,17.726,ts-security,10.63,ts-travel,7.85,ts-ui,1.9473,ts-food-map,0.83,ts-price,0.6517
168, -- ,ts-rebook,847.9717,ts-preserve-other,847.6667,ts-config,639.9621,ts-station,154.3333,ts-train,89.3333,ts-execute,89.0179,ts-notification,67.6667,ts-security,33.75,ts-ticket-office,33.04,ts-food-map,24.1971,ts-order,14.5465,ts-route,12.637,ts-preserve,10.28,ts-travel,9.1515,ts-seat,4.5283,ts-food,4.27,ts-price,1.195
169, -- ,ts-preserve-other,847.6667,ts-rebook,847.6667,ts-config,631.0,ts-station,154.3333,ts-train,89.3333,ts-execute,89.0179,ts-notification,67.6667,ts-route,11.72,ts-preserve,10.28,ts-food,5.55,ts-consign,0.3
170, -- ,ts-preserve-other,849.4067,ts-rebook,847.6667,ts-config,647.8769,ts-station,154.3333,ts-train,89.3333,ts-execute,89.0179,ts-notification,67.6667,ts-route,16.7867,ts-auth,4.1667,ts-ui,3.3187,ts-basic,2.322,ts-seat,1.635,ts-order,1.0233
171, -- ,ts-preserve-other,850.0817,ts-rebook,848.2567,ts-config,631.0,ts-station,154.3333,ts-train,89.3333,ts-execute,89.0179,ts-notification,67.6667,ts-route,15.5658,ts-order,2.9533,ts-ui,1.45,ts-contacts,1.35
172, -- ,ts-preserve-other,848.8567,ts-rebook,847.6767,ts-config,633.9345,ts-station,154.3333,ts-train,120.4276,ts-execute,89.0179,ts-notification,67.6667,ts-route,16.0,ts-auth,1.74,ts-contacts,1.35,ts-delivery,0.92,ts-seat,0.5933,ts-travel,0.465
173, -- ,ts-rebook,847.8217,ts-preserve-other,847.6667,ts-config,631.0,ts-station,154.3333,ts-train,89.3333,ts-execute,89.0179,ts-notification,67.6667,ts-ticketinfo,29.134,ts-route,19.7767,ts-travel,4.69,ts-seat,0.8533,ts-basic,0.646,ts-order,0.5
174, -- ,ts-preserve-other,847.6667,ts-rebook,847.6667,ts-config,672.8396,ts-station,154.3333,ts-train,129.3061,ts-execute,89.0179,ts-notification,68.3467,ts-auth,47.6567,ts-ticketinfo,33.0459,ts-seat,24.92,ts-route,15.44,ts-order,5.4817,ts-travel,4.845,ts-basic,1.652
175, -- ,ts-preserve-other,847.6667,ts-rebook,847.6667,ts-config,632.7723,ts-station,154.3333,ts-train,89.8188,ts-execute,89.0179,ts-notification,67.6667,ts-auth,52.1325,ts-route,24.72,ts-seat,14.2307,ts-price,5.0,ts-order,3.3547,ts-basic,3.216,ts-ticketinfo,2.466
176, -- ,ts-preserve-other,848.4367,ts-rebook,848.3817,ts-config,631.075,ts-station,154.3333,ts-train,89.3333,ts-execute,89.0179,ts-notification,67.6667,ts-travel,38.2573,ts-route,28.0567,ts-admin-order,16.308,ts-inside-payment,4.0975,ts-price,3.37,ts-seat,3.1983,ts-order,0.8125
177, -- ,ts-preserve-other,847.6667,ts-rebook,847.6667,ts-config,637.5848,ts-station,154.3333,ts-train,89.3333,ts-execute,89.0179,ts-notification,72.4067,ts-seat,30.8559,ts-admin-order,17.126,ts-route,16.84,ts-inside-payment,3.9725,ts-travel,2.3983
178, -- ,ts-preserve-other,848.4617,ts-rebook,847.6667,ts-config,631.0,ts-station,154.3333,ts-order,96.2558,ts-train,89.3333,ts-execute,89.0179,ts-notification,67.6667,ts-route,14.675,ts-travel,10.5017,ts-security,3.155,ts-preserve,0.63,ts-consign,0.57
179, -- ,ts-preserve-other,847.6667,ts-rebook,847.6667,ts-config,631.0,ts-station,154.3333,ts-train,93.7722,ts-execute,89.0179,ts-notification,67.6667,ts-route,14.6,ts-order,3.2183,ts-admin-order,2.3694,ts-ui,1.615,ts-consign,1.1143
180, -- ,ts-preserve-other,850.1567,ts-rebook,848.6317,ts-config,631.0,ts-station,154.3333,ts-train,91.2489,ts-execute,89.0179,ts-notification,67.6667,ts-food,18.92,ts-route,15.12,ts-food-map,11.789,ts-order,0.78
181, -- ,ts-preserve-other,847.6667,ts-rebook,847.6667,ts-config,631.0,ts-station,154.3333,ts-train,103.6877,ts-execute,89.0179,ts-notification,67.6667,ts-route,16.2567,ts-food-map,4.313,ts-basic,2.992,ts-travel,0.74
