1, -- ,ts-config,46.0
2, -- ,ts-basic,1834.2075,ts-station,1500.5838,ts-travel,1069.6126,ts-route,844.015,ts-order,843.04,ts-consign,811.16,ts-voucher,735.1625,ts-notification,557.9475,ts-ticket-office,523.3625,ts-admin-order,475.2686,ts-avatar,456.475,ts-admin-travel,452.0075,ts-auth,431.9771,ts-train,414.9068,ts-admin-basic-info,413.405,ts-admin-route,410.44,ts-preserve-other,401.1625,ts-rebook,397.8425,ts-assurance,389.01,ts-config,319.0744,ts-news,306.08,ts-ticketinfo,300.48,ts-price,297.903,ts-admin-user,288.72,ts-security,286.37,ts-verification-code,286.115,ts-contacts,268.4525,ts-seat,262.725,ts-food-map,260.105,ts-user,247.3425,ts-cancel,242.685,ts-inside-payment,237.9475,ts-delivery,216.2073,ts-food,215.89,ts-payment,183.1183,ts-ui,176.4075,ts-execute,138.4375,ts-preserve,128.09
3, -- ,ts-train,6617.9073,ts-station,4265.468,ts-travel,3956.7941,ts-seat,3844.2174,ts-security,3507.4083,ts-assurance,3175.2533,ts-config,2987.8215,ts-order,2543.1639,ts-price,1964.0568,ts-basic,1883.6162,ts-preserve,1555.165,ts-route,1511.1909,ts-consign,1314.29,ts-ticketinfo,1043.3421,ts-food,1038.589,ts-food-map,686.193,ts-ui,260.64,ts-auth,199.1842,ts-contacts,91.55,ts-user,25.08,ts-execute,23.58,ts-payment,21.48,ts-delivery,11.58,ts-admin-order,2.958,ts-news,0.333
4, -- ,ts-train,7124.5322,ts-seat,5774.1562,ts-config,3836.8512,ts-basic,3465.838,ts-station,3119.2415,ts-travel,2869.4534,ts-order,2606.5492,ts-payment,1735.5775,ts-security,1452.9435,ts-route,1151.4879,ts-inside-payment,1147.5852,ts-execute,1126.4775,ts-food-map,1110.1955,ts-preserve,1004.34,ts-ticketinfo,960.638,ts-assurance,914.7467,ts-user,800.89,ts-cancel,711.77,ts-food,648.688,ts-delivery,572.4499,ts-price,554.0111,ts-ui,142.45,ts-consign,109.27,ts-contacts,19.16,ts-auth,1.74,ts-notification,1.17
5, -- ,ts-train,3023.198,ts-travel,2619.1206,ts-config,2606.3407,ts-seat,1999.6063,ts-station,1980.3163,ts-price,1863.078,ts-order,1645.2311,ts-payment,1229.2275,ts-basic,1006.9527,ts-preserve,847.7225,ts-food-map,806.8925,ts-route,749.3315,ts-execute,706.4233,ts-inside-payment,534.2933,ts-security,523.9275,ts-ticketinfo,413.3392,ts-ui,406.09,ts-admin-order,245.1994,ts-food,197.8,ts-delivery,139.835,ts-user,75.73,ts-cancel,57.9,ts-consign,26.9,ts-assurance,19.2,ts-contacts,5.63,ts-auth,2.4033
6, -- ,ts-security,4563.365,ts-consign,3157.875,ts-travel,1980.1261,ts-payment,1465.6025,ts-price,1442.2818,ts-config,1409.486,ts-train,1209.748,ts-station,1023.7473,ts-inside-payment,972.9367,ts-preserve,949.45,ts-order,870.2505,ts-food-map,702.5485,ts-execute,689.8625,ts-admin-order,680.4139,ts-route,547.7653,ts-food,427.05,ts-seat,393.8802,ts-user,196.17,ts-ticketinfo,195.686,ts-basic,154.4041,ts-contacts,143.401,ts-delivery,23.38,ts-assurance,18.24,ts-cancel,7.62,ts-notification,2.285,ts-auth,1.74
7, -- ,ts-security,2724.4667,ts-consign,1593.06,ts-payment,1210.255,ts-execute,952.1592,ts-inside-payment,910.9225,ts-route,891.8328,ts-travel,839.463,ts-price,781.8623,ts-train,680.2644,ts-seat,554.3854,ts-preserve,552.9075,ts-station,539.3454,ts-config,445.1296,ts-admin-order,441.1929,ts-basic,423.7082,ts-order,410.883,ts-contacts,336.491,ts-assurance,303.4467,ts-food,183.13,ts-food-map,144.7245,ts-ticketinfo,83.0737,ts-user,29.76,ts-auth,22.614,ts-delivery,6.515
8, -- ,ts-consign,1765.475,ts-security,1346.5692,ts-payment,1228.5433,ts-inside-payment,737.65,ts-price,707.4338,ts-execute,688.5625,ts-station,433.1778,ts-train,431.6025,ts-route,404.7247,ts-admin-order,392.5991,ts-preserve,387.33,ts-travel,348.4785,ts-config,309.3914,ts-order,209.7682,ts-seat,144.4565,ts-food,77.1475,ts-ticketinfo,69.8,ts-basic,62.0701,ts-contacts,20.2,ts-assurance,15.5233,ts-food-map,9.229,ts-auth,3.5067,ts-notification,2.11
9, -- ,ts-security,1376.4575,ts-consign,1321.43,ts-payment,759.8567,ts-price,741.7637,ts-execute,539.035,ts-admin-order,502.7303,ts-train,497.8,ts-inside-payment,451.2533,ts-preserve,381.6675,ts-station,343.9652,ts-food,337.37,ts-assurance,318.0533,ts-order,286.0739,ts-config,269.2824,ts-food-map,209.712,ts-seat,155.0695,ts-route,126.2586,ts-travel,104.6658,ts-basic,53.8782,ts-ticketinfo,47.877,ts-user,32.4,ts-auth,11.4533,ts-contacts,8.01,ts-notification,2.325
10, -- ,ts-security,1579.22,ts-consign,1490.235,ts-payment,851.27,ts-price,788.4374,ts-execute,767.4143,ts-admin-order,547.6381,ts-train,490.0707,ts-inside-payment,438.1192,ts-station,432.0126,ts-config,296.4805,ts-order,220.4657,ts-assurance,211.9233,ts-preserve,185.175,ts-food,170.5383,ts-travel,156.7413,ts-seat,106.8653,ts-ticketinfo,56.5255,ts-basic,38.6087,ts-food-map,37.9235,ts-verification-code,23.86,ts-route,22.4733,ts-user,11.4,ts-preserve-other,10.91,ts-rebook,9.06,ts-admin-travel,8.6575,ts-contacts,5.28,ts-notification,3.955,ts-delivery,0.23
11, -- ,ts-security,785.895,ts-station,475.2731,ts-consign,466.8,ts-train,453.6052,ts-inside-payment,411.6746,ts-price,254.25,ts-order,252.3541,ts-config,213.7667,ts-user,210.0,ts-payment,185.905,ts-travel,163.0179,ts-preserve,154.09,ts-execute,122.5575,ts-seat,111.8305,ts-ticketinfo,71.4846,ts-basic,44.6254,ts-notification,37.13,ts-food,24.72,ts-cancel,22.2,ts-admin-order,16.908,ts-contacts,13.86,ts-route,13.5983,ts-verification-code,4.8,ts-assurance,4.39,ts-admin-travel,3.9062,ts-delivery,3.555,ts-admin-basic-info,0.7212
12, -- ,ts-station,634.6954,ts-inside-payment,482.4367,ts-train,368.1558,ts-security,239.5175,ts-order,200.49,ts-basic,141.1162,ts-user,126.69,ts-payment,124.355,ts-config,122.498,ts-price,103.574,ts-travel,79.2959,ts-seat,54.9962,ts-cancel,33.06,ts-notification,27.095,ts-food,21.88,ts-route,14.275,ts-execute,13.88,ts-admin-order,13.7137,ts-contacts,11.67,ts-assurance,7.8267,ts-preserve,7.66,ts-ticketinfo,5.2244,ts-news,2.89,ts-consign,0.96,ts-auth,0.054
13, -- ,ts-payment,696.255,ts-food,641.322,ts-station,615.9647,ts-inside-payment,457.8262,ts-price,406.4902,ts-security,276.5075,ts-order,271.405,ts-travel,246.0204,ts-train,152.2276,ts-basic,100.8454,ts-config,95.7803,ts-preserve,70.49,ts-route,43.4433,ts-notification,37.0533,ts-food-map,36.13,ts-contacts,35.17,ts-seat,32.102,ts-execute,31.86,ts-ui,15.18,ts-preserve-other,2.0837,ts-ticketinfo,1.25,ts-assurance,0.66,ts-delivery,0.425,ts-consign,0.235,ts-rebook,0.01
14, -- ,ts-travel,1240.6469,ts-price,1156.7238,ts-station,597.211,ts-order,497.2497,ts-food-map,488.3465,ts-payment,418.34,ts-food,409.43,ts-inside-payment,310.385,ts-security,214.7075,ts-train,194.5541,ts-route,88.0751,ts-basic,86.9084,ts-config,65.0339,ts-assurance,56.34,ts-user,41.88,ts-execute,34.6825,ts-preserve,27.955,ts-ui,15.18,ts-contacts,15.15,ts-seat,9.771,ts-auth,1.96,ts-admin-order,1.7646,ts-preserve-other,1.0412,ts-notification,1.0,ts-ticketinfo,0.4024
15, -- ,ts-travel,2340.174,ts-payment,588.24,ts-station,410.0763,ts-price,378.5373,ts-security,361.0475,ts-order,305.4436,ts-route,239.9991,ts-seat,154.7652,ts-food-map,140.97,ts-train,138.0159,ts-delivery,86.825,ts-execute,71.325,ts-config,70.496,ts-user,20.735,ts-basic,15.1852,ts-notification,8.6833,ts-ticketinfo,8.5333,ts-food,6.9,ts-inside-payment,4.815,ts-contacts,3.35,ts-auth,1.74,ts-preserve,1.4,ts-admin-order,1.378,ts-assurance,1.08,ts-rebook,0.01
16, -- ,ts-travel,1527.3902,ts-payment,501.7325,ts-security,413.2825,ts-order,338.7423,ts-route,215.1449,ts-train,178.9097,ts-station,158.3194,ts-food,141.86,ts-assurance,139.11,ts-config,103.2048,ts-consign,81.5125,ts-ticketinfo,76.0985,ts-user,69.21,ts-contacts,48.84,ts-price,42.0787,ts-preserve,28.34,ts-admin-order,16.2983,ts-seat,10.1126,ts-food-map,8.72,ts-execute,4.9187,ts-basic,3.9109,ts-delivery,3.36,ts-auth,2.18,ts-inside-payment,0.295
17, -- ,ts-route,1191.8321,ts-travel,697.4206,ts-basic,392.9,ts-seat,367.8217,ts-admin-order,173.2067,ts-order,122.4307,ts-security,98.61,ts-config,74.439,ts-inside-payment,73.3525,ts-train,60.2251,ts-station,57.9449,ts-consign,56.13,ts-execute,44.1125,ts-preserve,21.1567,ts-auth,10.4382,ts-ticketinfo,8.9694,ts-price,8.783,ts-cancel,4.47,ts-assurance,2.9333,ts-verification-code,2.37,ts-notification,1.6633,ts-admin-travel,1.5625,ts-admin-basic-info,0.7212,ts-food-map,0.27,ts-payment,0.08
18, -- ,ts-seat,3512.7583,ts-basic,1705.6495,ts-travel,1171.2465,ts-admin-user,486.75,ts-config,261.4417,ts-station,246.1641,ts-inside-payment,126.7167,ts-train,103.1126,ts-security,75.8425,ts-admin-order,56.472,ts-price,48.024,ts-route,40.73,ts-food,28.8,ts-order,23.0087,ts-food-map,20.9315,ts-assurance,18.36,ts-notification,16.73,ts-cancel,16.11,ts-ticketinfo,14.7776,ts-payment,7.7658,ts-preserve-other,5.2087,ts-preserve,4.79,ts-rebook,3.8562,ts-admin-travel,2.0837,ts-verification-code,1.31,ts-admin-basic-info,0.7212,ts-delivery,0.46,ts-user,0.19,ts-voucher,0.14
19, -- ,ts-order,668.9705,ts-food-map,471.1595,ts-travel,332.5661,ts-inside-payment,297.7792,ts-security,279.31,ts-food,276.1237,ts-price,138.1783,ts-config,131.3942,ts-train,115.0079,ts-station,77.8608,ts-assurance,59.9633,ts-preserve,41.4325,ts-basic,28.0693,ts-admin-order,22.8541,ts-delivery,21.145,ts-notification,14.0,ts-contacts,12.05,ts-seat,11.6998,ts-execute,9.0125,ts-ticketinfo,4.688,ts-auth,4.39,ts-rebook,3.2237,ts-preserve-other,3.125,ts-route,2.21,ts-verification-code,1.31,ts-cancel,1.05
20, -- ,ts-order,465.425,ts-food-map,235.8975,ts-security,114.1091,ts-inside-payment,98.25,ts-contacts,62.92,ts-config,62.5909,ts-price,58.8897,ts-station,55.7534,ts-travel,53.1618,ts-execute,41.6375,ts-train,32.8327,ts-route,32.426,ts-payment,23.35,ts-basic,23.2474,ts-preserve,17.65,ts-food,17.62,ts-seat,9.6008,ts-assurance,6.7733,ts-auth,6.1533,ts-cancel,5.04,ts-delivery,2.575,ts-ticketinfo,1.99
21, -- ,ts-route,219.8383,ts-travel,160.5495,ts-contacts,122.8,ts-food-map,112.7575,ts-assurance,87.0267,ts-config,74.5761,ts-station,69.6824,ts-security,67.0925,ts-preserve,53.0,ts-food,52.18,ts-price,35.9277,ts-train,34.7071,ts-execute,20.9218,ts-order,18.234,ts-payment,16.8,ts-user,8.82,ts-inside-payment,6.6667,ts-basic,5.9336,ts-auth,4.61,ts-seat,3.2117,ts-delivery,2.1,ts-ticketinfo,0.086
22, -- ,ts-basic,3314.5965,ts-travel,839.4586,ts-seat,331.5602,ts-train,169.887,ts-config,126.6888,ts-contacts,106.69,ts-assurance,59.78,ts-security,40.5775,ts-food,37.82,ts-station,34.9215,ts-food-map,34.6365,ts-preserve,28.105,ts-route,24.4168,ts-ticketinfo,22.01,ts-notification,16.0983,ts-execute,14.4725,ts-price,12.5433,ts-order,6.4912,ts-inside-payment,6.0175,ts-auth,4.9092,ts-payment,3.9025,ts-admin-route,1.9325,ts-delivery,1.89,ts-user,1.05,ts-preserve-other,1.0412,ts-rebook,0.49,ts-verification-code,0.355
23, -- ,ts-food,548.09,ts-security,188.91,ts-travel,177.07,ts-food-map,139.64,ts-admin-order,84.5221,ts-config,66.445,ts-assurance,48.21,ts-station,39.0443,ts-inside-payment,38.035,ts-train,37.8718,ts-order,25.7325,ts-ticketinfo,19.768,ts-preserve,14.17,ts-auth,8.6825,ts-seat,4.9837,ts-route,4.3867,ts-basic,4.222,ts-payment,3.2025,ts-admin-route,2.8937,ts-price,1.5583,ts-admin-basic-info,0.7212,ts-execute,0.34,ts-notification,0.33
24, -- ,ts-food,415.92,ts-order,283.7795,ts-travel,142.8319,ts-security,124.89,ts-food-map,73.7515,ts-train,58.6937,ts-config,46.0246,ts-basic,20.769,ts-ticketinfo,14.53,ts-station,14.359,ts-execute,11.6125,ts-admin-order,10.642,ts-price,5.573,ts-auth,5.4933,ts-seat,3.98,ts-inside-payment,2.87,ts-notification,2.44,ts-assurance,1.26,ts-preserve,0.925,ts-cancel,0.57,ts-route,0.395,ts-user,0.0509,ts-rebook,0.01
25, -- ,ts-inside-payment,925.1017,ts-assurance,682.7767,ts-security,194.5675,ts-order,160.8062,ts-travel,135.5673,ts-seat,128.3033,ts-preserve,114.755,ts-execute,48.95,ts-config,46.0,ts-food-map,44.4805,ts-ticketinfo,42.3332,ts-payment,41.68,ts-contacts,16.71,ts-user,13.32,ts-food,11.4,ts-train,10.3497,ts-basic,4.697,ts-notification,4.375,ts-station,3.835,ts-admin-order,0.6625,ts-delivery,0.6086
26, -- ,ts-inside-payment,1992.7175,ts-seat,630.0829,ts-assurance,512.4533,ts-security,218.9125,ts-travel,107.0758,ts-config,92.9345,ts-price,64.265,ts-preserve,41.91,ts-contacts,33.7033,ts-food-map,26.2305,ts-route,19.6819,ts-station,16.8162,ts-execute,11.0858,ts-cancel,10.8,ts-order,6.9607,ts-train,5.9606,ts-basic,5.116,ts-payment,4.615,ts-user,1.02,ts-notification,0.06
27, -- ,ts-travel,984.0378,ts-inside-payment,816.53,ts-seat,362.4068,ts-assurance,230.73,ts-food-map,195.7355,ts-security,156.4,ts-config,60.89,ts-basic,54.4793,ts-contacts,50.13,ts-ticketinfo,48.8216,ts-payment,24.3125,ts-price,23.4783,ts-user,22.9267,ts-order,19.0175,ts-cancel,15.2317,ts-food,8.48,ts-train,4.39,ts-execute,3.63,ts-station,2.5733,ts-route,1.4406,ts-notification,0.565,ts-preserve,0.095
28, -- ,ts-user,229.17,ts-basic,225.4036,ts-route,214.665,ts-travel,156.1706,ts-food,86.7633,ts-ticketinfo,56.9426,ts-config,55.5939,ts-station,49.5516,ts-food-map,40.136,ts-order,31.7207,ts-contacts,31.26,ts-security,25.3525,ts-execute,21.9575,ts-train,18.6023,ts-price,11.592,ts-seat,7.4586,ts-preserve,3.31,ts-assurance,2.97,ts-notification,2.695,ts-payment,2.61,ts-inside-payment,1.46,ts-delivery,0.815
29, -- ,ts-user,464.0927,ts-price,261.2763,ts-food,124.9625,ts-contacts,103.91,ts-travel,91.9912,ts-config,53.48,ts-ticketinfo,38.022,ts-admin-order,35.1138,ts-order,27.8658,ts-security,12.8475,ts-station,10.5533,ts-cancel,10.17,ts-execute,5.6275,ts-train,4.633,ts-notification,4.0533,ts-route,3.7467,ts-inside-payment,2.308,ts-food-map,1.8705,ts-preserve,1.455,ts-delivery,1.01,ts-basic,0.9832,ts-seat,0.3333,ts-payment,0.23
30, -- ,ts-user,496.7727,ts-travel,484.7943,ts-food,407.1775,ts-price,168.4383,ts-inside-payment,117.7925,ts-config,101.3629,ts-route,90.2256,ts-security,83.6775,ts-admin-order,82.9732,ts-seat,79.0745,ts-train,74.2089,ts-station,59.3322,ts-payment,55.4681,ts-preserve,53.79,ts-ticketinfo,46.0875,ts-execute,37.445,ts-food-map,22.59,ts-contacts,13.14,ts-notification,10.4483,ts-order,7.565,ts-assurance,4.38,ts-basic,2.6659
31, -- ,ts-seat,455.2333,ts-food-map,406.76,ts-user,381.89,ts-travel,144.0361,ts-price,97.7533,ts-order,56.905,ts-route,53.3556,ts-config,50.3632,ts-notification,49.1117,ts-payment,43.81,ts-inside-payment,35.925,ts-consign,27.8633,ts-security,24.685,ts-admin-basic-info,18.625,ts-admin-travel,14.1887,ts-admin-route,11.9325,ts-train,11.2668,ts-ticketinfo,11.196,ts-execute,6.17,ts-admin-order,4.484,ts-verification-code,4.075,ts-preserve,3.83,ts-auth,2.4033,ts-food,0.92,ts-station,0.6933
32, -- ,ts-travel,892.2619,ts-route,96.7577,ts-security,66.0898,ts-food-map,65.69,ts-config,57.0905,ts-train,51.8741,ts-order,34.5884,ts-seat,29.1367,ts-admin-order,25.951,ts-assurance,23.4267,ts-notification,18.595,ts-admin-basic-info,15.385,ts-preserve,14.975,ts-food,13.9,ts-admin-travel,11.4587,ts-rebook,10.8112,ts-admin-route,9.865,ts-execute,8.42,ts-ticketinfo,8.1238,ts-inside-payment,6.275,ts-consign,5.5733,ts-payment,4.1845,ts-price,3.37,ts-verification-code,3.055,ts-basic,0.0275
33, -- ,ts-travel,126.085,ts-security,97.6933,ts-order,84.8979,ts-train,81.5235,ts-auth,73.7165,ts-contacts,65.82,ts-config,63.2653,ts-seat,46.4033,ts-preserve,21.96,ts-payment,21.885,ts-notification,17.4157,ts-ticketinfo,15.958,ts-admin-order,15.428,ts-cancel,14.32,ts-route,13.91,ts-admin-travel,12.9725,ts-admin-route,10.9,ts-verification-code,9.69,ts-food,9.115,ts-inside-payment,8.0358,ts-price,5.7917,ts-admin-user,5.49,ts-execute,4.1487,ts-basic,3.375,ts-food-map,0.69,ts-station,0.2267,ts-assurance,0.0867
34, -- ,ts-payment,89.9454,ts-delivery,87.56,ts-travel,73.5149,ts-train,61.2066,ts-inside-payment,56.9508,ts-config,53.5764,ts-seat,49.043,ts-admin-order,42.1764,ts-security,21.885,ts-food,21.49,ts-contacts,21.41,ts-order,11.89,ts-food-map,11.275,ts-preserve,7.905,ts-ticketinfo,7.228,ts-price,5.352,ts-execute,2.93,ts-basic,2.768,ts-admin-travel,2.3437,ts-notification,2.1557,ts-station,2.1033,ts-auth,0.8567,ts-user,0.81,ts-preserve-other,0.5212,ts-cancel,0.07,ts-rebook,0.01
35, -- ,ts-security,736.89,ts-execute,687.53,ts-station,685.5067,ts-train,664.8495,ts-config,436.9194,ts-ticketinfo,297.1567,ts-travel,283.7661,ts-payment,149.4231,ts-order,105.9071,ts-delivery,87.58,ts-seat,35.711,ts-price,33.985,ts-inside-payment,31.5325,ts-assurance,22.4833,ts-route,7.688,ts-user,5.7,ts-contacts,5.4,ts-food,3.28,ts-preserve,2.8683,ts-admin-order,0.778,ts-notification,0.3733
36, -- ,ts-security,3984.73,ts-train,1198.8446,ts-execute,1180.165,ts-payment,700.4625,ts-config,678.5187,ts-station,665.7974,ts-ticketinfo,349.5419,ts-basic,128.4865,ts-travel,122.1844,ts-order,94.6271,ts-food-map,72.094,ts-price,39.6017,ts-inside-payment,39.2529,ts-seat,29.0983,ts-food,23.88,ts-admin-order,9.7179,ts-preserve,4.125,ts-auth,2.4033,ts-user,1.7218,ts-route,1.255,ts-assurance,1.0467,ts-notification,0.88
37, -- ,ts-seat,954.9183,ts-payment,578.7775,ts-basic,280.2364,ts-train,186.0291,ts-travel,154.7284,ts-station,150.2547,ts-order,128.2925,ts-security,101.115,ts-price,77.2723,ts-cancel,76.62,ts-ticketinfo,69.0845,ts-config,57.2768,ts-execute,38.265,ts-food,25.72,ts-auth,12.9967,ts-inside-payment,10.4525,ts-route,6.42,ts-notification,6.0433,ts-user,1.3873,ts-food-map,0.77,ts-preserve,0.5,ts-admin-order,0.07
38, -- ,ts-basic,482.6783,ts-ticketinfo,332.0757,ts-order,318.3221,ts-travel,290.2212,ts-station,161.1528,ts-config,104.5878,ts-seat,83.9718,ts-train,78.6361,ts-user,44.4633,ts-security,38.3425,ts-preserve,34.6467,ts-route,25.2783,ts-price,18.4837,ts-auth,11.01,ts-consign,7.89,ts-contacts,7.26,ts-execute,4.3675,ts-inside-payment,1.8425,ts-notification,1.005,ts-food-map,0.44,ts-assurance,0.33,ts-payment,0.29,ts-cancel,0.19
39, -- ,ts-order,1295.963,ts-ticketinfo,519.7366,ts-basic,503.1539,ts-travel,205.2783,ts-config,97.9212,ts-seat,59.9293,ts-security,56.08,ts-station,27.5956,ts-execute,12.5275,ts-price,9.4684,ts-route,6.8443,ts-assurance,6.7286,ts-ticket-office,5.94,ts-payment,5.9,ts-consign,5.8114,ts-train,3.1167,ts-contacts,2.32,ts-preserve,1.53,ts-food-map,0.203
40, -- ,ts-order,751.3767,ts-security,526.6175,ts-payment,178.155,ts-travel,165.8726,ts-seat,100.1366,ts-route,86.3183,ts-config,69.5014,ts-basic,68.813,ts-price,62.7483,ts-admin-order,28.0592,ts-execute,19.56,ts-station,16.0775,ts-ticketinfo,11.7282,ts-preserve,10.955,ts-food-map,10.0986,ts-cancel,8.34,ts-consign,7.44,ts-train,4.8053,ts-contacts,4.62,ts-admin-travel,2.55,ts-assurance,2.55,ts-inside-payment,2.155,ts-delivery,0.82,ts-notification,0.57
41, -- ,ts-security,878.0575,ts-preserve,315.5,ts-travel,155.6355,ts-config,107.7766,ts-route,103.965,ts-food-map,97.5305,ts-inside-payment,74.2217,ts-price,56.8117,ts-train,54.3173,ts-seat,48.4439,ts-order,39.7342,ts-payment,38.275,ts-basic,33.1861,ts-station,22.9949,ts-ticket-office,18.5571,ts-assurance,16.77,ts-food,8.06,ts-execute,3.2675,ts-auth,3.0633,ts-ticketinfo,0.7587,ts-delivery,0.66
42, -- ,ts-order,297.9923,ts-preserve,227.655,ts-inside-payment,58.8002,ts-config,47.555,ts-assurance,45.7414,ts-food-map,40.078,ts-travel,36.1544,ts-security,31.93,ts-route,31.822,ts-admin-order,28.5777,ts-payment,13.805,ts-train,9.6708,ts-contacts,7.2,ts-price,4.45,ts-notification,3.255,ts-basic,2.805,ts-seat,2.3917,ts-execute,2.1975,ts-station,2.1033,ts-delivery,1.99,ts-ticketinfo,1.9856,ts-auth,0.1843
43, -- ,ts-seat,338.1135,ts-payment,229.9225,ts-security,171.0316,ts-auth,127.7429,ts-inside-payment,101.2636,ts-price,99.7757,ts-basic,98.1677,ts-cancel,80.55,ts-config,46.0,ts-travel,43.3639,ts-train,34.4422,ts-order,34.3025,ts-preserve,29.66,ts-execute,16.08,ts-food,14.9008,ts-delivery,7.62,ts-food-map,5.953,ts-assurance,5.58,ts-ticketinfo,3.8156,ts-preserve-other,3.18,ts-station,2.8075,ts-route,0.648
44, -- ,ts-seat,365.8278,ts-ticketinfo,260.6376,ts-travel,142.7865,ts-basic,114.3345,ts-payment,105.42,ts-config,93.9543,ts-price,69.097,ts-auth,67.7194,ts-train,61.7408,ts-security,55.6625,ts-route,48.3268,ts-notification,42.7632,ts-station,20.8725,ts-preserve,19.815,ts-food-map,19.538,ts-contacts,15.55,ts-order,14.975,ts-assurance,10.86,ts-consign,9.78,ts-user,9.6,ts-admin-order,1.5386,ts-execute,0.43
45, -- ,ts-user,330.7691,ts-security,66.08,ts-config,59.5067,ts-contacts,59.24,ts-execute,48.81,ts-price,43.3644,ts-food-map,19.63,ts-food,15.5,ts-travel,14.9135,ts-seat,13.5481,ts-order,11.6937,ts-station,10.11,ts-consign,7.83,ts-admin-order,5.5333,ts-basic,3.8015,ts-assurance,2.8467,ts-payment,2.34,ts-preserve,2.06,ts-delivery,1.77,ts-notification,1.5533,ts-inside-payment,1.135,ts-route,0.95,ts-auth,0.8567,ts-train,0.4144
46, -- ,ts-security,198.3725,ts-execute,139.51,ts-user,138.1055,ts-travel,72.1884,ts-seat,51.5106,ts-route,50.0542,ts-config,46.2774,ts-order,17.3483,ts-food,12.46,ts-contacts,8.25,ts-admin-order,7.8333,ts-train,5.9409,ts-ticketinfo,5.324,ts-consign,3.8914,ts-delivery,3.84,ts-notification,3.63,ts-price,2.9469,ts-ticket-office,2.3143,ts-basic,2.1346,ts-station,0.2267
47, -- ,ts-auth,4752.0,ts-travel,61.272,ts-config,50.15,ts-security,42.1425,ts-seat,31.4719,ts-route,28.285,ts-order,22.9162,ts-ticketinfo,16.2125,ts-assurance,9.33,ts-contacts,2.94,ts-train,1.8351,ts-basic,1.54,ts-food-map,0.66,ts-admin-order,0.434,ts-price,0.3267
48, -- ,ts-travel,68.6315,ts-security,51.8358,ts-config,50.15,ts-seat,42.866,ts-price,39.7762,ts-notification,34.0383,ts-cancel,26.52,ts-route,23.1873,ts-inside-payment,15.2633,ts-order,13.9983,ts-ticketinfo,7.704,ts-station,4.85,ts-preserve,3.46,ts-food-map,3.05,ts-assurance,2.9743,ts-execute,1.4525,ts-contacts,1.12,ts-train,1.0567,ts-delivery,0.53,ts-admin-route,0.01
49, -- ,ts-route,488.955,ts-contacts,126.34,ts-inside-payment,112.0523,ts-travel,94.5664,ts-seat,69.3954,ts-security,59.615,ts-price,52.1773,ts-assurance,49.56,ts-config,49.2964,ts-admin-order,25.2554,ts-train,21.3388,ts-notification,16.5,ts-execute,11.77,ts-preserve,10.765,ts-food-map,10.2508,ts-station,10.2156,ts-order,8.8487,ts-preserve-other,3.78,ts-ticketinfo,3.578,ts-payment,2.5345,ts-delivery,1.44,ts-basic,0.0275
50, -- ,ts-order,215.425,ts-basic,156.355,ts-contacts,74.2733,ts-security,58.8725,ts-price,57.039,ts-config,48.6046,ts-food,37.44,ts-route,26.6267,ts-inside-payment,26.362,ts-delivery,21.4142,ts-station,15.6134,ts-assurance,14.76,ts-seat,14.417,ts-travel,10.4474,ts-consign,6.9343,ts-execute,6.2717,ts-train,3.5081,ts-preserve,2.2,ts-notification,0.51,ts-admin-user,0.12
51, -- ,ts-order,276.2918,ts-assurance,231.4733,ts-travel,205.8603,ts-security,48.3125,ts-config,46.0,ts-user,30.555,ts-food-map,29.636,ts-food,27.79,ts-seat,23.9405,ts-contacts,16.8067,ts-inside-payment,12.3533,ts-ticketinfo,12.2827,ts-execute,11.15,ts-station,9.7062,ts-train,5.6753,ts-consign,5.5029,ts-price,4.45,ts-payment,4.31,ts-preserve,3.76,ts-basic,2.805,ts-verification-code,2.7,ts-route,2.486,ts-auth,1.35,ts-notification,1.21
52, -- ,ts-travel,293.1269,ts-order,163.6525,ts-payment,97.33,ts-notification,96.65,ts-admin-order,52.9325,ts-config,46.0,ts-train,42.4867,ts-food,31.94,ts-security,30.15,ts-seat,27.9564,ts-delivery,11.83,ts-consign,10.26,ts-station,9.2871,ts-contacts,9.185,ts-preserve,8.665,ts-route,8.4881,ts-food-map,6.3175,ts-assurance,5.17,ts-admin-travel,4.5,ts-user,4.23,ts-execute,2.42,ts-ticketinfo,0.9264,ts-basic,0.0275
53, -- ,ts-travel,313.5602,ts-order,89.52,ts-config,73.778,ts-user,39.41,ts-assurance,36.7233,ts-payment,34.2375,ts-security,23.895,ts-inside-payment,22.6192,ts-consign,20.7,ts-admin-order,19.4437,ts-seat,18.0913,ts-station,12.9375,ts-route,10.7013,ts-price,7.3495,ts-food-map,5.4547,ts-basic,5.1875,ts-execute,4.8529,ts-delivery,4.385,ts-contacts,2.99,ts-train,2.9071,ts-admin-basic-info,2.4037,ts-ticket-office,1.9886,ts-rebook,1.9325,ts-preserve,1.42,ts-food,1.08,ts-verification-code,0.835,ts-ticketinfo,0.562
54, -- ,ts-travel,82.7441,ts-food-map,75.3855,ts-contacts,68.595,ts-config,46.0,ts-security,40.5075,ts-order,26.1996,ts-price,26.195,ts-admin-order,19.9486,ts-inside-payment,19.875,ts-user,6.2833,ts-station,4.33,ts-assurance,3.1624,ts-notification,2.1283,ts-rebook,1.9325,ts-seat,1.635,ts-train,1.605,ts-admin-basic-info,1.4425,ts-execute,0.8675,ts-food,0.21,ts-verification-code,0.2
55, -- ,ts-travel,290.2236,ts-station,95.2731,ts-config,46.075,ts-payment,37.8655,ts-price,35.4237,ts-security,22.6175,ts-order,15.33,ts-admin-order,14.2062,ts-assurance,9.9,ts-seat,6.225,ts-user,3.7645,ts-inside-payment,3.6845,ts-food-map,2.8565,ts-notification,2.68,ts-consign,1.9543,ts-cancel,1.52,ts-food,0.21
56, -- ,ts-travel,344.2052,ts-inside-payment,112.15,ts-security,60.1041,ts-config,50.4879,ts-order,34.14,ts-seat,29.948,ts-train,29.1977,ts-payment,23.34,ts-food-map,19.641,ts-basic,13.9175,ts-delivery,8.09,ts-route,5.4138,ts-execute,5.2225,ts-assurance,5.0229,ts-user,2.6582,ts-consign,2.5114,ts-station,2.4224,ts-preserve,0.77,ts-admin-order,0.724,ts-contacts,0.47,ts-notification,0.445,ts-rebook,0.25
57, -- ,ts-travel,146.8822,ts-order,144.1842,ts-config,109.9345,ts-seat,94.1944,ts-user,53.4933,ts-ticketinfo,51.943,ts-price,45.2937,ts-food,36.8733,ts-security,32.645,ts-payment,22.255,ts-food-map,21.2425,ts-route,16.1933,ts-assurance,15.3,ts-delivery,12.235,ts-station,11.3615,ts-contacts,7.65,ts-preserve,4.945,ts-train,3.5295,ts-auth,1.082,ts-inside-payment,0.5175
58, -- ,ts-train,84.9118,ts-inside-payment,54.2586,ts-travel,52.5737,ts-config,46.0,ts-order,36.7343,ts-food-map,29.371,ts-execute,22.4233,ts-security,22.3725,ts-admin-order,19.7912,ts-contacts,19.435,ts-station,13.6721,ts-price,8.0486,ts-consign,7.6971,ts-food,7.56,ts-seat,5.8498,ts-delivery,5.71,ts-admin-basic-info,2.73,ts-payment,2.615,ts-route,2.398,ts-user,2.3167,ts-notification,1.145,ts-ui,0.592
59, -- ,ts-travel,430.7001,ts-station,107.2656,ts-price,48.4783,ts-config,46.0,ts-inside-payment,38.5566,ts-seat,25.971,ts-food-map,18.3425,ts-order,17.425,ts-security,14.885,ts-assurance,13.11,ts-verification-code,7.2,ts-consign,7.2,ts-admin-order,5.3405,ts-notification,4.0,ts-admin-travel,2.73,ts-auth,2.112,ts-train,1.56,ts-basic,0.646,ts-delivery,0.64,ts-route,0.4575
60, -- ,ts-travel,162.1054,ts-assurance,79.5838,ts-price,49.5337,ts-config,47.185,ts-food,38.6,ts-security,29.915,ts-contacts,27.645,ts-food-map,25.5735,ts-admin-basic-info,23.5525,ts-payment,19.185,ts-admin-travel,15.0,ts-execute,13.1011,ts-notification,10.66,ts-preserve,5.0617,ts-admin-route,2.55,ts-basic,1.652,ts-user,1.11,ts-admin-order,0.724,ts-inside-payment,0.5417,ts-auth,0.1933,ts-route,0.08,ts-order,0.03
61, -- ,ts-train,107.5125,ts-travel,106.1762,ts-security,92.035,ts-config,52.9241,ts-order,44.1857,ts-rebook,28.8137,ts-user,27.72,ts-station,24.4047,ts-consign,23.94,ts-notification,22.78,ts-seat,17.8217,ts-verification-code,15.0,ts-food,13.54,ts-preserve-other,10.17,ts-route,7.8649,ts-delivery,7.56,ts-food-map,6.7705,ts-ticket-office,5.8629,ts-preserve,5.215,ts-contacts,2.28,ts-admin-travel,2.0837,ts-admin-basic-info,1.9225,ts-admin-order,1.922,ts-assurance,1.4733,ts-auth,1.2967,ts-ticketinfo,0.88,ts-admin-route,0.25,ts-payment,0.185,ts-basic,0.088
62, -- ,ts-train,3032.5245,ts-travel,113.3847,ts-assurance,68.6743,ts-preserve,61.7,ts-config,46.0,ts-food-map,41.513,ts-security,40.7282,ts-food,15.3075,ts-execute,13.49,ts-user,11.22,ts-notification,10.5,ts-seat,9.7556,ts-rebook,4.0962,ts-auth,3.6854,ts-order,3.125,ts-delivery,1.63,ts-basic,0.87,ts-route,0.608,ts-preserve-other,0.26,ts-admin-order,0.232,ts-ticketinfo,0.086,ts-inside-payment,0.0725
63, -- ,ts-train,5378.399,ts-basic,97.5275,ts-order,77.0782,ts-preserve,65.65,ts-config,46.0,ts-contacts,11.01,ts-travel,10.4737,ts-notification,7.0,ts-ticketinfo,6.594,ts-inside-payment,6.5,ts-security,5.495,ts-consign,4.8171,ts-delivery,1.5,ts-admin-route,0.9712,ts-assurance,0.4067,ts-seat,0.0483
64, -- ,ts-train,3663.8576,ts-ticket-office,52.41,ts-config,52.06,ts-security,36.575,ts-ticketinfo,15.0622,ts-food,7.62,ts-inside-payment,7.3012,ts-admin-travel,5.2087,ts-notification,5.0,ts-assurance,2.5543,ts-seat,1.7183,ts-basic,1.54,ts-admin-route,0.9712,ts-consign,0.9171,ts-execute,0.32,ts-admin-order,0.21
65, -- ,ts-train,1727.4665,ts-consign,108.8486,ts-ticket-office,62.9314,ts-food-map,55.6763,ts-ticketinfo,53.896,ts-config,46.7417,ts-ui,33.36,ts-security,23.5725,ts-travel,20.9494,ts-food,8.23,ts-verification-code,7.23,ts-station,3.5133,ts-seat,2.1567,ts-admin-travel,2.0837,ts-notification,1.48,ts-price,0.4717
66, -- ,ts-train,1332.9867,ts-travel,224.3521,ts-ticketinfo,55.8,ts-config,46.0,ts-basic,36.846,ts-food-map,17.2695,ts-ui,15.18,ts-security,9.3592,ts-consign,7.44,ts-station,3.5133,ts-admin-travel,2.0837,ts-admin-basic-info,0.4812,ts-admin-user,0.18,ts-assurance,0.1629
67, -- ,ts-train,3351.4749,ts-travel,217.6443,ts-basic,48.468,ts-config,46.0,ts-ui,15.18,ts-inside-payment,14.6958,ts-security,10.9475,ts-ticketinfo,7.07,ts-execute,2.7143,ts-order,1.54,ts-admin-order,1.5086,ts-notification,1.41
68, -- ,ts-train,4918.2594,ts-admin-order,182.7311,ts-travel,81.707,ts-route,46.3,ts-config,46.0,ts-order,33.0,ts-consign,25.5771,ts-security,18.6377,ts-inside-payment,9.4133,ts-cancel,7.29,ts-seat,3.0167,ts-ticketinfo,0.72,ts-basic,0.0275
69, -- ,ts-train,4273.0325,ts-config,51.2509,ts-security,40.075,ts-travel,27.71,ts-consign,17.3686,ts-assurance,7.1486,ts-ticketinfo,5.958,ts-preserve,2.5767,ts-admin-order,2.304,ts-delivery,1.23,ts-basic,1.092
70, -- ,ts-train,3861.3286,ts-security,190.9425,ts-contacts,84.04,ts-auth,73.7165,ts-config,46.0,ts-price,33.2617,ts-seat,8.6619,ts-basic,4.78,ts-ticketinfo,4.192,ts-order,1.5625,ts-notification,0.885,ts-preserve,0.63,ts-travel,0.04
71, -- ,ts-train,3738.2042,ts-security,216.21,ts-seat,101.481,ts-preserve,54.36,ts-config,46.0,ts-price,36.5217,ts-contacts,11.73,ts-food-map,11.2433,ts-travel,8.8,ts-admin-travel,3.125,ts-ticket-office,1.8686,ts-station,0.312
72, -- ,ts-train,4552.6121,ts-config,46.0,ts-consign,29.5457,ts-travel,23.275,ts-contacts,14.655,ts-food,8.28,ts-execute,6.8775,ts-seat,6.645,ts-security,6.125,ts-admin-travel,3.125,ts-price,2.645,ts-food-map,0.28
73, -- ,ts-train,4845.3169,ts-config,46.0,ts-security,18.3775,ts-execute,3.2675,ts-price,1.5583,ts-assurance,0.6171,ts-route,0.2725,ts-basic,0.0275
74, -- ,ts-train,4182.9081,ts-inside-payment,74.7115,ts-config,46.0,ts-admin-order,31.4314,ts-security,27.2375,ts-preserve,17.1,ts-travel,3.5743,ts-verification-code,2.76,ts-station,1.09,ts-ticketinfo,1.038,ts-food-map,0.9,ts-price,0.045
75, -- ,ts-train,4300.6436,ts-food,119.42,ts-config,46.0,ts-consign,30.02,ts-assurance,11.46,ts-order,9.1736,ts-rebook,6.7612,ts-contacts,5.46,ts-travel,5.17,ts-security,4.9975,ts-admin-order,4.8943,ts-basic,1.428,ts-admin-basic-info,0.87,ts-notification,0.77,ts-inside-payment,0.4825
76, -- ,ts-train,4413.9846,ts-contacts,105.58,ts-config,46.0,ts-notification,27.82,ts-ui,15.18,ts-security,13.1075,ts-assurance,10.95,ts-travel,5.83,ts-preserve,4.39,ts-delivery,3.994,ts-admin-order,1.976,ts-basic,1.428,ts-rebook,0.9712,ts-inside-payment,0.8312,ts-route,0.1533
77, -- ,ts-train,4804.7675,ts-config,46.0,ts-security,32.2125,ts-price,28.937,ts-travel,23.26,ts-execute,18.5725,ts-contacts,8.92,ts-ticketinfo,8.538,ts-preserve,6.106,ts-ui,6.09,ts-food-map,4.8285,ts-delivery,4.73,ts-ticket-office,2.9229,ts-order,2.06,ts-inside-payment,0.8312,ts-consign,0.48
78, -- ,ts-train,5101.7892,ts-notification,257.8132,ts-security,167.605,ts-preserve,159.885,ts-ticketinfo,131.99,ts-payment,71.4045,ts-config,46.0,ts-travel,29.0603,ts-ui,24.27,ts-food,18.62,ts-seat,14.4075,ts-route,12.1183,ts-contacts,11.76,ts-delivery,9.15,ts-assurance,8.16,ts-food-map,7.611,ts-basic,5.5825,ts-station,3.4187,ts-order,2.6125,ts-inside-payment,1.8425,ts-execute,0.77
79, -- ,ts-train,4196.0613,ts-ticketinfo,153.5449,ts-security,84.065,ts-order,70.5514,ts-config,65.367,ts-food-map,64.467,ts-travel,60.1021,ts-route,42.8328,ts-price,39.6017,ts-station,27.8871,ts-assurance,23.4,ts-user,22.32,ts-seat,19.1663,ts-contacts,18.75,ts-preserve,8.94,ts-inside-payment,3.0625,ts-payment,2.235,ts-execute,2.1775,ts-notification,1.485,ts-basic,1.204,ts-admin-order,0.4033
80, -- ,ts-train,4319.5871,ts-assurance,1526.8467,ts-security,256.855,ts-inside-payment,189.9967,ts-travel,82.1528,ts-config,46.0,ts-price,39.3996,ts-seat,16.8164,ts-route,8.5308,ts-admin-order,7.5686,ts-food-map,7.476,ts-station,5.8887,ts-order,5.5433,ts-preserve,0.58
81, -- ,ts-train,4239.2574,ts-assurance,873.59,ts-config,46.0,ts-station,18.07,ts-inside-payment,16.7525,ts-admin-order,14.3399,ts-basic,4.222,ts-ticketinfo,4.212,ts-execute,2.285,ts-delivery,0.252,ts-notification,0.05
82, -- ,ts-train,4908.0794,ts-auth,86.95,ts-config,48.7843,ts-route,9.03,ts-admin-order,6.2625,ts-basic,6.12,ts-station,4.998,ts-inside-payment,1.5483,ts-ticketinfo,1.514
83, -- ,ts-train,4981.0728,ts-notification,232.085,ts-travel,124.4427,ts-auth,86.73,ts-config,46.0,ts-seat,20.7502,ts-admin-user,12.09,ts-station,8.45,ts-ticketinfo,1.674,ts-basic,1.428
84, -- ,ts-train,4387.101,ts-config,46.0,ts-ticketinfo,40.086,ts-basic,24.78,ts-travel,22.315,ts-inside-payment,21.71,ts-ui,6.09,ts-admin-order,2.358
85, -- ,ts-train,4346.0747,ts-order,131.2643,ts-config,46.0,ts-ticketinfo,30.404,ts-travel,23.17,ts-notification,10.7033,ts-rebook,6.7,ts-ui,6.09,ts-delivery,4.11,ts-verification-code,3.6,ts-basic,3.55,ts-admin-order,2.4458,ts-security,1.9575,ts-route,1.2767
86, -- ,ts-train,4285.4693,ts-notification,109.7882,ts-config,83.1763,ts-route,71.9358,ts-order,65.74,ts-seat,39.0,ts-ticketinfo,18.18,ts-station,10.364,ts-basic,6.456,ts-security,1.9575,ts-rebook,0.49,ts-travel,0.1267
87, -- ,ts-train,5046.9125,ts-seat,97.3722,ts-notification,66.6417,ts-config,46.0,ts-basic,5.562,ts-station,4.1647,ts-inside-payment,2.4092,ts-contacts,0.512,ts-auth,0.4167
88, -- ,ts-train,5125.6464,ts-station,118.5954,ts-config,46.0,ts-ticketinfo,2.466,ts-route,1.42,ts-price,0.6517,ts-travel,0.425,ts-auth,0.4167
89, -- ,ts-train,4167.6319,ts-config,46.0,ts-seat,39.0,ts-travel,21.4833,ts-notification,15.745,ts-ui,4.8477,ts-route,1.4425
90, -- ,ts-train,4240.0916,ts-notification,337.59,ts-config,46.0,ts-seat,33.9842,ts-delivery,19.8415,ts-ticketinfo,9.45,ts-travel,8.2,ts-admin-order,7.5407,ts-basic,5.898,ts-consign,4.8857,ts-price,1.9543,ts-route,1.3017,ts-food-map,0.7971,ts-station,0.314
91, -- ,ts-train,4122.4548,ts-config,46.075,ts-route,16.4633,ts-ticketinfo,6.276,ts-basic,5.562,ts-price,2.4633,ts-security,0.05
92, -- ,ts-train,5183.2083,ts-config,46.075,ts-route,33.5767,ts-travel,19.36,ts-ui,15.66,ts-station,11.1647,ts-ticketinfo,9.292,ts-consign,3.54,ts-security,0.9175
93, -- ,ts-train,5325.8678,ts-auth,48.76,ts-config,46.0,ts-notification,24.4067,ts-ticketinfo,15.5395,ts-basic,12.602,ts-travel,12.25,ts-inside-payment,10.0617,ts-ui,7.842,ts-assurance,5.7257,ts-admin-order,2.8204,ts-security,2.23,ts-route,0.76,ts-station,0.68,ts-seat,0.044
94, -- ,ts-train,4170.407,ts-notification,258.0332,ts-config,46.0,ts-auth,42.58,ts-ticketinfo,24.054,ts-basic,15.842,ts-travel,13.075,ts-food-map,0.813,ts-station,0.209
95, -- ,ts-train,4285.4356,ts-basic,164.222,ts-seat,57.72,ts-config,46.0,ts-preserve-other,30.5912,ts-ticketinfo,28.499,ts-admin-travel,19.44,ts-travel,16.42,ts-consign,11.7,ts-notification,5.375,ts-inside-payment,3.555,ts-food-map,2.312,ts-auth,1.96,ts-order,1.2867,ts-admin-order,0.51
96, -- ,ts-train,4211.7497,ts-basic,165.338,ts-rebook,84.9475,ts-config,46.0,ts-station,10.0612,ts-preserve-other,3.9062,ts-ticketinfo,1.832,ts-order,1.725,ts-consign,1.2,ts-admin-travel,0.5212
97, -- ,ts-train,5141.0359,ts-config,46.0,ts-security,41.3764,ts-contacts,34.155,ts-travel,25.2164,ts-station,19.5462,ts-ticketinfo,18.658,ts-basic,14.948,ts-rebook,4.8175,ts-consign,2.5029
98, -- ,ts-train,5181.6908,ts-auth,119.4994,ts-config,46.0,ts-station,16.789,ts-route,6.4033,ts-travel,5.005,ts-basic,4.332,ts-notification,1.6633,ts-seat,0.8517,ts-ui,0.155,ts-user,0.12
99, -- ,ts-train,4115.4834,ts-auth,86.8633,ts-security,86.12,ts-config,48.9123,ts-admin-user,23.46,ts-station,18.9001,ts-ticketinfo,13.42,ts-route,9.5067,ts-travel,9.115,ts-food-map,5.104,ts-consign,0.18,ts-notification,0.03
100, -- ,ts-train,4255.6623,ts-config,46.435,ts-travel,24.6686,ts-auth,18.4013,ts-ui,15.18,ts-basic,9.026,ts-food,7.5,ts-seat,1.244,ts-preserve,1.195,ts-user,0.9933,ts-station,0.0275
101, -- ,ts-train,4203.094,ts-preserve-other,89.2675,ts-verification-code,50.02,ts-config,46.0,ts-price,23.0873,ts-ui,15.18,ts-travel,8.769,ts-auth,5.142,ts-consign,4.6886,ts-ticketinfo,2.784,ts-delivery,1.51,ts-admin-order,0.66,ts-station,0.2211
102, -- ,ts-train,5237.9825,ts-config,46.0,ts-preserve,29.45,ts-seat,12.2914,ts-preserve-other,4.4275,ts-admin-order,4.2958,ts-auth,2.536,ts-route,0.705,ts-order,0.205,ts-travel,0.06
103, -- ,ts-train,5266.0418,ts-config,46.445,ts-contacts,30.48,ts-preserve,29.45,ts-inside-payment,9.9683,ts-assurance,2.0657,ts-security,0.9175,ts-route,0.805,ts-travel,0.6125,ts-admin-order,0.5073,ts-consign,0.2314,ts-basic,0.0275
104, -- ,ts-train,4244.3238,ts-travel,133.405,ts-config,46.0,ts-inside-payment,7.825,ts-station,7.0373,ts-ticket-office,1.2857,ts-security,0.9175,ts-auth,0.394
105, -- ,ts-train,4205.3993,ts-auth,55.8233,ts-config,46.0,ts-travel,39.38,ts-ticketinfo,24.4847,ts-basic,19.082,ts-consign,9.3514,ts-preserve-other,4.56,ts-security,1.5225,ts-ticket-office,0.2143
106, -- ,ts-train,4377.9806,ts-auth,57.37,ts-config,46.0,ts-basic,21.986,ts-route,12.3733,ts-travel,3.19,ts-ticketinfo,1.99,ts-contacts,1.9033,ts-security,0.85,ts-seat,0.7233,ts-notification,0.2314
107, -- ,ts-train,5193.9985,ts-contacts,73.73,ts-config,46.0,ts-price,41.4133,ts-food,14.0658,ts-route,10.4933,ts-auth,7.3492,ts-basic,5.116,ts-notification,4.3114,ts-travel,4.135,ts-ticketinfo,4.054,ts-delivery,3.7767,ts-seat,2.418,ts-assurance,0.8057,ts-station,0.12,ts-admin-order,0.058
108, -- ,ts-train,5470.4886,ts-contacts,87.96,ts-config,46.9156,ts-price,39.9633,ts-basic,38.252,ts-admin-user,28.98,ts-ticketinfo,13.896,ts-travel,6.505,ts-consign,2.16
109, -- ,ts-train,4061.6233,ts-config,46.0,ts-basic,23.886,ts-ticketinfo,9.45,ts-seat,5.6717,ts-security,1.84,ts-travel,1.53,ts-contacts,0.45,ts-auth,0.4469,ts-food-map,0.188
110, -- ,ts-train,4301.3309,ts-config,46.0,ts-consign,23.88,ts-basic,16.958,ts-travel,13.795,ts-admin-order,11.665,ts-route,6.6867,ts-seat,4.89,ts-contacts,3.13,ts-ticketinfo,2.942,ts-assurance,2.7686,ts-inside-payment,1.0675,ts-notification,0.3
111, -- ,ts-train,4228.2203,ts-consign,57.84,ts-config,46.0,ts-admin-order,10.586,ts-travel,8.303,ts-route,3.91,ts-auth,2.8433,ts-contacts,2.46,ts-admin-basic-info,1.89,ts-station,0.727,ts-user,0.5191
112, -- ,ts-train,5319.2813,ts-config,46.0,ts-ticketinfo,25.642,ts-security,22.7748,ts-auth,5.3383,ts-basic,4.78,ts-travel,1.4567,ts-notification,0.645,ts-admin-basic-info,0.4812,ts-route,0.4333,ts-station,0.4217
113, -- ,ts-train,5492.2307,ts-basic,189.808,ts-route,103.26,ts-notification,73.88,ts-config,46.0,ts-food-map,3.8657,ts-ticket-office,2.6314,ts-station,2.498,ts-seat,1.1667,ts-user,0.5191
114, -- ,ts-train,4169.9573,ts-basic,191.708,ts-route,176.7333,ts-travel,74.8308,ts-config,46.0,ts-ticketinfo,29.292,ts-admin-order,12.2293,ts-assurance,2.9057,ts-auth,1.96,ts-security,0.46,ts-notification,0.355,ts-order,0.2925,ts-station,0.18
115, -- ,ts-train,4279.9977,ts-route,105.4167,ts-config,46.0,ts-auth,14.8143,ts-ticketinfo,10.88,ts-basic,6.232,ts-consign,6.0,ts-user,4.3955,ts-travel,3.265,ts-ticket-office,1.5343,ts-station,1.454,ts-admin-user,1.375,ts-order,0.585
116, -- ,ts-train,4243.5285,ts-config,46.0,ts-seat,10.0133,ts-ticketinfo,8.658,ts-user,4.4627,ts-travel,2.431,ts-route,1.7,ts-assurance,1.2086,ts-consign,0.8829,ts-auth,0.8567
117, -- ,ts-train,5342.8243,ts-config,74.2867,ts-admin-user,46.92,ts-ticketinfo,43.896,ts-admin-order,36.1791,ts-travel,14.7826,ts-auth,7.6192,ts-seat,3.4487,ts-route,2.8633,ts-basic,0.87,ts-station,0.86,ts-user,0.4518,ts-security,0.25,ts-inside-payment,0.1667
118, -- ,ts-train,5535.4418,ts-config,52.594,ts-ticketinfo,45.324,ts-admin-user,37.62,ts-auth,27.5917,ts-basic,23.48,ts-delivery,23.2,ts-station,7.6656,ts-admin-order,7.1301,ts-travel,6.505,ts-route,2.6433,ts-security,0.655,ts-user,0.4518
119, -- ,ts-train,4271.2615,ts-inside-payment,116.1632,ts-config,46.0,ts-basic,18.188,ts-delivery,13.34,ts-security,0.8283,ts-notification,0.47
120, -- ,ts-train,4282.9917,ts-config,74.1665,ts-consign,19.8914,ts-seat,15.3654,ts-route,7.1567,ts-ticket-office,2.8457,ts-basic,1.092,ts-notification,0.14
121, -- ,ts-train,4189.6764,ts-config,46.0,ts-admin-order,13.9833,ts-route,8.4233,ts-inside-payment,3.0783,ts-seat,2.1567,ts-basic,1.874,ts-food-map,0.8829,ts-order,0.2633,ts-station,0.1675
122, -- ,ts-train,5461.0201,ts-config,46.0,ts-contacts,45.29,ts-travel,27.8013,ts-notification,20.84,ts-admin-order,13.312,ts-security,12.9331,ts-assurance,5.9143,ts-seat,1.33,ts-inside-payment,1.305,ts-station,0.12
123, -- ,ts-train,5779.733,ts-config,46.0,ts-notification,17.0,ts-basic,9.584,ts-travel,7.5097,ts-ticket-office,2.8029,ts-assurance,1.1657,ts-station,0.6862,ts-consign,0.48
124, -- ,ts-train,4172.8907,ts-order,58.8536,ts-config,47.4037,ts-consign,42.6429,ts-basic,9.92,ts-admin-order,5.0968,ts-inside-payment,3.9905,ts-notification,3.43,ts-travel,3.008,ts-auth,2.18,ts-seat,1.64,ts-ui,0.724
125, -- ,ts-train,4250.047,ts-config,60.5057,ts-inside-payment,24.9443,ts-admin-order,15.1994,ts-preserve-other,2.7,ts-basic,2.322,ts-seat,2.2675,ts-consign,0.9,ts-auth,0.8567,ts-security,0.56,ts-food-map,0.3514,ts-travel,0.24,ts-station,0.225
126, -- ,ts-train,4061.1324,ts-config,54.8325,ts-consign,33.9,ts-ticketinfo,18.7012,ts-station,3.418,ts-basic,2.656,ts-travel,1.2867,ts-assurance,0.5829
127, -- ,ts-train,5611.9779,ts-config,46.0,ts-travel,2.005,ts-notification,0.035
128, -- ,ts-train,5715.3196,ts-order,52.7421,ts-config,50.8814,ts-station,7.29,ts-travel,1.29
129, -- ,ts-train,4237.0387,ts-auth,73.7165,ts-station,69.2172,ts-ticketinfo,59.61,ts-config,46.0,ts-basic,39.194,ts-order,23.0,ts-ui,15.18,ts-seat,9.5967
130, -- ,ts-train,4206.4709,ts-ticketinfo,58.658,ts-config,46.0,ts-basic,44.556,ts-inside-payment,18.1936,ts-ui,15.6666,ts-admin-order,14.3907,ts-security,10.0506,ts-seat,2.539,ts-station,0.84,ts-travel,0.74,ts-route,0.0567
131, -- ,ts-train,4308.8666,ts-consign,204.62,ts-auth,118.3597,ts-config,46.0,ts-travel,45.205,ts-station,3.5461,ts-preserve-other,3.125,ts-ticketinfo,2.626,ts-notification,1.525,ts-security,0.37,ts-price,0.3633
132, -- ,ts-train,5518.9936,ts-auth,69.8066,ts-config,62.5094,ts-notification,13.2233,ts-admin-order,11.24,ts-ticketinfo,5.958,ts-consign,4.88,ts-route,3.4005,ts-basic,2.434,ts-price,1.195,ts-station,0.585
133, -- ,ts-train,5483.3468,ts-travel,270.6468,ts-assurance,153.8,ts-seat,99.3463,ts-station,99.1432,ts-config,67.8655,ts-price,63.4237,ts-route,50.5537,ts-basic,49.8224,ts-ticketinfo,34.1123,ts-security,30.9283,ts-inside-payment,18.9558,ts-ticket-office,12.52,ts-admin-order,10.15,ts-food-map,10.1385,ts-food,8.3867,ts-order,4.6575,ts-preserve,3.405,ts-user,1.9333,ts-notification,0.695
134, -- ,ts-train,4415.0053,ts-travel,87.3691,ts-price,87.3096,ts-user,57.3,ts-config,46.2455,ts-assurance,25.92,ts-security,25.82,ts-route,19.8364,ts-ticket-office,17.08,ts-inside-payment,12.83,ts-basic,3.886,ts-station,3.7625,ts-execute,3.7375,ts-consign,3.3429,ts-ticketinfo,1.99,ts-admin-order,1.4075,ts-food-map,0.36,ts-order,0.3075,ts-seat,0.0733
135, -- ,ts-train,4076.2018,ts-travel,136.7627,ts-user,135.44,ts-config,90.0829,ts-food,33.72,ts-security,31.74,ts-basic,25.4147,ts-food-map,21.245,ts-station,14.9028,ts-delivery,11.52,ts-route,6.2831,ts-ticketinfo,6.276,ts-payment,4.7975,ts-seat,4.7374,ts-inside-payment,3.8325,ts-notification,3.2983,ts-order,2.975,ts-price,1.8692,ts-assurance,1.59,ts-preserve,1.495,ts-execute,0.69
136, -- ,ts-train,4344.7786,ts-config,49.035,ts-ticketinfo,48.18,ts-travel,28.325,ts-auth,17.3765,ts-basic,15.954,ts-food,12.54,ts-inside-payment,10.2212,ts-delivery,6.59,ts-consign,6.2571,ts-price,3.37,ts-food-map,2.0,ts-preserve,1.17,ts-user,1.1,ts-security,1.0849,ts-route,0.972,ts-admin-travel,0.54,ts-order,0.47,ts-payment,0.1725,ts-station,0.165,ts-rebook,0.01
137, -- ,ts-train,5524.8923,ts-route,116.3033,ts-ticketinfo,66.912,ts-config,46.0,ts-travel,21.76,ts-basic,10.032,ts-execute,8.18,ts-ui,6.09,ts-seat,2.2867,ts-station,0.755
138, -- ,ts-train,5887.5086,ts-basic,86.12,ts-ticketinfo,71.038,ts-route,49.6567,ts-config,46.0,ts-travel,14.044,ts-ui,6.09,ts-inside-payment,3.4075,ts-assurance,2.3743,ts-security,2.1883,ts-order,1.7829,ts-station,0.6933
139, -- ,ts-train,4282.2957,ts-basic,82.21,ts-config,46.0,ts-seat,38.385,ts-ticketinfo,28.18,ts-route,19.4267,ts-auth,16.1992,ts-security,2.1883
140, -- ,ts-train,4186.3421,ts-ticketinfo,105.006,ts-basic,76.4,ts-config,46.0,ts-travel,30.9247,ts-auth,29.1133,ts-route,11.0567,ts-station,0.375
141, -- ,ts-train,4254.8114,ts-basic,82.434,ts-user,71.01,ts-travel,66.3,ts-config,46.0,ts-ticketinfo,41.038,ts-auth,30.4367,ts-station,12.665,ts-assurance,1.86
142, -- ,ts-train,5671.0088,ts-basic,196.624,ts-travel,96.235,ts-notification,46.5733,ts-admin-order,46.5724,ts-config,46.0,ts-ticketinfo,41.356,ts-route,13.7013,ts-inside-payment,8.845,ts-food,6.74,ts-seat,1.505,ts-security,1.345,ts-station,0.45
143, -- ,ts-train,5986.8167,ts-basic,197.406,ts-travel,58.0467,ts-config,54.4765,ts-admin-order,35.2975,ts-route,12.3733,ts-seat,2.4167,ts-consign,2.1,ts-security,1.345,ts-station,0.45
144, -- ,ts-train,4317.4139,ts-config,46.0,ts-travel,4.755,ts-notification,2.3433,ts-assurance,1.6033,ts-station,0.75,ts-preserve-other,0.66,ts-admin-order,0.3933,ts-auth,0.112
145, -- ,ts-train,4286.81,ts-basic,213.5215,ts-ticketinfo,53.578,ts-config,46.0,ts-consign,10.14,ts-food-map,2.9743,ts-seat,1.245,ts-travel,1.2377,ts-admin-order,0.7367,ts-station,0.69,ts-assurance,0.5667,ts-auth,0.233
146, -- ,ts-train,4275.6528,ts-price,300.1293,ts-basic,228.732,ts-config,46.0,ts-ticketinfo,45.642,ts-consign,12.4086,ts-ui,6.09,ts-station,4.5187,ts-seat,1.375,ts-rebook,0.9712,ts-travel,0.947,ts-admin-order,0.81,ts-auth,0.425,ts-notification,0.17
147, -- ,ts-train,5694.3063,ts-price,148.897,ts-config,46.0,ts-travel,12.408,ts-ui,6.09,ts-seat,3.218,ts-ticketinfo,2.626,ts-rebook,1.9325,ts-station,0.9
148, -- ,ts-train,6013.7752,ts-config,46.0,ts-inside-payment,18.7355,ts-admin-order,12.2564,ts-basic,9.808,ts-notification,8.225,ts-price,5.0,ts-travel,1.7925,ts-station,0.765,ts-route,0.7133
149, -- ,ts-train,4117.2254,ts-config,46.0,ts-basic,8.02,ts-travel,3.54,ts-auth,1.1033,ts-notification,0.805,ts-food-map,0.5486,ts-station,0.135
150, -- ,ts-train,4311.3943,ts-config,46.0,ts-ui,24.27,ts-inside-payment,11.7375,ts-assurance,1.8686,ts-contacts,0.24,ts-station,0.105
151, -- ,ts-train,4228.7525,ts-auth,74.0325,ts-config,46.0,ts-ui,24.27,ts-travel,19.065,ts-inside-payment,15.6475,ts-admin-order,14.348,ts-ticket-office,13.9243,ts-assurance,6.5743,ts-food-map,6.3771,ts-price,1.8074,ts-seat,1.245,ts-basic,0.534,ts-notification,0.215,ts-station,0.03
152, -- ,ts-train,5895.1688,ts-basic,217.74,ts-ui,48.076,ts-config,46.0,ts-admin-order,14.566,ts-travel,10.375,ts-route,9.5283,ts-consign,7.5771,ts-station,0.255,ts-security,0.035
153, -- ,ts-train,5906.9515,ts-basic,227.5594,ts-travel,112.0091,ts-food-map,71.9925,ts-security,63.453,ts-config,46.445,ts-price,28.248,ts-station,9.5337,ts-inside-payment,5.8433,ts-admin-order,2.0987,ts-preserve-other,1.7712,ts-notification,1.285,ts-seat,0.47
154, -- ,ts-train,4360.5155,ts-price,85.794,ts-config,46.0,ts-travel,44.3235,ts-preserve,24.6,ts-ticketinfo,13.102,ts-route,12.0267,ts-security,8.385,ts-station,8.1737,ts-assurance,5.6443,ts-rebook,3.27,ts-admin-travel,3.03,ts-basic,0.646,ts-admin-basic-info,0.24
155, -- ,ts-train,4309.356,ts-config,80.6849,ts-user,43.5,ts-travel,27.4939,ts-notification,13.9733,ts-ticket-office,12.5057,ts-consign,6.9343,ts-ticketinfo,5.642,ts-assurance,5.52,ts-food-map,5.1686,ts-security,5.03,ts-execute,3.1925,ts-seat,2.6338,ts-basic,2.21,ts-route,2.1733,ts-price,0.8167,ts-order,0.165,ts-station,0.12
156, -- ,ts-train,4310.2488,ts-food,75.17,ts-food-map,71.9925,ts-config,47.555,ts-auth,40.59,ts-preserve,27.0,ts-security,25.455,ts-assurance,10.6029,ts-contacts,8.8467,ts-travel,4.4767,ts-basic,3.328,ts-ticketinfo,2.626,ts-notification,2.5,ts-execute,1.085,ts-seat,0.4633,ts-price,0.3758,ts-preserve-other,0.26,ts-station,0.135
157, -- ,ts-train,5959.3729,ts-ticketinfo,132.308,ts-config,46.0,ts-auth,42.1367,ts-ui,28.5375,ts-travel,9.1467,ts-notification,9.0,ts-consign,2.6829,ts-basic,2.098,ts-seat,0.8533,ts-security,0.395,ts-station,0.088
158, -- ,ts-train,6096.4323,ts-ticketinfo,136.118,ts-config,46.0,ts-admin-order,32.1598,ts-route,25.8667,ts-security,5.9181,ts-ui,4.12,ts-travel,1.925,ts-consign,0.78,ts-food-map,0.7371,ts-notification,0.65,ts-preserve,0.5,ts-seat,0.0733,ts-assurance,0.0086
159, -- ,ts-train,4261.1203,ts-ticketinfo,83.578,ts-config,46.0,ts-security,35.8662,ts-preserve,18.1,ts-route,15.7533,ts-preserve-other,8.3337,ts-ui,7.499,ts-consign,5.6657,ts-travel,1.055,ts-ticket-office,0.6343,ts-contacts,0.56,ts-admin-order,0.342,ts-basic,0.088
160, -- ,ts-train,4168.1705,ts-config,46.0,ts-consign,18.4914,ts-route,15.3833,ts-ticketinfo,6.752,ts-assurance,5.4,ts-preserve-other,2.0837,ts-auth,1.74,ts-basic,0.422,ts-station,0.045
161, -- ,ts-train,4361.2838,ts-ticketinfo,70.086,ts-config,46.0,ts-route,28.2633,ts-basic,9.36,ts-notification,3.6183,ts-preserve-other,3.125,ts-travel,1.698,ts-seat,0.985,ts-station,0.0933
162, -- ,ts-train,5998.2322,ts-config,46.0,ts-travel,7.4842,ts-route,5.65,ts-admin-order,4.4051,ts-food-map,2.0314,ts-ticket-office,1.8171,ts-food,0.68,ts-station,0.105
163, -- ,ts-train,6114.3977,ts-config,46.0,ts-inside-payment,41.82,ts-price,40.536,ts-admin-order,21.3912,ts-ui,6.9225,ts-route,5.6033,ts-station,4.8162,ts-security,4.6517,ts-order,2.9786,ts-travel,2.6208,ts-basic,2.5645,ts-consign,1.3029,ts-notification,0.425
164, -- ,ts-train,4306.0749,ts-notification,82.8483,ts-config,46.0,ts-admin-order,18.762,ts-consign,7.08,ts-security,4.8467,ts-travel,4.6087,ts-seat,3.7033,ts-admin-basic-info,2.52,ts-price,2.1017
165, -- ,ts-train,4214.0479,ts-config,46.0,ts-assurance,26.4943,ts-ui,15.18,ts-travel,14.0533,ts-consign,9.4286,ts-admin-order,5.2941,ts-basic,0.31
166, -- ,ts-train,4237.3685,ts-auth,202.1496,ts-config,46.0,ts-ui,22.4001,ts-travel,9.5373,ts-admin-order,6.0658,ts-food-map,4.7914,ts-order,4.6367,ts-ticket-office,3.5229,ts-ticketinfo,2.626,ts-route,2.1775,ts-basic,1.6795,ts-admin-travel,0.96,ts-inside-payment,0.3233,ts-seat,0.2033,ts-security,0.065
167, -- ,ts-train,5990.5713,ts-auth,134.4835,ts-config,46.0,ts-travel,44.71,ts-route,31.5567,ts-basic,3.7947,ts-station,1.5,ts-admin-order,1.1508,ts-ticketinfo,0.72,ts-order,0.4675
168, -- ,ts-train,6279.0629,ts-config,46.0,ts-travel,10.08,ts-route,8.3767,ts-admin-order,1.94,ts-notification,1.6133,ts-station,1.075,ts-auth,0.1933
169, -- ,ts-train,4088.411,ts-config,46.0,ts-travel,4.6625,ts-notification,4.375,ts-security,3.6648,ts-news,2.89,ts-seat,1.8967,ts-station,0.03
170, -- ,ts-train,4305.723,ts-config,46.7496,ts-notification,11.4833,ts-travel,8.5432,ts-ticketinfo,5.482,ts-consign,3.0686,ts-basic,2.546,ts-auth,1.748,ts-assurance,0.8914,ts-station,0.525
171, -- ,ts-train,4203.9913,ts-config,46.0,ts-route,15.76,ts-travel,13.3967,ts-ticketinfo,3.578,ts-admin-order,3.2825,ts-security,1.6398
172, -- ,ts-train,6155.519,ts-config,46.0,ts-delivery,25.15,ts-station,21.09,ts-travel,4.8567,ts-assurance,1.9629,ts-notification,1.7983,ts-admin-order,1.4225,ts-auth,0.476,ts-security,0.4699
173, -- ,ts-train,6246.4976,ts-verification-code,95.615,ts-config,46.7151,ts-station,22.68,ts-ui,4.4683,ts-order,3.165,ts-travel,0.47,ts-inside-payment,0.4483,ts-notification,0.375,ts-user,0.06
174, -- ,ts-train,4323.9019,ts-config,46.0,ts-consign,2.4686,ts-station,2.04,ts-verification-code,0.835,ts-travel,0.77,ts-notification,0.44,ts-ui,0.115
175, -- ,ts-train,4176.93,ts-config,46.0,ts-user,39.74,ts-admin-order,12.4803,ts-basic,7.4798,ts-ticket-office,7.2686,ts-station,5.1017,ts-ui,4.5408,ts-travel,0.5467,ts-security,0.4699,ts-auth,0.4167
176, -- ,ts-train,4260.6096,ts-config,46.0,ts-user,24.14,ts-basic,5.7852,ts-travel,3.6571,ts-station,2.205,ts-admin-order,1.792,ts-auth,0.8567,ts-ui,0.6467,ts-assurance,0.5743,ts-notification,0.3733
177, -- ,ts-train,6214.9672,ts-config,46.0,ts-food,19.0667,ts-travel,8.8313,ts-price,6.8117,ts-station,2.25,ts-preserve-other,2.0837,ts-inside-payment,1.6487,ts-ui,0.35
178, -- ,ts-train,6298.4281,ts-inside-payment,51.7576,ts-config,46.0,ts-contacts,41.305,ts-travel,36.2258,ts-security,30.698,ts-consign,20.6229,ts-admin-order,3.6807,ts-notification,3.2983,ts-price,3.1883,ts-preserve-other,3.125,ts-station,1.47
179, -- ,ts-train,4320.124,ts-travel,218.01,ts-config,46.0,ts-contacts,43.275,ts-inside-payment,12.3175,ts-assurance,3.4114,ts-station,1.59,ts-notification,1.34,ts-preserve-other,1.3212
180, -- ,ts-train,4169.2105,ts-travel,128.72,ts-config,46.0,ts-consign,16.9371,ts-assurance,3.06,ts-station,2.565,ts-preserve-other,0.7812,ts-notification,0.505,ts-basic,0.0275,ts-admin-order,0.02
181, -- ,ts-train,4167.0631,ts-config,46.0,ts-admin-user,16.26,ts-notification,14.6033,ts-verification-code,10.175,ts-travel,9.8333,ts-security,9.5547,ts-station,5.72,ts-basic,4.2029,ts-food-map,1.6371,ts-user,1.2536,ts-news,0.333,ts-preserve-other,0.26
