1, -- ,ts-notification,152.0,ts-config,46.0,ts-execute,16.0
2, -- ,ts-admin-order,2626.109,ts-order,2123.7258,ts-train,2057.7662,ts-route,1990.87,ts-travel,1905.4674,ts-assurance,1794.96,ts-station,1644.2507,ts-basic,1484.3325,ts-ticketinfo,1335.3483,ts-seat,1282.4151,ts-config,1008.9788,ts-consign,856.335,ts-voucher,785.63,ts-notification,705.4183,ts-security,628.5058,ts-price,613.515,ts-ticket-office,581.64,ts-food,579.365,ts-avatar,467.805,ts-admin-basic-info,429.15,ts-admin-travel,411.42,ts-admin-route,405.045,ts-rebook,394.83,ts-preserve-other,392.73,ts-food-map,389.145,ts-contacts,365.685,ts-user,344.115,ts-auth,315.8785,ts-verification-code,291.12,ts-payment,288.97,ts-news,286.845,ts-admin-user,283.365,ts-preserve,280.34,ts-delivery,278.885,ts-cancel,260.595,ts-inside-payment,260.305,ts-execute,201.9142,ts-ui,201.63
3, -- ,ts-order,3689.6898,ts-station,2713.9493,ts-basic,2708.3238,ts-route,2274.4889,ts-train,2232.3591,ts-seat,2047.6598,ts-travel,1907.6527,ts-ticketinfo,1865.1461,ts-admin-order,1796.6552,ts-config,1480.8385,ts-payment,1216.1382,ts-food,1153.4935,ts-inside-payment,922.1971,ts-security,671.8364,ts-execute,637.3725,ts-user,597.525,ts-delivery,570.9579,ts-preserve,476.8837,ts-ui,460.64,ts-assurance,446.8867,ts-price,237.8497,ts-notification,153.0,ts-food-map,54.03,ts-auth,48.9258,ts-contacts,24.97,ts-consign,10.95,ts-admin-travel,2.0837,ts-admin-route,1.4525
4, -- ,ts-order,3626.2615,ts-travel,2906.3789,ts-basic,2360.4093,ts-train,2346.7579,ts-station,2212.8529,ts-route,1885.0893,ts-seat,1861.181,ts-food,1773.4233,ts-config,1713.9029,ts-ticketinfo,1693.288,ts-security,1525.9236,ts-assurance,1501.6858,ts-inside-payment,922.2275,ts-admin-order,879.4462,ts-preserve,762.5175,ts-payment,467.9475,ts-execute,418.7694,ts-ui,397.0,ts-price,219.921,ts-delivery,218.897,ts-notification,166.205,ts-user,77.63,ts-food-map,24.5,ts-contacts,8.51,ts-auth,1.0767,ts-admin-route,0.62
5, -- ,ts-security,8331.5847,ts-order,4667.6829,ts-assurance,3874.9375,ts-basic,3158.8125,ts-food,2893.0308,ts-ticketinfo,2355.2384,ts-travel,1937.3765,ts-seat,1798.9634,ts-route,1559.2649,ts-inside-payment,1267.225,ts-preserve,959.585,ts-station,910.1972,ts-train,813.2811,ts-food-map,705.31,ts-execute,471.6711,ts-admin-order,414.3333,ts-config,351.9302,ts-payment,275.3455,ts-price,268.382,ts-contacts,189.98,ts-user,185.37,ts-notification,152.0,ts-ui,60.64,ts-delivery,6.84,ts-admin-travel,1.06,ts-auth,0.8567,ts-admin-route,0.01
6, -- ,ts-security,6212.8358,ts-order,3280.2514,ts-basic,2721.9641,ts-ticketinfo,2699.884,ts-assurance,2181.645,ts-food,1940.6333,ts-seat,1824.6253,ts-route,1440.4293,ts-inside-payment,735.6408,ts-cancel,703.36,ts-travel,649.3329,ts-preserve,560.16,ts-station,458.5261,ts-admin-order,416.1693,ts-food-map,306.38,ts-config,304.1054,ts-price,294.9393,ts-execute,262.3611,ts-train,254.8804,ts-notification,152.93,ts-contacts,137.13,ts-user,121.83,ts-payment,62.59,ts-ticket-office,7.4,ts-consign,0.45
7, -- ,ts-order,3521.5564,ts-basic,2739.5682,ts-ticketinfo,2328.3798,ts-assurance,2265.1867,ts-seat,1757.8008,ts-food,1644.3033,ts-security,1382.7975,ts-route,1343.5817,ts-inside-payment,773.92,ts-travel,627.5059,ts-preserve,503.61,ts-cancel,499.5619,ts-station,419.0765,ts-admin-order,415.8937,ts-food-map,318.31,ts-execute,288.5764,ts-config,267.7826,ts-payment,243.4,ts-price,197.9537,ts-notification,154.5,ts-user,142.23,ts-train,128.9268,ts-contacts,20.01,ts-delivery,2.39
8, -- ,ts-basic,3149.427,ts-order,2843.2848,ts-ticketinfo,2414.6483,ts-cancel,2104.5275,ts-seat,1862.8556,ts-route,1676.9504,ts-food,1536.1167,ts-travel,855.4171,ts-assurance,670.0683,ts-inside-payment,530.4337,ts-admin-order,414.3333,ts-config,369.5536,ts-station,354.0124,ts-security,328.6329,ts-execute,256.7714,ts-price,241.8803,ts-train,205.6858,ts-preserve,167.39,ts-notification,158.8433,ts-payment,157.5,ts-contacts,51.3,ts-consign,42.39,ts-user,19.64,ts-food-map,13.44,ts-ticket-office,5.97,ts-delivery,4.64,ts-admin-travel,0.5212
9, -- ,ts-order,3782.503,ts-basic,3037.2965,ts-cancel,3015.8533,ts-ticketinfo,2748.7128,ts-food,1840.87,ts-seat,1767.0138,ts-route,1317.7936,ts-travel,609.6304,ts-assurance,513.6183,ts-admin-order,418.2776,ts-security,268.9055,ts-config,263.3519,ts-station,259.8149,ts-inside-payment,154.4087,ts-notification,152.5,ts-preserve,144.88,ts-user,128.7,ts-train,82.4411,ts-price,75.4027,ts-execute,60.6789,ts-payment,55.04,ts-auth,8.8033,ts-food-map,5.74,ts-rebook,3.48,ts-contacts,1.57,ts-admin-travel,1.5625,ts-delivery,0.14
10, -- ,ts-order,4245.4133,ts-food,2885.5058,ts-basic,2721.455,ts-ticketinfo,2584.8066,ts-route,1545.3942,ts-admin-order,1489.3264,ts-seat,1114.0283,ts-cancel,983.5833,ts-inside-payment,686.3992,ts-assurance,567.9083,ts-payment,434.005,ts-security,305.1133,ts-config,295.2504,ts-travel,283.0606,ts-notification,152.705,ts-train,145.6734,ts-station,116.1388,ts-user,114.81,ts-execute,105.4439,ts-preserve,46.406,ts-price,38.3963,ts-contacts,8.58,ts-auth,5.7133,ts-admin-travel,3.645,ts-consign,2.7,ts-food-map,2.14,ts-delivery,1.73
11, -- ,ts-order,3863.4261,ts-ticketinfo,2584.557,ts-basic,1852.9257,ts-food,1800.0133,ts-inside-payment,1283.1425,ts-seat,853.6217,ts-cancel,843.0483,ts-route,593.6322,ts-assurance,487.2133,ts-admin-order,396.7879,ts-travel,294.5497,ts-config,248.1942,ts-station,243.96,ts-user,164.4933,ts-notification,162.08,ts-train,106.0942,ts-security,98.0947,ts-price,88.4627,ts-preserve,83.765,ts-execute,67.5439,ts-payment,66.025,ts-food-map,27.906,ts-ticket-office,23.055,ts-consign,20.49,ts-voucher,13.5,ts-contacts,9.06,ts-admin-basic-info,3.6062,ts-delivery,3.17,ts-preserve-other,0.7812
12, -- ,ts-order,3532.6596,ts-cancel,2718.5167,ts-inside-payment,1843.4007,ts-ticketinfo,1676.1327,ts-travel,1373.062,ts-food,1352.3542,ts-basic,1281.0275,ts-seat,913.09,ts-assurance,489.1233,ts-route,465.6433,ts-config,357.8127,ts-security,220.1213,ts-payment,201.245,ts-notification,157.14,ts-preserve,129.6075,ts-train,120.0936,ts-station,117.9078,ts-execute,55.6064,ts-user,54.24,ts-admin-order,29.334,ts-price,20.3983,ts-consign,11.07,ts-food-map,10.67,ts-ui,6.09,ts-verification-code,4.555,ts-auth,3.2833,ts-admin-basic-info,2.4037,ts-preserve-other,2.0837,ts-admin-travel,1.0412
13, -- ,ts-order,3751.4786,ts-travel,2453.2671,ts-ticketinfo,1290.6379,ts-basic,1281.6735,ts-food,975.1,ts-cancel,901.5417,ts-seat,894.5,ts-inside-payment,861.215,ts-assurance,847.735,ts-route,523.8435,ts-config,289.6947,ts-notification,153.5,ts-security,141.4715,ts-station,125.0208,ts-train,80.5101,ts-execute,59.0714,ts-admin-order,33.7682,ts-preserve,18.865,ts-price,15.696,ts-payment,15.4075,ts-food-map,11.23,ts-auth,10.35,ts-consign,7.26,ts-ui,6.09,ts-contacts,2.46,ts-user,2.35,ts-delivery,0.815
14, -- ,ts-order,3557.667,ts-travel,1894.3511,ts-ticketinfo,1334.816,ts-basic,1323.5321,ts-food,916.23,ts-seat,848.9117,ts-cancel,847.6667,ts-route,564.1619,ts-inside-payment,548.8975,ts-config,298.1138,ts-station,164.7417,ts-security,160.3116,ts-notification,160.025,ts-payment,107.8025,ts-train,101.3219,ts-assurance,98.6133,ts-preserve,84.94,ts-execute,59.6964,ts-price,50.0006,ts-contacts,30.42,ts-consign,23.958,ts-food-map,11.663,ts-admin-order,8.3175,ts-preserve-other,2.64,ts-ticket-office,1.13,ts-user,0.93,ts-delivery,0.47,ts-verification-code,0.18
15, -- ,ts-order,2390.8455,ts-ticketinfo,1318.07,ts-basic,1160.6275,ts-food,901.2767,ts-cancel,847.6667,ts-travel,660.8758,ts-route,603.25,ts-inside-payment,530.922,ts-seat,452.2183,ts-config,208.7627,ts-notification,153.12,ts-station,80.4673,ts-execute,75.8064,ts-train,75.4298,ts-security,56.6645,ts-consign,47.055,ts-price,40.995,ts-contacts,30.01,ts-assurance,29.8067,ts-payment,27.765,ts-admin-travel,27.675,ts-admin-order,24.1082,ts-preserve,18.43,ts-preserve-other,14.8912,ts-user,11.25,ts-admin-route,9.865,ts-verification-code,9.86,ts-admin-basic-info,7.62,ts-rebook,6.5237,ts-auth,6.1533,ts-delivery,4.635,ts-food-map,3.33
16, -- ,ts-order,2424.1413,ts-ticketinfo,1315.0088,ts-basic,1069.1885,ts-food,883.63,ts-travel,788.0261,ts-seat,569.4664,ts-route,506.3407,ts-inside-payment,484.1475,ts-cancel,451.1883,ts-admin-order,319.8174,ts-station,230.3056,ts-config,217.491,ts-notification,158.98,ts-security,155.7836,ts-train,98.368,ts-price,92.4547,ts-execute,72.6214,ts-food-map,62.43,ts-payment,30.745,ts-preserve,18.35,ts-assurance,18.24,ts-admin-travel,13.0212,ts-user,11.55,ts-auth,10.35,ts-admin-route,6.74,ts-contacts,5.95,ts-delivery,3.07,ts-preserve-other,2.0837,ts-consign,0.78
17, -- ,ts-order,2341.7731,ts-ticketinfo,988.9907,ts-basic,861.4122,ts-food,853.5967,ts-travel,780.1137,ts-inside-payment,530.12,ts-cancel,510.3333,ts-seat,507.5304,ts-route,426.0283,ts-config,221.5644,ts-station,170.3727,ts-notification,158.515,ts-price,122.1473,ts-security,71.9112,ts-execute,70.4889,ts-ticket-office,48.14,ts-train,43.9885,ts-admin-order,36.9514,ts-payment,26.1,ts-user,25.8733,ts-auth,18.5167,ts-preserve,13.8267,ts-food-map,12.76,ts-preserve-other,10.44,ts-assurance,3.6633,ts-verification-code,1.15,ts-admin-travel,0.7812,ts-rebook,0.7312
18, -- ,ts-order,2141.1602,ts-travel,939.744,ts-ticketinfo,887.7746,ts-basic,864.1911,ts-route,509.8345,ts-inside-payment,482.65,ts-seat,471.1364,ts-cancel,414.3333,ts-food,286.7933,ts-config,284.2053,ts-notification,164.5,ts-price,129.498,ts-station,106.0763,ts-security,89.0919,ts-execute,64.9989,ts-train,61.7948,ts-assurance,53.73,ts-ticket-office,47.57,ts-admin-user,27.0,ts-payment,14.075,ts-admin-order,11.7374,ts-preserve,7.4433,ts-user,5.64,ts-admin-route,1.2112,ts-food-map,0.93
19, -- ,ts-order,2196.0277,ts-ticketinfo,865.2127,ts-basic,847.6942,ts-travel,491.3677,ts-seat,449.6368,ts-route,442.115,ts-cancel,424.5833,ts-inside-payment,318.5775,ts-config,207.1973,ts-notification,172.595,ts-train,148.2669,ts-price,134.09,ts-security,114.1406,ts-execute,113.0614,ts-admin-order,76.5891,ts-station,68.1094,ts-food,43.52,ts-assurance,40.3167,ts-user,31.86,ts-payment,20.43,ts-consign,17.43,ts-food-map,12.6,ts-preserve,5.7467,ts-contacts,5.32
20, -- ,ts-order,1405.1233,ts-basic,1264.6658,ts-ticketinfo,853.3087,ts-route,434.1417,ts-seat,432.1503,ts-cancel,414.3333,ts-config,203.7837,ts-travel,203.1608,ts-notification,152.705,ts-food-map,141.78,ts-food,87.9,ts-price,77.466,ts-security,74.0186,ts-train,62.6062,ts-execute,61.0764,ts-payment,22.235,ts-station,21.4356,ts-assurance,11.1867,ts-auth,10.1267,ts-admin-order,9.062,ts-preserve,8.645,ts-rebook,2.8937,ts-inside-payment,0.8312,ts-verification-code,0.675,ts-admin-route,0.01
21, -- ,ts-order,901.0234,ts-ticketinfo,847.6667,ts-seat,502.607,ts-route,422.3933,ts-basic,417.9108,ts-config,198.3987,ts-travel,195.1376,ts-notification,157.565,ts-price,81.2683,ts-execute,66.6014,ts-security,64.0563,ts-assurance,35.16,ts-user,31.2533,ts-cancel,30.0,ts-auth,26.8,ts-train,23.8997,ts-food-map,21.31,ts-food,18.98,ts-station,16.1867,ts-preserve,10.175,ts-payment,8.4,ts-contacts,3.13,ts-preserve-other,2.0,ts-rebook,1.9325,ts-verification-code,1.625,ts-admin-order,1.4657,ts-consign,1.02
22, -- ,ts-order,895.8525,ts-route,452.3267,ts-seat,450.9891,ts-ticketinfo,450.1333,ts-basic,420.3838,ts-travel,265.0908,ts-config,200.0979,ts-food,161.59,ts-notification,152.03,ts-cancel,96.0,ts-inside-payment,92.5525,ts-user,84.36,ts-execute,75.2689,ts-security,63.8882,ts-train,34.9588,ts-station,31.4335,ts-admin-order,30.6739,ts-assurance,30.12,ts-auth,18.8262,ts-payment,15.895,ts-price,8.7277,ts-preserve,3.03,ts-preserve-other,1.0412,ts-admin-travel,0.7812
23, -- ,ts-user,824.04,ts-order,552.0292,ts-ticketinfo,526.9273,ts-seat,438.3698,ts-basic,432.4902,ts-security,410.9066,ts-config,244.4681,ts-travel,189.3131,ts-route,172.3116,ts-notification,155.265,ts-station,139.1377,ts-train,138.4569,ts-food,123.33,ts-execute,73.1089,ts-inside-payment,56.415,ts-preserve,49.875,ts-price,19.0068,ts-ticket-office,18.315,ts-payment,13.83,ts-voucher,4.16,ts-auth,3.9467,ts-food-map,2.82,ts-consign,1.44,ts-assurance,0.8333,ts-admin-order,0.506,ts-admin-travel,0.26,ts-rebook,0.25,ts-contacts,0.21
24, -- ,ts-order,608.4274,ts-seat,464.4311,ts-ticketinfo,432.1973,ts-basic,428.5333,ts-security,405.8284,ts-user,293.72,ts-travel,284.5493,ts-notification,218.6417,ts-config,215.2559,ts-train,96.3142,ts-assurance,90.9167,ts-execute,60.0014,ts-station,54.0219,ts-contacts,48.89,ts-route,40.7725,ts-food,39.78,ts-inside-payment,27.2825,ts-auth,9.4667,ts-preserve,6.59,ts-payment,6.325,ts-admin-travel,2.865,ts-consign,2.64,ts-food-map,1.92,ts-preserve-other,1.0412,ts-admin-order,0.75
25, -- ,ts-inside-payment,480.7325,ts-order,478.9783,ts-seat,473.689,ts-ticketinfo,416.9593,ts-basic,414.3608,ts-config,198.1117,ts-security,176.0193,ts-travel,169.2484,ts-notification,154.205,ts-food,123.84,ts-execute,77.9264,ts-auth,58.7313,ts-price,48.302,ts-payment,43.27,ts-user,13.8267,ts-station,11.5373,ts-assurance,7.35,ts-train,6.6151,ts-verification-code,2.79,ts-route,2.2167,ts-preserve,0.66,ts-food-map,0.66
26, -- ,ts-basic,430.0468,ts-order,425.4587,ts-seat,418.846,ts-ticketinfo,416.7993,ts-config,260.3535,ts-inside-payment,165.465,ts-notification,153.0,ts-security,85.4125,ts-price,77.022,ts-food,68.57,ts-train,63.6293,ts-execute,60.0864,ts-route,59.0433,ts-user,45.87,ts-travel,44.3142,ts-payment,36.445,ts-assurance,12.0433,ts-auth,11.4533,ts-station,1.711,ts-preserve,0.88,ts-food-map,0.51,ts-admin-route,0.01
27, -- ,ts-order,482.8501,ts-basic,434.3302,ts-seat,424.8139,ts-config,278.5682,ts-security,157.7365,ts-notification,152.0,ts-food,115.99,ts-travel,101.89,ts-execute,54.9464,ts-route,51.945,ts-user,47.43,ts-payment,41.52,ts-ticketinfo,32.308,ts-price,27.432,ts-auth,17.1933,ts-train,16.6158,ts-station,16.0539,ts-assurance,12.99,ts-inside-payment,10.3008,ts-preserve,6.005,ts-food-map,2.55
28, -- ,ts-order,437.5233,ts-seat,419.0967,ts-basic,415.9853,ts-inside-payment,309.1792,ts-config,199.5917,ts-notification,154.0,ts-ticketinfo,96.0,ts-admin-order,73.8812,ts-security,64.7018,ts-payment,63.0175,ts-execute,56.9564,ts-food,39.52,ts-travel,24.875,ts-assurance,17.25,ts-train,11.3067,ts-user,10.86,ts-station,9.844,ts-auth,8.52,ts-admin-basic-info,6.92,ts-price,6.768,ts-preserve,6.185,ts-route,2.22,ts-contacts,1.59,ts-delivery,1.18,ts-food-map,0.55
29, -- ,ts-order,443.5014,ts-seat,430.9102,ts-basic,419.5593,ts-user,226.98,ts-security,223.7671,ts-config,218.7232,ts-inside-payment,184.0775,ts-notification,152.89,ts-travel,82.9534,ts-contacts,70.01,ts-train,65.4777,ts-execute,56.6864,ts-payment,49.88,ts-station,38.5259,ts-food,33.27,ts-route,14.8692,ts-food-map,10.17,ts-price,7.1733,ts-admin-order,6.99,ts-preserve,5.775,ts-cancel,3.93,ts-consign,1.62,ts-ticketinfo,0.3009,ts-admin-basic-info,0.24
30, -- ,ts-order,450.6083,ts-basic,415.6493,ts-config,199.9617,ts-security,158.5358,ts-notification,157.545,ts-seat,156.5567,ts-user,128.97,ts-travel,106.8098,ts-price,65.921,ts-execute,62.2464,ts-contacts,43.44,ts-train,28.4209,ts-payment,28.19,ts-food,22.56,ts-cancel,18.48,ts-assurance,14.1,ts-route,6.115,ts-preserve,5.565,ts-admin-order,5.028,ts-inside-payment,4.2092,ts-preserve-other,3.86,ts-auth,3.5067,ts-station,1.7233,ts-consign,0.93,ts-admin-basic-info,0.24
31, -- ,ts-basic,452.6753,ts-admin-order,434.63,ts-order,425.5258,ts-admin-user,336.75,ts-ticketinfo,307.07,ts-assurance,247.44,ts-security,217.6681,ts-config,208.6938,ts-payment,197.425,ts-notification,155.905,ts-price,140.7433,ts-travel,92.7842,ts-train,59.9215,ts-execute,56.0564,ts-user,52.86,ts-inside-payment,40.4393,ts-seat,37.1949,ts-station,29.3414,ts-food,25.26,ts-cancel,17.515,ts-contacts,9.81,ts-admin-route,7.47,ts-preserve,7.3735,ts-route,6.6505,ts-auth,3.7267,ts-preserve-other,0.26,ts-admin-basic-info,0.24,ts-food-map,0.1
32, -- ,ts-payment,942.905,ts-preserve,638.49,ts-auth,550.6492,ts-order,544.4727,ts-basic,429.8393,ts-security,374.4482,ts-ticketinfo,305.4136,ts-travel,304.6459,ts-station,236.286,ts-config,217.9625,ts-execute,192.4786,ts-notification,152.0,ts-train,73.6595,ts-seat,69.8137,ts-food,17.9,ts-price,12.9753,ts-consign,11.4,ts-route,8.6137,ts-inside-payment,6.1475,ts-user,1.17,ts-admin-route,0.49
33, -- ,ts-security,4639.6944,ts-order,1016.6001,ts-payment,752.24,ts-auth,582.5902,ts-preserve,491.115,ts-execute,472.2073,ts-station,471.7771,ts-basic,415.2033,ts-config,236.3281,ts-notification,152.0,ts-travel,109.4874,ts-assurance,21.6,ts-user,20.1,ts-food,12.12,ts-cancel,7.86,ts-inside-payment,4.54,ts-verification-code,4.41,ts-ticketinfo,1.832,ts-rebook,1.4525,ts-train,1.3333,ts-seat,0.9986,ts-price,0.9673,ts-route,0.8026,ts-delivery,0.69,ts-food-map,0.28
34, -- ,ts-security,3047.7105,ts-order,832.8221,ts-basic,414.3608,ts-execute,356.8414,ts-auth,342.5998,ts-station,253.3301,ts-admin-user,243.0,ts-config,204.2266,ts-notification,152.115,ts-travel,123.101,ts-preserve,78.815,ts-user,55.17,ts-inside-payment,50.6179,ts-payment,49.585,ts-price,43.9517,ts-route,34.855,ts-food,32.5,ts-train,27.1173,ts-cancel,22.02,ts-contacts,21.62,ts-assurance,11.8533,ts-delivery,8.68,ts-admin-order,8.5008,ts-food-map,6.52,ts-seat,0.63,ts-admin-basic-info,0.4812,ts-ticketinfo,0.3927
35, -- ,ts-order,1081.0569,ts-basic,415.7613,ts-payment,257.75,ts-preserve,220.07,ts-config,197.6667,ts-notification,152.0,ts-security,112.1582,ts-travel,77.4032,ts-execute,59.4114,ts-train,35.1552,ts-price,30.0,ts-inside-payment,24.6725,ts-auth,17.8648,ts-admin-order,16.3854,ts-station,12.93,ts-contacts,10.21,ts-ticketinfo,5.482,ts-user,5.36,ts-route,5.3222,ts-assurance,4.8933,ts-food,3.77,ts-food-map,2.33,ts-delivery,0.425
36, -- ,ts-order,1048.8229,ts-basic,417.1013,ts-config,205.9393,ts-notification,152.89,ts-security,128.3679,ts-route,99.1549,ts-food,92.8535,ts-train,76.6538,ts-payment,64.3156,ts-travel,57.3559,ts-execute,56.7489,ts-assurance,49.4967,ts-user,36.57,ts-station,27.4697,ts-contacts,16.8,ts-consign,13.14,ts-admin-route,11.0675,ts-ticketinfo,11.038,ts-preserve,10.415,ts-verification-code,8.24,ts-auth,8.14,ts-price,7.812,ts-admin-order,2.848,ts-seat,2.745,ts-delivery,1.26,ts-inside-payment,1.135,ts-food-map,0.04
37, -- ,ts-order,934.367,ts-security,597.2588,ts-config,206.2593,ts-notification,189.265,ts-travel,157.3359,ts-basic,148.5,ts-price,67.0443,ts-execute,54.1964,ts-station,38.7579,ts-route,25.005,ts-auth,21.0529,ts-food,18.62,ts-train,17.7457,ts-admin-basic-info,16.5412,ts-admin-route,10.3462,ts-preserve-other,10.3,ts-rebook,9.2862,ts-seat,6.869,ts-consign,5.886,ts-verification-code,4.755,ts-ticketinfo,4.2036,ts-admin-travel,4.1662,ts-inside-payment,3.64,ts-preserve,3.18,ts-delivery,2.634,ts-assurance,0.62
38, -- ,ts-order,969.8529,ts-security,291.8142,ts-travel,234.8147,ts-config,211.9653,ts-notification,157.59,ts-price,85.0873,ts-payment,68.7975,ts-execute,64.7264,ts-station,57.7442,ts-train,55.1605,ts-route,27.2269,ts-assurance,21.6,ts-consign,12.465,ts-seat,10.3158,ts-auth,7.4547,ts-preserve-other,7.0312,ts-admin-basic-info,6.9712,ts-preserve,5.985,ts-rebook,5.7787,ts-delivery,5.41,ts-admin-travel,5.2087,ts-inside-payment,3.4235,ts-food,3.21,ts-basic,0.31
39, -- ,ts-order,857.4892,ts-security,215.8834,ts-config,215.6613,ts-notification,178.325,ts-travel,167.7596,ts-station,119.1351,ts-inside-payment,102.0061,ts-admin-order,78.3708,ts-execute,55.7189,ts-price,41.17,ts-food,39.73,ts-train,35.3609,ts-route,22.8367,ts-seat,22.1852,ts-payment,11.47,ts-delivery,10.325,ts-preserve,5.03,ts-assurance,0.1933
40, -- ,ts-order,865.4711,ts-seat,739.9107,ts-security,396.4523,ts-ticketinfo,299.61,ts-config,203.7744,ts-train,158.8502,ts-notification,152.0,ts-travel,136.1246,ts-route,112.8126,ts-execute,57.4639,ts-inside-payment,46.5192,ts-food,35.46,ts-admin-order,20.969,ts-station,19.153,ts-consign,19.14,ts-user,3.7325,ts-preserve,1.8833,ts-auth,1.74,ts-delivery,1.5,ts-contacts,1.34,ts-preserve-other,1.29,ts-price,0.045,ts-basic,0.0275
41, -- ,ts-order,903.3281,ts-seat,736.27,ts-config,306.4945,ts-ticketinfo,299.61,ts-security,200.6833,ts-notification,152.0,ts-route,76.0733,ts-execute,56.4539,ts-admin-order,37.1496,ts-assurance,32.76,ts-inside-payment,19.8263,ts-food,10.41,ts-delivery,4.1767,ts-train,2.1677,ts-payment,1.7,ts-user,1.05,ts-verification-code,0.78,ts-preserve,0.76,ts-travel,0.738,ts-admin-route,0.01
42, -- ,ts-order,1123.8217,ts-route,287.4683,ts-config,211.0717,ts-notification,159.775,ts-security,133.7196,ts-travel,86.9299,ts-execute,61.3889,ts-station,36.2666,ts-train,30.0386,ts-food,11.98,ts-payment,7.395,ts-admin-order,5.04,ts-preserve,3.446,ts-seat,2.5376,ts-inside-payment,2.0975,ts-user,1.08,ts-food-map,1.02
43, -- ,ts-order,953.6781,ts-config,200.1543,ts-notification,155.57,ts-security,142.1675,ts-route,123.0193,ts-execute,55.7864,ts-food,49.6067,ts-travel,23.9107,ts-assurance,6.87,ts-user,2.25,ts-food-map,1.26,ts-train,1.0567,ts-delivery,0.99,ts-seat,0.8479,ts-price,0.1083
44, -- ,ts-order,548.4233,ts-config,197.6667,ts-notification,155.775,ts-seat,96.8462,ts-travel,78.5725,ts-security,73.4677,ts-execute,54.1964,ts-route,33.74,ts-price,32.7167,ts-cancel,14.4,ts-station,3.8554,ts-train,1.66,ts-inside-payment,1.3925,ts-user,0.21
45, -- ,ts-order,426.0898,ts-config,197.6667,ts-travel,171.9622,ts-notification,153.5,ts-security,80.2527,ts-inside-payment,57.89,ts-execute,56.9364,ts-seat,42.9117,ts-price,31.2683,ts-auth,17.1767,ts-user,14.37,ts-food,8.3,ts-station,7.5893,ts-payment,5.735,ts-admin-order,4.1696,ts-contacts,3.6,ts-train,1.7256,ts-ticketinfo,0.244,ts-basic,0.0275
46, -- ,ts-order,420.1633,ts-config,197.6667,ts-notification,152.0,ts-travel,101.9608,ts-security,91.3639,ts-seat,54.5262,ts-execute,54.4764,ts-train,51.1007,ts-contacts,20.67,ts-price,19.8397,ts-station,15.2844,ts-payment,12.5775,ts-inside-payment,8.6525,ts-route,7.0561,ts-assurance,2.49,ts-ticket-office,2.46,ts-food,2.0,ts-user,1.86,ts-preserve,0.825,ts-ticketinfo,0.564
47, -- ,ts-security,282.2137,ts-order,280.8275,ts-config,247.4218,ts-travel,235.5724,ts-train,196.5099,ts-notification,160.2383,ts-execute,54.1964,ts-route,47.3308,ts-seat,31.4107,ts-food,23.7842,ts-auth,22.0046,ts-station,14.5148,ts-cancel,7.47,ts-price,7.1436,ts-consign,6.18,ts-user,5.1,ts-assurance,4.56,ts-ticketinfo,4.212,ts-payment,3.5825,ts-basic,0.758,ts-admin-route,0.49,ts-verification-code,0.355,ts-preserve,0.13
48, -- ,ts-assurance,244.5733,ts-config,214.7767,ts-notification,152.0,ts-security,84.7552,ts-execute,55.0864,ts-price,40.3267,ts-auth,38.2871,ts-travel,31.2656,ts-basic,30.32,ts-order,5.67,ts-admin-order,5.0979,ts-station,4.5941,ts-delivery,3.75,ts-ticketinfo,1.674,ts-route,0.81,ts-train,0.558,ts-verification-code,0.355,ts-inside-payment,0.28
49, -- ,ts-config,198.4817,ts-security,163.6672,ts-notification,153.5533,ts-assurance,141.7033,ts-consign,112.68,ts-auth,97.8784,ts-execute,55.2864,ts-price,40.87,ts-admin-order,38.9914,ts-order,32.2593,ts-travel,31.698,ts-station,30.2137,ts-food,29.6667,ts-inside-payment,27.3819,ts-food-map,10.97,ts-route,6.842,ts-delivery,3.655,ts-seat,3.5024,ts-contacts,2.68
50, -- ,ts-travel,329.9454,ts-config,197.6667,ts-notification,153.5533,ts-food-map,129.49,ts-inside-payment,128.18,ts-security,94.1459,ts-train,63.5078,ts-execute,54.1964,ts-payment,40.15,ts-order,25.495,ts-cancel,20.46,ts-auth,15.2393,ts-assurance,6.0,ts-contacts,4.16,ts-route,3.255,ts-delivery,0.915,ts-seat,0.0733
51, -- ,ts-config,198.6089,ts-notification,152.195,ts-travel,76.895,ts-security,68.1468,ts-auth,58.7018,ts-execute,54.1964,ts-train,27.7734,ts-payment,20.715,ts-ticket-office,19.36,ts-inside-payment,18.7425,ts-order,10.65,ts-route,7.73,ts-cancel,4.65,ts-consign,3.06,ts-station,2.1033,ts-preserve,0.5,ts-seat,0.4047,ts-user,0.0425
52, -- ,ts-consign,202.586,ts-config,200.2029,ts-notification,152.0,ts-security,139.2365,ts-travel,110.8369,ts-execute,54.1964,ts-price,49.635,ts-contacts,44.4,ts-ticket-office,20.22,ts-inside-payment,15.926,ts-order,12.9,ts-route,6.4147,ts-auth,5.5,ts-food,4.6,ts-train,3.9868,ts-preserve-other,3.9,ts-assurance,2.52,ts-food-map,1.75,ts-delivery,0.23,ts-user,0.18
53, -- ,ts-config,223.3275,ts-notification,152.36,ts-food,119.125,ts-contacts,85.65,ts-security,60.9399,ts-preserve,56.315,ts-execute,54.1964,ts-user,36.06,ts-travel,35.5432,ts-order,29.4,ts-price,26.3767,ts-cancel,21.36,ts-payment,10.2148,ts-consign,8.14,ts-preserve-other,7.86,ts-inside-payment,6.8508,ts-auth,5.5,ts-ticketinfo,1.674,ts-station,1.6333,ts-delivery,0.72,ts-food-map,0.1
54, -- ,ts-config,199.9617,ts-notification,152.0,ts-contacts,73.51,ts-execute,65.4564,ts-preserve,61.35,ts-travel,47.9235,ts-security,35.4842,ts-price,33.08,ts-food,30.8,ts-order,29.115,ts-route,14.6,ts-auth,5.5,ts-user,0.94
55, -- ,ts-security,371.0494,ts-config,205.3771,ts-assurance,204.5,ts-notification,152.0,ts-travel,99.6349,ts-consign,85.25,ts-route,77.063,ts-execute,57.9664,ts-user,46.41,ts-food,19.64,ts-admin-order,19.283,ts-ticket-office,15.315,ts-delivery,7.43,ts-voucher,5.685,ts-auth,5.5,ts-train,4.1524,ts-preserve,3.19,ts-price,3.1412,ts-seat,1.8317,ts-station,1.2958
56, -- ,ts-order,558.5968,ts-config,197.6667,ts-notification,152.0,ts-inside-payment,140.6907,ts-execute,54.1964,ts-travel,51.6928,ts-assurance,49.7633,ts-security,17.7047,ts-consign,15.28,ts-admin-order,12.519,ts-contacts,11.98,ts-auth,10.5975,ts-delivery,4.34,ts-cancel,4.08,ts-price,2.4633,ts-seat,2.248,ts-route,0.9017,ts-train,0.8433,ts-basic,0.198
57, -- ,ts-order,901.4684,ts-config,207.9719,ts-notification,152.0,ts-execute,54.1964,ts-travel,31.2807,ts-security,28.7788,ts-contacts,27.26,ts-food,12.42,ts-inside-payment,11.545,ts-user,11.34,ts-auth,9.25,ts-assurance,7.15,ts-train,4.1173,ts-verification-code,1.54,ts-basic,0.0275
58, -- ,ts-order,533.1933,ts-travel,376.4867,ts-config,261.7541,ts-notification,162.295,ts-execute,54.1964,ts-price,46.1568,ts-security,34.2238,ts-food,26.52,ts-user,18.94,ts-preserve,17.71,ts-consign,10.938,ts-delivery,9.17,ts-contacts,9.14,ts-rebook,9.0175,ts-food-map,4.46,ts-station,4.305,ts-ticketinfo,3.7977,ts-admin-order,2.2446,ts-train,2.0843,ts-assurance,1.6867,ts-seat,0.985,ts-route,0.812,ts-preserve-other,0.7812,ts-verification-code,0.04
59, -- ,ts-order,422.0646,ts-config,198.0069,ts-notification,152.45,ts-consign,151.26,ts-admin-user,130.17,ts-travel,117.7321,ts-seat,103.4421,ts-security,98.0306,ts-execute,54.1964,ts-contacts,50.88,ts-price,40.87,ts-train,18.5024,ts-station,11.5837,ts-route,7.5273,ts-rebook,4.5775,ts-admin-basic-info,4.5675,ts-food,4.1,ts-food-map,2.98,ts-preserve,2.1,ts-ticketinfo,1.6042,ts-preserve-other,1.3025,ts-user,0.75,ts-verification-code,0.04
60, -- ,ts-seat,725.2242,ts-order,443.774,ts-config,199.2217,ts-notification,179.65,ts-execute,54.2664,ts-security,29.4113,ts-travel,25.0262,ts-admin-order,14.899,ts-inside-payment,6.83,ts-admin-basic-info,5.0475,ts-contacts,4.24,ts-preserve-other,2.88,ts-ticketinfo,1.8045,ts-station,1.7422,ts-verification-code,1.54,ts-user,1.32,ts-route,0.762,ts-price,0.6362,ts-delivery,0.035,ts-payment,0.0325
61, -- ,ts-seat,665.1885,ts-order,443.326,ts-basic,330.8175,ts-config,197.6667,ts-notification,153.93,ts-execute,56.2027,ts-security,48.652,ts-travel,26.1518,ts-food,25.3,ts-train,22.9447,ts-rebook,11.35,ts-auth,8.9725,ts-admin-user,7.5,ts-route,3.6398,ts-delivery,2.93,ts-inside-payment,2.7875,ts-station,2.4212,ts-preserve,1.785,ts-price,1.2287,ts-ticketinfo,0.44,ts-payment,0.35,ts-user,0.19,ts-admin-order,0.0514
62, -- ,ts-basic,3077.7826,ts-order,419.5233,ts-seat,414.3333,ts-config,197.6667,ts-security,196.4495,ts-notification,183.53,ts-travel,63.0828,ts-execute,55.6164,ts-payment,48.87,ts-delivery,22.73,ts-ticketinfo,20.996,ts-inside-payment,16.1887,ts-user,12.48,ts-auth,9.25,ts-cancel,6.69,ts-train,3.63,ts-route,3.3577,ts-price,0.6517,ts-rebook,0.01
63, -- ,ts-basic,3061.3907,ts-order,420.6758,ts-seat,416.535,ts-config,197.6667,ts-notification,155.5,ts-security,89.2353,ts-execute,54.1964,ts-price,42.3183,ts-food,38.52,ts-travel,33.2352,ts-preserve,31.06,ts-auth,15.5583,ts-inside-payment,10.775,ts-admin-route,3.06,ts-user,2.8367,ts-ticketinfo,2.308,ts-delivery,0.325,ts-train,0.19
64, -- ,ts-basic,3706.8937,ts-order,432.2326,ts-seat,414.7967,ts-config,199.8347,ts-notification,152.45,ts-admin-order,133.0698,ts-travel,84.6119,ts-security,78.5333,ts-execute,54.4089,ts-price,41.4133,ts-preserve,27.84,ts-inside-payment,11.5051,ts-verification-code,9.86,ts-train,8.673,ts-preserve-other,7.08,ts-route,6.3573,ts-auth,0.1933,ts-payment,0.145,ts-station,0.04
65, -- ,ts-basic,4554.58,ts-seat,417.2407,ts-order,414.3333,ts-config,256.9981,ts-notification,152.0,ts-travel,88.1554,ts-security,64.4643,ts-admin-order,59.188,ts-execute,54.1964,ts-contacts,38.55,ts-route,11.1317,ts-auth,9.3141,ts-price,5.4577,ts-payment,0.6625,ts-station,0.3137
66, -- ,ts-basic,5642.2147,ts-seat,423.297,ts-order,416.1196,ts-config,267.6136,ts-notification,152.705,ts-security,132.5617,ts-travel,107.4862,ts-execute,54.1964,ts-route,32.3526,ts-food,22.43,ts-cancel,20.22,ts-station,19.6577,ts-consign,19.5,ts-user,15.42,ts-price,4.056,ts-preserve,3.0733,ts-contacts,2.01,ts-ticketinfo,1.99,ts-auth,1.2967,ts-train,0.42
67, -- ,ts-basic,13089.2296,ts-order,414.3333,ts-config,201.8167,ts-notification,152.0,ts-user,137.34,ts-seat,131.8617,ts-cancel,117.89,ts-security,98.1402,ts-execute,54.1964,ts-travel,54.0733,ts-contacts,17.14,ts-price,10.1283,ts-route,9.6933,ts-food,6.84,ts-preserve,5.4017,ts-admin-order,2.5757,ts-ticketinfo,1.514,ts-station,0.6933,ts-rebook,0.01
68, -- ,ts-basic,12214.2038,ts-contacts,856.23,ts-order,463.8548,ts-config,203.2967,ts-notification,152.0,ts-preserve,104.935,ts-travel,99.1064,ts-cancel,75.8596,ts-security,67.9182,ts-execute,54.1964,ts-train,50.2801,ts-price,35.435,ts-admin-order,34.6757,ts-ticketinfo,13.578,ts-admin-user,9.5957,ts-user,7.45,ts-verification-code,4.2,ts-rebook,0.44,ts-route,0.21,ts-payment,0.04
69, -- ,ts-basic,12021.6749,ts-contacts,691.89,ts-security,348.8935,ts-config,201.0717,ts-notification,152.0,ts-order,126.2957,ts-execute,54.1964,ts-travel,34.2332,ts-price,30.0147,ts-user,26.07,ts-preserve,21.37,ts-train,20.6108,ts-route,19.907,ts-cancel,13.24,ts-ticketinfo,10.72,ts-delivery,7.37,ts-auth,5.4994,ts-food,5.1737,ts-assurance,3.39,ts-inside-payment,2.8116,ts-food-map,2.49,ts-payment,0.97,ts-station,0.435
70, -- ,ts-basic,12915.5932,ts-assurance,296.11,ts-config,197.6667,ts-notification,153.5,ts-cancel,109.38,ts-auth,88.4933,ts-security,70.0367,ts-execute,54.1964,ts-user,37.47,ts-price,31.5573,ts-travel,25.8298,ts-contacts,14.93,ts-inside-payment,11.7937,ts-ticketinfo,11.0327,ts-route,7.345,ts-delivery,6.49,ts-food-map,4.38,ts-consign,4.0,ts-food,3.24,ts-preserve,2.64,ts-rebook,0.44,ts-station,0.3875,ts-order,0.36
71, -- ,ts-basic,13362.1216,ts-assurance,346.6667,ts-config,197.6667,ts-notification,152.705,ts-auth,91.3583,ts-execute,54.1964,ts-security,51.204,ts-user,47.4,ts-order,41.7171,ts-price,31.2757,ts-admin-order,22.9759,ts-ticketinfo,16.912,ts-inside-payment,12.0139,ts-travel,9.737,ts-food,6.56,ts-seat,3.8483,ts-station,3.4837,ts-route,2.044,ts-train,1.9564,ts-verification-code,1.54,ts-cancel,0.39,ts-preserve,0.118
72, -- ,ts-basic,13326.6717,ts-price,355.301,ts-assurance,337.2367,ts-config,197.6667,ts-notification,152.0,ts-user,123.03,ts-execute,58.2289,ts-auth,40.4775,ts-security,24.7238,ts-travel,18.886,ts-station,11.3258,ts-contacts,7.5,ts-seat,2.5467,ts-ticketinfo,1.674,ts-train,0.1144
73, -- ,ts-basic,13248.2914,ts-contacts,484.18,ts-config,197.6667,ts-notification,152.0,ts-auth,113.6903,ts-price,108.7057,ts-execute,58.2289,ts-security,25.6,ts-payment,9.7325,ts-route,8.429,ts-travel,6.3868,ts-user,1.48,ts-assurance,1.1533,ts-admin-route,0.25,ts-train,0.0544
74, -- ,ts-basic,13250.4859,ts-admin-order,315.2391,ts-contacts,263.26,ts-config,197.6667,ts-security,170.0568,ts-inside-payment,153.2889,ts-notification,152.0,ts-route,120.0508,ts-travel,86.1053,ts-price,84.546,ts-execute,54.1964,ts-preserve,20.47,ts-payment,19.0498,ts-order,14.625,ts-assurance,4.74,ts-train,4.2889,ts-auth,1.1913
75, -- ,ts-basic,13295.2695,ts-config,208.1114,ts-travel,200.8061,ts-notification,152.0,ts-security,141.1763,ts-order,68.8786,ts-execute,54.1964,ts-route,37.3678,ts-preserve,28.05,ts-price,27.6797,ts-delivery,10.48,ts-station,8.5759,ts-train,7.6794,ts-ticketinfo,6.1688,ts-inside-payment,5.89,ts-payment,5.3,ts-admin-user,4.165,ts-seat,2.4862,ts-contacts,2.4,ts-admin-order,2.194,ts-consign,2.1333,ts-admin-route,0.62
76, -- ,ts-basic,13277.0602,ts-config,244.7478,ts-notification,152.29,ts-auth,112.0252,ts-travel,72.0728,ts-price,68.23,ts-security,66.0808,ts-execute,54.1964,ts-order,29.74,ts-payment,17.515,ts-inside-payment,16.6175,ts-ticketinfo,9.292,ts-news,5.54,ts-route,5.206,ts-train,3.0567,ts-consign,2.1333,ts-station,0.0187
77, -- ,ts-basic,13281.5373,ts-config,197.6667,ts-notification,152.095,ts-travel,72.1252,ts-assurance,70.56,ts-execute,54.1964,ts-security,16.3573,ts-ticketinfo,9.61,ts-food,6.7,ts-payment,4.495,ts-preserve,3.795,ts-price,3.646,ts-contacts,1.59,ts-train,0.4144
78, -- ,ts-basic,13286.9606,ts-config,197.6667,ts-contacts,186.2,ts-notification,152.0,ts-preserve,125.76,ts-user,106.94,ts-security,73.2432,ts-execute,56.0464,ts-price,37.7337,ts-travel,5.2065,ts-food,2.42,ts-verification-code,1.54,ts-inside-payment,1.455,ts-order,1.0114,ts-voucher,0.44,ts-seat,0.3333,ts-admin-order,0.288,ts-route,0.212
79, -- ,ts-basic,13264.7315,ts-config,198.1017,ts-notification,161.07,ts-preserve,124.565,ts-cancel,89.68,ts-travel,80.9181,ts-security,58.7668,ts-execute,54.1964,ts-contacts,50.12,ts-food,38.0,ts-user,25.84,ts-delivery,20.06,ts-preserve-other,11.58,ts-admin-travel,11.2587,ts-train,8.1386,ts-admin-route,6.0187,ts-verification-code,5.94,ts-price,5.725,ts-admin-order,5.7171,ts-ticketinfo,5.006,ts-inside-payment,3.705,ts-seat,2.9367,ts-order,0.36,ts-ui,0.15,ts-food-map,0.03
80, -- ,ts-basic,13280.6539,ts-config,197.6667,ts-notification,155.295,ts-security,130.529,ts-train,73.2023,ts-order,70.9233,ts-admin-order,59.1386,ts-execute,55.0639,ts-inside-payment,49.1784,ts-preserve,42.04,ts-food,20.88,ts-cancel,10.84,ts-admin-basic-info,8.4312,ts-admin-route,6.0187,ts-route,4.5502,ts-admin-travel,3.6462,ts-payment,2.3,ts-travel,1.5573,ts-delivery,1.324,ts-auth,0.704,ts-ticketinfo,0.562
81, -- ,ts-basic,13248.9305,ts-train,299.4902,ts-config,197.6667,ts-notification,163.5,ts-security,80.5471,ts-execute,57.7914,ts-travel,51.3759,ts-route,11.0408,ts-contacts,8.52,ts-food,7.9,ts-delivery,7.218,ts-ticketinfo,7.1184,ts-admin-basic-info,6.7312,ts-order,3.7658,ts-preserve,3.04,ts-inside-payment,1.7125,ts-station,0.6065,ts-seat,0.16
82, -- ,ts-basic,13307.9811,ts-config,197.6667,ts-notification,170.5,ts-user,66.3,ts-execute,58.0114,ts-travel,33.5624,ts-route,23.1699,ts-security,14.7558,ts-ticketinfo,10.086,ts-auth,9.3867,ts-train,5.7767,ts-delivery,3.555,ts-food,2.02,ts-inside-payment,1.97,ts-preserve,1.5867
83, -- ,ts-basic,13292.3915,ts-security,233.3103,ts-config,197.6667,ts-notification,152.0,ts-execute,54.1964,ts-ticketinfo,47.818,ts-food,13.9033,ts-seat,11.6065,ts-train,3.1418,ts-preserve,2.944,ts-order,1.935,ts-travel,0.66,ts-rebook,0.44,ts-route,0.0567
84, -- ,ts-basic,13259.9301,ts-security,316.1693,ts-config,198.1117,ts-notification,152.705,ts-contacts,55.74,ts-execute,54.1964,ts-inside-payment,47.01,ts-train,35.6297,ts-preserve,29.85,ts-ticketinfo,10.88,ts-auth,6.6,ts-order,5.8643,ts-food,4.4,ts-travel,2.07,ts-admin-order,1.5064,ts-route,1.2107
85, -- ,ts-basic,13254.3352,ts-config,202.1867,ts-notification,152.0,ts-execute,54.1964,ts-travel,49.4864,ts-security,42.325,ts-ticketinfo,33.2799,ts-preserve,30.79,ts-route,8.8042,ts-food-map,4.84,ts-assurance,3.43,ts-payment,3.2905,ts-order,0.69,ts-contacts,0.68,ts-seat,0.0787,ts-station,0.04
86, -- ,ts-basic,13272.759,ts-food-map,203.44,ts-config,199.5917,ts-security,171.8289,ts-notification,152.0,ts-consign,117.3,ts-execute,54.1964,ts-food,35.08,ts-travel,19.6377,ts-preserve-other,7.36,ts-route,4.88,ts-payment,4.1868,ts-assurance,3.31,ts-admin-travel,3.12,ts-news,2.72,ts-train,1.737,ts-verification-code,1.54,ts-user,1.53,ts-delivery,1.05,ts-admin-route,0.62,ts-inside-payment,0.4275,ts-station,0.2267
87, -- ,ts-basic,13283.759,ts-config,197.7417,ts-notification,152.03,ts-order,114.0,ts-travel,79.3786,ts-food-map,77.57,ts-security,61.5568,ts-execute,55.0064,ts-food,44.09,ts-delivery,19.43,ts-ticketinfo,10.0389,ts-cancel,3.96,ts-assurance,3.84,ts-inside-payment,2.2275,ts-auth,1.74,ts-station,0.2846
88, -- ,ts-basic,13279.3842,ts-food,225.08,ts-config,197.6667,ts-notification,152.0,ts-execute,54.1964,ts-contacts,51.45,ts-security,41.17,ts-auth,29.07,ts-price,16.5356,ts-inside-payment,14.0525,ts-train,3.9543,ts-travel,3.0783,ts-news,2.72,ts-delivery,0.815,ts-order,0.005
89, -- ,ts-basic,13262.1527,ts-config,215.7129,ts-notification,152.0,ts-food,92.28,ts-travel,73.8954,ts-security,57.5847,ts-execute,54.1964,ts-auth,36.565,ts-contacts,32.65,ts-consign,21.05,ts-price,18.8236,ts-payment,13.975,ts-route,13.1953,ts-inside-payment,9.6825,ts-preserve,4.13,ts-ticketinfo,2.3407,ts-admin-basic-info,1.7,ts-seat,1.625,ts-user,1.2758,ts-delivery,0.7033
90, -- ,ts-basic,13269.7818,ts-preserve,668.79,ts-config,202.5783,ts-notification,155.125,ts-contacts,125.37,ts-security,74.0448,ts-execute,54.1964,ts-food,22.14,ts-ticketinfo,12.308,ts-route,10.2367,ts-auth,7.933,ts-payment,6.72,ts-news,5.54,ts-travel,3.8148,ts-train,1.5509,ts-rebook,0.44
91, -- ,ts-basic,13275.1883,ts-preserve,610.18,ts-config,197.6667,ts-notification,152.0,ts-train,108.3639,ts-execute,55.3914,ts-travel,45.9805,ts-security,31.2715,ts-ticketinfo,7.546,ts-price,3.558,ts-auth,1.852,ts-preserve-other,1.68,ts-station,1.6437,ts-contacts,1.35,ts-route,0.1273
92, -- ,ts-basic,13286.3433,ts-preserve,226.24,ts-config,197.6667,ts-notification,152.0,ts-security,122.504,ts-price,59.0437,ts-execute,55.7189,ts-station,46.9593,ts-payment,32.68,ts-contacts,31.38,ts-food,9.88,ts-travel,9.2291,ts-inside-payment,6.8358,ts-route,2.504
93, -- ,ts-basic,13271.7392,ts-preserve,204.79,ts-config,197.6667,ts-notification,152.605,ts-security,82.8643,ts-execute,54.1964,ts-auth,37.4376,ts-travel,24.932,ts-delivery,12.99,ts-inside-payment,10.1436,ts-admin-order,9.5432,ts-station,7.7658,ts-train,5.4636,ts-preserve-other,4.36,ts-payment,3.11,ts-food,2.15,ts-route,1.67,ts-price,1.195,ts-admin-route,0.62
94, -- ,ts-basic,13316.5967,ts-config,197.6667,ts-notification,152.0,ts-security,97.063,ts-travel,89.9553,ts-execute,54.1964,ts-preserve,20.87,ts-inside-payment,13.8834,ts-admin-order,10.0027,ts-contacts,7.417,ts-route,2.04,ts-station,1.775,ts-food,1.08,ts-food-map,0.875,ts-payment,0.285
95, -- ,ts-basic,13287.9215,ts-config,198.1117,ts-notification,152.0,ts-travel,122.0976,ts-contacts,101.097,ts-security,62.8436,ts-execute,54.1964,ts-auth,32.3124,ts-price,27.57,ts-preserve,22.21,ts-admin-user,19.43,ts-route,12.1975,ts-consign,10.308,ts-admin-order,10.15,ts-seat,8.0229,ts-food-map,0.875,ts-delivery,0.3033,ts-inside-payment,0.175,ts-food,0.16
96, -- ,ts-basic,13254.4832,ts-security,322.0563,ts-config,214.0618,ts-notification,153.07,ts-execute,54.1964,ts-train,38.4734,ts-route,16.3816,ts-assurance,9.2733,ts-travel,2.6811,ts-ticketinfo,2.05,ts-user,1.4555,ts-food,0.82,ts-admin-order,0.2,ts-consign,0.1333
97, -- ,ts-basic,13280.2178,ts-train,324.4214,ts-config,197.6667,ts-notification,173.11,ts-travel,128.2031,ts-security,87.4585,ts-route,54.8318,ts-execute,54.1964,ts-verification-code,35.37,ts-assurance,10.5567,ts-user,9.5091,ts-inside-payment,8.5,ts-station,6.0921,ts-seat,5.3947,ts-delivery,2.91,ts-news,2.72,ts-food,2.5,ts-preserve,1.4,ts-ticketinfo,0.3117,ts-price,0.1925
98, -- ,ts-basic,13311.1857,ts-config,197.6667,ts-notification,155.0,ts-execute,54.1964,ts-security,39.4195,ts-consign,24.66,ts-travel,14.9667,ts-admin-basic-info,4.46,ts-food,2.74,ts-route,2.42,ts-auth,2.12,ts-inside-payment,0.895,ts-train,0.8944,ts-seat,0.7233,ts-admin-order,0.052
99, -- ,ts-basic,13266.5917,ts-security,369.5245,ts-user,237.1825,ts-config,203.4528,ts-notification,152.0,ts-execute,54.1964,ts-travel,36.8843,ts-seat,20.76,ts-consign,20.66,ts-news,5.54,ts-rebook,0.76,ts-contacts,0.45,ts-order,0.2633
100, -- ,ts-basic,13262.7708,ts-config,341.266,ts-notification,152.455,ts-preserve-other,76.2,ts-travel,70.3253,ts-execute,54.7364,ts-security,49.847,ts-train,8.7407,ts-admin-route,8.1825,ts-auth,6.8167,ts-admin-user,3.93,ts-route,3.6,ts-seat,1.7437
101, -- ,ts-basic,13265.6561,ts-config,290.6864,ts-security,236.9293,ts-notification,157.0,ts-ticketinfo,105.72,ts-admin-travel,62.64,ts-execute,60.8189,ts-travel,57.4644,ts-inside-payment,26.7625,ts-food-map,13.37,ts-train,10.4875,ts-route,9.7252,ts-rebook,9.3912,ts-admin-route,8.9037,ts-auth,8.14,ts-payment,5.35,ts-verification-code,4.335,ts-contacts,4.3337,ts-consign,1.94,ts-preserve,1.695,ts-admin-basic-info,1.38,ts-cancel,1.2,ts-user,0.1325
102, -- ,ts-basic,13243.5876,ts-config,197.6667,ts-consign,184.88,ts-notification,181.9,ts-order,101.7386,ts-security,77.948,ts-execute,54.1964,ts-inside-payment,22.8304,ts-delivery,13.34,ts-admin-order,12.604,ts-travel,10.3106,ts-admin-basic-info,5.2887,ts-contacts,2.357,ts-payment,2.12,ts-verification-code,1.785,ts-preserve,1.668,ts-food-map,1.51,ts-ticketinfo,1.0609,ts-train,1.0567,ts-rebook,0.7312,ts-admin-route,0.62,ts-seat,0.5933,ts-price,0.4717,ts-auth,0.4167,ts-route,0.335
103, -- ,ts-basic,13282.1152,ts-config,198.41,ts-notification,164.5,ts-security,62.1053,ts-execute,54.1964,ts-food-map,36.64,ts-route,14.16,ts-travel,12.7151,ts-admin-order,10.696,ts-admin-basic-info,8.1725,ts-preserve,7.19,ts-delivery,4.55,ts-train,3.5978,ts-price,2.3437,ts-station,0.7111,ts-payment,0.08
104, -- ,ts-basic,13302.8243,ts-config,285.7265,ts-inside-payment,236.0931,ts-notification,152.0,ts-execute,54.1964,ts-security,53.9,ts-contacts,40.52,ts-food-map,37.57,ts-route,33.406,ts-order,29.6143,ts-travel,27.3608,ts-user,16.6155,ts-station,14.3197,ts-train,3.7778,ts-cancel,2.37,ts-payment,0.13,ts-price,0.1187,ts-ticketinfo,0.086
105, -- ,ts-basic,13270.4337,ts-security,239.6877,ts-config,197.6667,ts-notification,155.125,ts-inside-payment,137.3733,ts-execute,55.6964,ts-contacts,37.43,ts-preserve,26.77,ts-travel,22.2231,ts-user,12.5427,ts-assurance,9.732,ts-food,7.99,ts-food-map,4.438,ts-route,2.21,ts-admin-route,0.62,ts-train,0.0909
106, -- ,ts-basic,13244.5549,ts-config,208.9777,ts-notification,152.0,ts-security,127.2352,ts-route,93.2133,ts-execute,56.9364,ts-preserve,28.772,ts-travel,24.6126,ts-inside-payment,7.7735,ts-food,6.73,ts-food-map,4.688,ts-consign,3.7,ts-train,2.6451,ts-ticketinfo,1.1544,ts-rebook,0.44
107, -- ,ts-basic,13291.6006,ts-delivery,202.9905,ts-config,197.6667,ts-notification,154.5,ts-contacts,69.08,ts-route,60.33,ts-execute,54.1964,ts-price,42.464,ts-security,40.3722,ts-inside-payment,39.8225,ts-auth,16.45,ts-travel,15.3016,ts-user,6.83,ts-payment,2.885,ts-admin-order,1.2943,ts-admin-travel,0.78,ts-order,0.54,ts-train,0.3233,ts-preserve,0.0767,ts-ticketinfo,0.0543
108, -- ,ts-basic,13267.7713,ts-config,197.7738,ts-notification,152.5,ts-travel,78.1968,ts-execute,54.1964,ts-inside-payment,38.9875,ts-security,26.8193,ts-price,3.7317,ts-route,2.9967,ts-payment,0.13,ts-contacts,0.01
109, -- ,ts-basic,13267.5623,ts-config,201.9297,ts-inside-payment,163.28,ts-notification,152.45,ts-auth,66.5567,ts-execute,54.4089,ts-travel,52.7677,ts-security,51.3825,ts-contacts,44.79,ts-payment,24.94,ts-avatar,2.58,ts-route,1.184
110, -- ,ts-basic,13262.1024,ts-config,379.0337,ts-security,195.2805,ts-notification,152.0,ts-travel,124.295,ts-auth,104.9093,ts-contacts,88.59,ts-execute,56.3739,ts-inside-payment,30.0525,ts-food,26.18,ts-preserve,15.754,ts-seat,15.0633,ts-admin-order,9.388,ts-admin-travel,5.74,ts-train,5.0928,ts-route,3.2283,ts-ticketinfo,2.706,ts-food-map,0.09
111, -- ,ts-basic,13229.642,ts-config,197.6667,ts-notification,152.0,ts-auth,112.3281,ts-security,85.6122,ts-contacts,72.18,ts-travel,65.3452,ts-execute,54.1964,ts-admin-order,9.334,ts-news,2.72,ts-route,1.21,ts-payment,0.9
112, -- ,ts-basic,13259.4447,ts-config,197.6667,ts-notification,152.5,ts-security,98.8623,ts-execute,54.1964,ts-travel,25.6174,ts-contacts,3.57,ts-payment,2.7245,ts-consign,1.62,ts-auth,1.52,ts-route,0.624,ts-seat,0.5312,ts-admin-order,0.22
113, -- ,ts-basic,13256.6311,ts-config,199.2217,ts-security,195.4378,ts-notification,152.0,ts-execute,54.1964,ts-order,27.3986,ts-travel,16.4639,ts-inside-payment,2.9189,ts-preserve,1.8625,ts-seat,1.025,ts-route,0.9833,ts-assurance,0.08
114, -- ,ts-basic,13311.2852,ts-preserve,354.84,ts-inside-payment,212.35,ts-config,197.7417,ts-notification,152.705,ts-payment,63.68,ts-execute,54.1964,ts-security,39.4865,ts-user,12.03,ts-travel,5.8333,ts-news,5.54,ts-cancel,5.34,ts-route,4.365,ts-consign,1.44,ts-rebook,0.44,ts-ticketinfo,0.302,ts-food,0.21,ts-assurance,0.08
115, -- ,ts-basic,13266.9918,ts-config,197.6667,ts-notification,152.0,ts-execute,54.1964,ts-security,28.8703,ts-preserve,24.2833,ts-seat,17.367,ts-user,9.9167,ts-travel,7.5805,ts-station,4.924,ts-delivery,2.97,ts-news,2.89,ts-route,2.52,ts-payment,1.62,ts-food,0.21
116, -- ,ts-basic,13249.2786,ts-config,197.6667,ts-notification,152.0,ts-travel,80.7863,ts-execute,54.5164,ts-security,44.2495,ts-ticketinfo,37.027,ts-contacts,22.9,ts-preserve,21.41,ts-order,13.59,ts-news,5.54,ts-station,5.442,ts-admin-route,3.06,ts-route,2.289,ts-admin-order,1.2257,ts-admin-travel,1.06,ts-train,0.6925,ts-auth,0.1933
117, -- ,ts-basic,13261.3663,ts-config,197.6667,ts-order,195.9871,ts-notification,152.0,ts-execute,54.1964,ts-travel,53.7906,ts-route,26.3056,ts-security,23.0237,ts-consign,21.54,ts-admin-order,11.3646,ts-preserve,9.2,ts-ticketinfo,8.4237,ts-seat,7.6677,ts-user,6.2467,ts-inside-payment,1.9371,ts-station,0.0933
118, -- ,ts-basic,13288.3253,ts-config,197.6667,ts-notification,152.5,ts-travel,104.7139,ts-execute,54.1964,ts-security,47.5695,ts-assurance,30.09,ts-admin-order,8.68,ts-auth,7.7,ts-news,5.54,ts-food,5.16,ts-order,2.52,ts-seat,0.4633,ts-inside-payment,0.245
119, -- ,ts-basic,13423.3256,ts-inside-payment,264.7517,ts-config,200.0567,ts-notification,153.57,ts-execute,54.1964,ts-security,49.5424,ts-food,39.09,ts-travel,17.2242,ts-admin-order,8.134,ts-auth,5.9333,ts-route,5.3275,ts-payment,0.7741,ts-price,0.415,ts-order,0.0292
120, -- ,ts-basic,13271.7565,ts-food,319.03,ts-config,199.7291,ts-notification,152.0,ts-execute,54.1964,ts-security,42.971,ts-contacts,37.89,ts-inside-payment,23.6275,ts-travel,6.5765,ts-order,1.92,ts-seat,0.4633,ts-train,0.0625
121, -- ,ts-basic,13222.6906,ts-config,198.8679,ts-notification,152.0,ts-order,63.4793,ts-execute,54.1964,ts-food,49.948,ts-security,30.7815,ts-travel,10.3683,ts-contacts,6.36,ts-delivery,0.95,ts-route,0.48,ts-food-map,0.29
122, -- ,ts-basic,13284.1572,ts-config,197.6667,ts-notification,153.07,ts-execute,54.9539,ts-security,17.3067,ts-order,15.81,ts-inside-payment,5.836,ts-admin-route,3.8562,ts-train,3.3816,ts-auth,3.0633,ts-preserve,2.655,ts-route,2.182,ts-payment,1.74,ts-verification-code,0.675,ts-travel,0.47,ts-ticketinfo,0.1487,ts-consign,0.09
123, -- ,ts-basic,13286.187,ts-config,198.1117,ts-notification,168.2,ts-security,99.4643,ts-execute,55.0639,ts-contacts,10.8,ts-travel,7.0568,ts-admin-route,2.8937,ts-admin-basic-info,2.885,ts-verification-code,0.675,ts-inside-payment,0.58,ts-user,0.54
124, -- ,ts-basic,13261.1781,ts-config,197.6667,ts-notification,152.0,ts-execute,54.9539,ts-security,47.0767,ts-payment,44.8,ts-travel,9.6893,ts-admin-basic-info,4.0862,ts-route,1.09,ts-order,0.865,ts-admin-user,0.21,ts-auth,0.1933
125, -- ,ts-basic,13288.3129,ts-config,197.6667,ts-notification,152.0,ts-execute,54.1964,ts-security,54.1283,ts-payment,44.535,ts-travel,39.9655,ts-food,33.355,ts-preserve,30.79,ts-inside-payment,10.4325,ts-admin-order,5.5146,ts-verification-code,1.54,ts-price,0.1187
126, -- ,ts-basic,13264.3695,ts-config,197.6667,ts-notification,152.0,ts-execute,56.4814,ts-food,39.0,ts-preserve,29.72,ts-travel,27.739,ts-security,17.8118,ts-admin-order,12.386,ts-station,6.0037,ts-route,3.6885,ts-delivery,2.44,ts-admin-user,2.19,ts-payment,0.7066
127, -- ,ts-basic,13260.9601,ts-config,197.6667,ts-security,189.0682,ts-notification,155.0,ts-seat,154.14,ts-delivery,56.32,ts-execute,54.8439,ts-contacts,48.0,ts-food,31.8,ts-admin-order,14.184,ts-ticketinfo,12.1188,ts-preserve,10.1787,ts-train,4.6936,ts-admin-basic-info,4.46,ts-consign,2.62,ts-preserve-other,2.0,ts-route,1.0483,ts-payment,0.44,ts-travel,0.032
128, -- ,ts-basic,13291.994,ts-config,199.2217,ts-notification,153.07,ts-security,97.667,ts-execute,54.1964,ts-auth,42.1367,ts-travel,30.6898,ts-delivery,29.78,ts-route,13.606,ts-user,10.14,ts-food,4.48,ts-ticketinfo,3.896,ts-train,2.4567,ts-preserve,1.8975
129, -- ,ts-basic,13256.6533,ts-config,197.6667,ts-notification,168.13,ts-execute,54.1964,ts-security,45.823,ts-auth,41.4733,ts-contacts,41.17,ts-user,11.77,ts-news,5.54,ts-preserve-other,1.8,ts-food-map,0.64,ts-travel,0.6,ts-food,0.31
130, -- ,ts-basic,13289.0695,ts-config,199.9617,ts-security,163.1177,ts-notification,152.0,ts-execute,56.0464,ts-consign,46.998,ts-travel,41.4676,ts-contacts,38.09,ts-food-map,28.58,ts-user,28.53,ts-price,21.3119,ts-admin-travel,16.68,ts-food,16.62,ts-inside-payment,16.4298,ts-preserve-other,14.55,ts-admin-basic-info,8.4912,ts-verification-code,5.01,ts-route,3.7133,ts-rebook,0.57,ts-payment,0.42
131, -- ,ts-basic,13275.6136,ts-travel,595.7622,ts-config,197.6667,ts-notification,158.55,ts-security,121.0795,ts-execute,57.0289,ts-delivery,38.09,ts-payment,26.32,ts-food-map,16.84,ts-seat,14.3431,ts-food,6.28,ts-admin-basic-info,4.7,ts-preserve-other,1.3025,ts-auth,0.839,ts-ticketinfo,0.5725
132, -- ,ts-basic,13248.7818,ts-config,197.6667,ts-notification,155.5,ts-security,111.221,ts-cancel,56.5309,ts-execute,54.1964,ts-travel,17.9755,ts-auth,16.926,ts-news,5.54,ts-admin-route,3.34,ts-route,3.175,ts-inside-payment,0.398,ts-seat,0.285
133, -- ,ts-basic,13273.4451,ts-config,200.214,ts-notification,152.0,ts-security,70.7483,ts-travel,64.1831,ts-auth,60.0649,ts-execute,54.1964,ts-station,5.7325,ts-route,4.8927,ts-admin-order,4.86,ts-ticketinfo,1.7436,ts-payment,1.415,ts-train,0.439,ts-preserve,0.0767
134, -- ,ts-basic,13269.9977,ts-auth,685.867,ts-config,197.6667,ts-notification,152.0,ts-assurance,92.1433,ts-execute,54.1964,ts-ticket-office,46.71,ts-security,32.245,ts-user,21.09,ts-travel,14.7695,ts-consign,9.54,ts-route,2.56,ts-seat,1.0475,ts-payment,0.67,ts-food,0.6667,ts-rebook,0.25
135, -- ,ts-basic,13254.2279,ts-auth,617.1933,ts-config,197.6667,ts-notification,152.0,ts-security,136.9785,ts-admin-order,110.7594,ts-cancel,56.62,ts-execute,54.1964,ts-ticket-office,47.0,ts-preserve,26.5,ts-station,9.2447,ts-price,7.0,ts-payment,1.8775,ts-assurance,1.4733,ts-rebook,1.2112,ts-travel,1.165,ts-admin-basic-info,0.7212
136, -- ,ts-basic,13263.0177,ts-config,197.6667,ts-notification,152.0,ts-security,106.0622,ts-travel,99.644,ts-admin-order,63.12,ts-execute,54.9998,ts-preserve,25.83,ts-route,7.0992,ts-payment,4.9225,ts-consign,2.7,ts-seat,1.09,ts-order,0.75
137, -- ,ts-basic,13269.3886,ts-security,388.8261,ts-config,197.6667,ts-notification,152.0,ts-execute,54.1964,ts-travel,28.614,ts-payment,11.8416,ts-contacts,5.35,ts-price,1.4503,ts-consign,1.3333,ts-order,0.0583
138, -- ,ts-basic,13259.9727,ts-travel,402.8598,ts-security,240.1713,ts-config,200.7017,ts-notification,152.0,ts-execute,54.1964,ts-seat,45.4593,ts-route,37.1144,ts-ticketinfo,13.7264,ts-price,8.3576,ts-food,7.98,ts-contacts,4.02,ts-user,2.205,ts-verification-code,1.54,ts-auth,1.52,ts-station,1.3944,ts-consign,1.3333,ts-train,1.0
139, -- ,ts-basic,13294.7602,ts-config,197.6667,ts-notification,153.07,ts-travel,65.2581,ts-security,54.9733,ts-execute,54.1964,ts-order,6.18,ts-consign,4.62,ts-payment,3.8,ts-route,3.675,ts-admin-travel,0.78,ts-delivery,0.615,ts-voucher,0.44,ts-auth,0.4167
140, -- ,ts-basic,13303.8449,ts-config,197.6667,ts-notification,152.0,ts-payment,110.085,ts-security,77.498,ts-order,67.3521,ts-execute,57.9598,ts-travel,41.3889,ts-news,5.54,ts-delivery,5.52
141, -- ,ts-basic,13253.455,ts-config,197.6667,ts-notification,152.0,ts-execute,54.1964,ts-security,36.1205,ts-route,21.78,ts-travel,19.4645,ts-user,7.3025,ts-preserve,5.75,ts-consign,3.72,ts-payment,3.57,ts-food,0.72
142, -- ,ts-basic,13280.2079,ts-route,269.851,ts-config,197.6667,ts-notification,153.07,ts-travel,97.875,ts-consign,83.1,ts-execute,54.8439,ts-security,51.1491,ts-news,8.7,ts-food-map,8.1,ts-preserve,1.435,ts-contacts,0.18,ts-train,0.0625
143, -- ,ts-basic,13257.3825,ts-config,197.6667,ts-notification,152.0,ts-security,82.9655,ts-travel,62.2963,ts-execute,54.1964,ts-admin-order,15.1511,ts-route,7.7915,ts-price,7.0432,ts-order,4.86,ts-inside-payment,2.1657,ts-admin-basic-info,1.7,ts-preserve-other,1.3025,ts-payment,0.6225,ts-preserve,0.35,ts-admin-route,0.25,ts-auth,0.1933
144, -- ,ts-basic,13248.3286,ts-config,197.6667,ts-notification,152.0,ts-order,113.695,ts-security,66.7922,ts-execute,54.1964,ts-auth,34.3224,ts-travel,13.6056,ts-preserve-other,7.8812,ts-assurance,7.59,ts-food,7.12,ts-news,5.54,ts-payment,3.88,ts-admin-order,0.45,ts-admin-route,0.25,ts-contacts,0.01
145, -- ,ts-basic,13299.7199,ts-config,197.6667,ts-notification,152.0,ts-travel,81.818,ts-execute,54.2989,ts-preserve,35.62,ts-security,24.3103,ts-seat,8.84,ts-food,7.28,ts-route,7.2517,ts-assurance,2.4367,ts-price,1.3767,ts-admin-route,0.62
146, -- ,ts-basic,13262.6631,ts-config,197.6667,ts-notification,161.19,ts-security,143.2983,ts-inside-payment,126.565,ts-preserve,84.8175,ts-user,65.5355,ts-execute,55.4106,ts-travel,10.0124,ts-delivery,9.93,ts-news,5.54,ts-cancel,3.1609,ts-route,2.562,ts-order,0.56,ts-payment,0.185
147, -- ,ts-basic,13270.5173,ts-user,513.4955,ts-config,197.6667,ts-notification,152.0,ts-delivery,77.82,ts-travel,68.1809,ts-execute,54.1964,ts-security,42.3263,ts-consign,11.178,ts-route,4.0941,ts-admin-travel,3.4,ts-seat,2.5587,ts-ui,0.866,ts-preserve,0.79,ts-food-map,0.61,ts-inside-payment,0.555,ts-auth,0.536,ts-ticketinfo,0.404,ts-train,0.0625
148, -- ,ts-basic,13280.3325,ts-config,197.6667,ts-notification,152.0,ts-user,88.41,ts-execute,54.4731,ts-inside-payment,42.7733,ts-order,12.3992,ts-security,11.5417,ts-contacts,5.12,ts-travel,3.1555,ts-route,2.204,ts-auth,0.294,ts-food-map,0.2,ts-admin-order,0.058,ts-price,0.0412
149, -- ,ts-basic,13289.4983,ts-config,198.3412,ts-notification,154.43,ts-contacts,94.18,ts-execute,54.1964,ts-security,37.3424,ts-admin-order,11.1075,ts-auth,10.79,ts-travel,6.2827,ts-inside-payment,0.895,ts-route,0.094
150, -- ,ts-basic,13277.3051,ts-config,306.3045,ts-notification,152.0,ts-execute,54.1964,ts-security,24.8763,ts-auth,12.3367,ts-delivery,10.43,ts-news,5.54,ts-travel,5.2437,ts-price,2.1017,ts-preserve,1.3475
151, -- ,ts-basic,13246.3734,ts-config,197.6667,ts-notification,152.0,ts-security,69.2585,ts-execute,54.1964,ts-payment,49.4927,ts-cancel,40.56,ts-price,30.2079,ts-travel,26.0357,ts-inside-payment,14.0248,ts-user,3.9325,ts-contacts,2.01,ts-ticketinfo,1.1331,ts-order,1.12,ts-delivery,1.11,ts-route,1.052,ts-train,0.9544
152, -- ,ts-basic,13260.4722,ts-config,197.6667,ts-notification,153.07,ts-travel,117.7098,ts-execute,54.1964,ts-price,40.278,ts-security,23.7527,ts-admin-basic-info,4.46,ts-route,2.5467,ts-delivery,2.34,ts-ticketinfo,1.5913,ts-verification-code,1.54,ts-train,0.9544,ts-inside-payment,0.9425,ts-contacts,0.23,ts-admin-order,0.124
153, -- ,ts-basic,13285.7356,ts-travel,314.1258,ts-config,197.6667,ts-notification,152.0,ts-security,85.7122,ts-execute,54.1964,ts-payment,23.39,ts-delivery,19.54,ts-seat,18.5137,ts-route,14.3353,ts-food,9.28,ts-price,7.0333,ts-preserve,5.2247,ts-rebook,0.01
154, -- ,ts-basic,13276.821,ts-config,197.6667,ts-notification,152.0,ts-execute,54.1964,ts-security,49.5387,ts-contacts,30.02,ts-travel,19.297,ts-user,17.9558,ts-payment,13.22,ts-admin-user,11.2382,ts-seat,10.6047,ts-news,2.72,ts-station,1.1633,ts-admin-order,0.396,ts-route,0.298,ts-admin-route,0.25,ts-delivery,0.23,ts-inside-payment,0.1837
155, -- ,ts-basic,13273.2938,ts-admin-order,261.84,ts-config,197.6667,ts-notification,153.07,ts-payment,92.63,ts-security,65.3382,ts-execute,54.6264,ts-food,31.52,ts-preserve,24.6,ts-contacts,16.6033,ts-user,14.26,ts-order,4.3971,ts-verification-code,4.2,ts-preserve-other,3.33,ts-travel,0.6591,ts-route,0.3073,ts-admin-route,0.25
156, -- ,ts-basic,13233.7417,ts-config,197.6667,ts-notification,153.5533,ts-food,149.88,ts-preserve,85.48,ts-travel,76.1116,ts-contacts,58.06,ts-execute,54.1964,ts-security,40.9157,ts-payment,20.82,ts-user,16.5,ts-inside-payment,7.5347,ts-order,3.6875,ts-ticketinfo,0.7206,ts-preserve-other,0.5212
157, -- ,ts-basic,13289.0622,ts-config,197.6667,ts-notification,152.0,ts-preserve,87.128,ts-delivery,74.2548,ts-security,58.3035,ts-contacts,57.25,ts-execute,54.6898,ts-travel,14.7323,ts-route,11.797,ts-inside-payment,7.8721,ts-food,7.6,ts-admin-route,3.06,ts-station,1.4394
158, -- ,ts-basic,13266.3242,ts-config,197.6667,ts-notification,152.0,ts-travel,70.242,ts-execute,54.1964,ts-inside-payment,41.506,ts-security,35.0343,ts-food,11.7,ts-ticketinfo,8.0778,ts-admin-order,5.3708,ts-admin-user,5.25,ts-station,4.5883,ts-route,1.8777,ts-preserve,0.58,ts-order,0.08
159, -- ,ts-basic,13291.365,ts-config,200.1117,ts-notification,152.095,ts-delivery,83.5,ts-food,65.68,ts-execute,54.1964,ts-admin-order,52.8812,ts-security,11.8038,ts-news,5.54,ts-avatar,2.58,ts-user,1.3209,ts-travel,1.2247
160, -- ,ts-basic,13277.4226,ts-config,197.6667,ts-notification,152.065,ts-assurance,59.1867,ts-execute,54.1964,ts-security,37.5742,ts-food,29.3,ts-food-map,21.84,ts-route,10.3984,ts-seat,9.2096,ts-user,1.3209,ts-station,0.7833,ts-contacts,0.21
161, -- ,ts-basic,13257.0042,ts-travel,306.317,ts-config,197.6667,ts-notification,152.0,ts-cancel,134.91,ts-execute,54.1964,ts-security,38.8932,ts-food-map,21.26,ts-seat,13.9582,ts-payment,10.1343,ts-verification-code,9.86,ts-user,9.09,ts-preserve,8.8847,ts-food,6.6983,ts-news,2.72,ts-assurance,1.0467
162, -- ,ts-basic,13273.7771,ts-config,197.6667,ts-notification,152.0,ts-execute,54.1964,ts-security,48.9032,ts-travel,18.6951,ts-station,2.8142,ts-route,1.46
163, -- ,ts-basic,13293.7647,ts-config,198.1117,ts-notification,152.0,ts-travel,89.5117,ts-security,57.23,ts-execute,54.1964,ts-food,37.38,ts-contacts,3.57,ts-station,2.524,ts-route,1.325,ts-payment,1.0
164, -- ,ts-basic,13258.3691,ts-config,197.6667,ts-notification,152.0,ts-security,60.4105,ts-execute,54.1964,ts-inside-payment,26.0931,ts-travel,25.3063,ts-verification-code,18.19,ts-consign,12.69,ts-news,5.54,ts-food,5.5333,ts-admin-order,5.4023,ts-contacts,4.46,ts-route,2.067,ts-payment,0.96,ts-seat,0.5683
165, -- ,ts-basic,13310.083,ts-config,197.6667,ts-notification,159.7333,ts-consign,79.92,ts-execute,54.1964,ts-security,35.3682,ts-travel,20.6558,ts-station,5.1807,ts-news,2.72,ts-inside-payment,2.6965,ts-route,2.24,ts-rebook,1.8925,ts-seat,1.6252,ts-preserve,0.76,ts-admin-route,0.49,ts-train,0.4744
166, -- ,ts-basic,13243.7233,ts-config,197.6667,ts-notification,157.5,ts-execute,54.1964,ts-admin-order,34.95,ts-security,26.0884,ts-travel,18.0409,ts-price,15.48,ts-station,5.5893,ts-payment,3.315,ts-rebook,2.4137,ts-ticketinfo,0.8083,ts-train,0.4744
167, -- ,ts-basic,13239.5638,ts-inside-payment,311.1588,ts-price,238.36,ts-security,216.6584,ts-config,197.6667,ts-notification,152.0,ts-order,76.305,ts-execute,54.1964,ts-admin-user,32.52,ts-travel,5.5839,ts-rebook,4.8175,ts-ticketinfo,3.6034,ts-train,0.534,ts-payment,0.49
168, -- ,ts-basic,13287.9201,ts-config,197.6667,ts-preserve,161.04,ts-notification,152.0,ts-security,117.0737,ts-order,73.605,ts-payment,55.1632,ts-execute,54.1964,ts-user,39.555,ts-cancel,28.5289,ts-price,17.1383,ts-travel,8.9294,ts-ticketinfo,2.5267,ts-verification-code,1.54,ts-rebook,0.44
169, -- ,ts-basic,13287.9759,ts-preserve,773.68,ts-config,209.0036,ts-notification,152.0,ts-security,108.6192,ts-travel,70.4415,ts-execute,54.1964,ts-inside-payment,35.6692,ts-route,23.5695,ts-consign,17.76,ts-cancel,14.55,ts-station,11.3183,ts-admin-basic-info,6.92,ts-ticketinfo,6.2995,ts-seat,1.73,ts-admin-order,0.21
170, -- ,ts-basic,13238.7829,ts-preserve,1176.642,ts-consign,228.77,ts-config,197.6667,ts-notification,152.195,ts-security,106.3522,ts-travel,69.4314,ts-cancel,63.21,ts-execute,54.1964,ts-inside-payment,32.9754,ts-user,7.1386,ts-news,5.54,ts-ticketinfo,4.4139,ts-route,2.7672,ts-seat,0.515,ts-price,0.1333,ts-train,0.0656
171, -- ,ts-basic,13189.9881,ts-preserve,645.615,ts-config,198.5044,ts-notification,152.0,ts-security,67.7691,ts-execute,54.1964,ts-ticketinfo,39.1288,ts-travel,33.2287,ts-admin-order,20.2992,ts-food,12.3417,ts-consign,11.106,ts-inside-payment,2.3667,ts-user,1.8036
172, -- ,ts-basic,13469.3593,ts-preserve,961.255,ts-notification,673.8225,ts-voucher,635.235,ts-travel,587.4562,ts-order,484.275,ts-ticket-office,406.59,ts-admin-basic-info,399.57,ts-admin-travel,381.66,ts-preserve-other,362.925,ts-config,334.6992,ts-security,322.2977,ts-price,293.43,ts-seat,261.8787,ts-route,249.735,ts-food-map,239.565,ts-cancel,235.71,ts-consign,234.12,ts-food,204.215,ts-payment,200.695,ts-ui,172.305,ts-user,138.18,ts-train,128.0467,ts-assurance,122.955,ts-delivery,120.765,ts-execute,54.1964,ts-station,46.18,ts-inside-payment,25.1885,ts-ticketinfo,5.2232,ts-auth,1.52
173, -- ,ts-basic,12808.9282,ts-admin-order,1986.6,ts-assurance,1356.66,ts-preserve,844.14,ts-consign,507.09,ts-security,495.7383,ts-avatar,437.805,ts-station,383.9058,ts-admin-route,375.48,ts-rebook,364.995,ts-admin-user,347.295,ts-config,346.1992,ts-inside-payment,334.83,ts-news,318.765,ts-travel,283.794,ts-contacts,272.94,ts-verification-code,261.345,ts-auth,234.3282,ts-train,222.4408,ts-route,213.96,ts-execute,177.8489,ts-notification,152.0,ts-ticketinfo,122.036,ts-user,112.47,ts-delivery,82.04
174, -- ,ts-basic,13047.9929,ts-inside-payment,318.136,ts-config,201.829,ts-notification,152.0,ts-preserve,145.05,ts-execute,54.1964,ts-travel,45.3966,ts-admin-order,22.9778,ts-consign,19.12,ts-route,2.466,ts-station,1.6867,ts-payment,0.415
175, -- ,ts-basic,13044.9929,ts-config,201.829,ts-notification,152.0,ts-preserve,145.05,ts-execute,93.1964,ts-security,0.7235,ts-travel,0.0943
176, -- ,ts-basic,14603.8131,ts-admin-order,2077.5246,ts-assurance,1612.6845,ts-security,1545.5119,ts-consign,1312.0499,ts-preserve,987.62,ts-travel,900.6374,ts-notification,673.8225,ts-rebook,641.9025,ts-avatar,638.365,ts-voucher,635.235,ts-admin-route,610.6387,ts-verification-code,590.645,ts-news,586.475,ts-route,577.8228,ts-contacts,563.3035,ts-config,505.4028,ts-station,494.5665,ts-order,484.32,ts-train,469.5654,ts-inside-payment,457.9723,ts-ticket-office,407.055,ts-admin-basic-info,399.57,ts-admin-user,389.4021,ts-admin-travel,381.66,ts-preserve-other,362.91,ts-auth,360.0833,ts-user,342.0407,ts-delivery,322.0123,ts-price,293.43,ts-seat,261.3,ts-payment,242.37,ts-food-map,239.64,ts-cancel,235.755,ts-execute,210.6277,ts-ticketinfo,206.7504,ts-food,204.545,ts-ui,172.38
177, -- ,ts-basic,14052.242,ts-preserve,1534.7183,ts-payment,560.185,ts-security,264.0035,ts-config,220.9067,ts-notification,153.5,ts-inside-payment,84.9848,ts-admin-order,72.8548,ts-execute,65.5439,ts-auth,51.9303,ts-travel,51.8768,ts-train,37.7233,ts-ticketinfo,26.2669,ts-station,15.3444,ts-contacts,13.19,ts-assurance,5.64,ts-news,5.54,ts-route,3.6267,ts-admin-route,1.9325,ts-verification-code,1.785,ts-ticket-office,1.13,ts-seat,0.985,ts-rebook,0.49
178, -- ,ts-basic,14119.6463,ts-preserve,1375.94,ts-config,203.3097,ts-notification,152.0,ts-security,57.8963,ts-execute,54.1964,ts-inside-payment,17.7568,ts-travel,9.581,ts-route,7.8093,ts-admin-order,6.446,ts-news,5.54,ts-payment,4.47,ts-cancel,4.2055,ts-verification-code,1.54,ts-auth,1.506,ts-train,1.0756,ts-user,0.2867,ts-station,0.2267
179, -- ,ts-basic,13234.4022,ts-preserve,1071.9,ts-config,197.6667,ts-notification,152.0,ts-security,138.6887,ts-payment,61.505,ts-execute,54.1964,ts-admin-order,37.3204,ts-cancel,26.7,ts-travel,26.1169,ts-delivery,5.99,ts-user,2.4833,ts-station,1.38,ts-train,1.0756,ts-seat,0.75,ts-route,0.364,ts-inside-payment,0.2662
180, -- ,ts-basic,13275.078,ts-preserve,670.18,ts-ticketinfo,253.38,ts-config,197.6667,ts-notification,152.0,ts-travel,83.2601,ts-execute,54.1964,ts-security,23.9847,ts-user,13.67,ts-inside-payment,10.4575,ts-route,9.3893,ts-news,5.54,ts-admin-order,1.9714,ts-admin-route,0.62,ts-rebook,0.01
