1, -- ,ts-order,183.87,ts-admin-order,144.1329,ts-config,46.0,ts-inside-payment,36.34,ts-route,32.3067,ts-travel,30.67,ts-contacts,7.2,ts-train,1.0,ts-notification,0.3733
2, -- ,ts-train,5995.8559,ts-station,5139.8894,ts-config,2834.4553,ts-security,2643.3975,ts-assurance,2390.8,ts-travel,2179.2554,ts-price,1589.1397,ts-ticketinfo,1571.808,ts-admin-order,1480.2515,ts-route,1442.4615,ts-order,1281.0164,ts-basic,1277.6894,ts-preserve,1277.225,ts-seat,1054.4298,ts-food,958.452,ts-consign,792.56,ts-food-map,551.16,ts-user,481.5,ts-ui,173.0667,ts-contacts,150.28,ts-auth,14.224,ts-inside-payment,8.325,ts-delivery,1.244,ts-rebook,0.01
3, -- ,ts-train,5470.9154,ts-station,3882.3359,ts-config,2646.3481,ts-security,1683.1975,ts-travel,1370.6424,ts-price,1326.777,ts-ticketinfo,1275.6659,ts-basic,1194.0135,ts-order,1052.5591,ts-seat,1039.1535,ts-preserve,1014.26,ts-admin-order,965.6992,ts-payment,910.5775,ts-route,858.4424,ts-execute,839.275,ts-food,572.597,ts-contacts,400.362,ts-food-map,364.4985,ts-assurance,338.44,ts-inside-payment,207.7183,ts-user,190.8964,ts-ui,170.8682,ts-delivery,138.639,ts-consign,100.86,ts-auth,6.7953
4, -- ,ts-security,3452.2973,ts-config,1709.7398,ts-travel,1568.3671,ts-train,1054.8326,ts-price,1039.1207,ts-order,964.7037,ts-station,767.5246,ts-route,666.7663,ts-admin-order,519.0985,ts-payment,509.545,ts-basic,505.3272,ts-seat,436.5091,ts-preserve,402.085,ts-execute,375.8895,ts-ticketinfo,340.6322,ts-inside-payment,241.8942,ts-contacts,109.45,ts-food,98.3975,ts-delivery,89.65,ts-user,76.0145,ts-food-map,26.12,ts-auth,24.6455,ts-assurance,15.7533
5, -- ,ts-security,2169.895,ts-travel,1243.7718,ts-config,1235.0525,ts-train,1061.2789,ts-price,1009.2403,ts-order,721.2829,ts-station,711.7149,ts-basic,442.3217,ts-route,439.984,ts-ticketinfo,408.4992,ts-preserve,376.6858,ts-food,350.6983,ts-seat,305.9308,ts-execute,282.3675,ts-user,242.332,ts-admin-order,208.834,ts-notification,97.9533,ts-inside-payment,57.3217,ts-auth,45.3833,ts-payment,27.46,ts-food-map,13.139,ts-assurance,7.08,ts-delivery,3.555
6, -- ,ts-security,4351.34,ts-travel,1144.0944,ts-train,1032.3999,ts-order,1003.6837,ts-station,769.5438,ts-execute,659.315,ts-route,655.9875,ts-price,644.6097,ts-food-map,592.02,ts-config,414.2855,ts-preserve,339.785,ts-food,266.3233,ts-seat,264.6146,ts-basic,204.8325,ts-contacts,145.12,ts-ticketinfo,91.54,ts-user,38.34,ts-payment,31.37,ts-admin-order,16.6767,ts-inside-payment,11.0987,ts-auth,5.7133,ts-assurance,3.48,ts-consign,2.4667
7, -- ,ts-payment,1073.795,ts-inside-payment,798.0237,ts-security,643.5724,ts-order,640.2154,ts-station,537.6637,ts-train,510.8996,ts-food-map,488.77,ts-route,450.3293,ts-travel,439.3776,ts-price,381.476,ts-config,345.3697,ts-food,279.11,ts-basic,148.6816,ts-consign,145.22,ts-preserve,131.335,ts-admin-order,116.0079,ts-seat,91.5785,ts-assurance,76.59,ts-execute,59.92,ts-auth,39.2586,ts-ticketinfo,21.2116,ts-user,6.99,ts-admin-user,6.69,ts-admin-basic-info,4.5675,ts-contacts,2.633
8, -- ,ts-admin-order,1430.3231,ts-inside-payment,567.5192,ts-payment,470.69,ts-contacts,343.243,ts-route,341.9489,ts-station,332.7767,ts-travel,184.944,ts-food,181.74,ts-security,167.435,ts-config,148.7438,ts-order,144.6371,ts-price,136.2693,ts-train,127.6534,ts-preserve,55.56,ts-execute,54.265,ts-seat,40.0192,ts-food-map,25.66,ts-consign,18.38,ts-auth,13.8029,ts-basic,12.936,ts-user,10.95,ts-assurance,8.58,ts-ui,6.09,ts-ticketinfo,5.482,ts-admin-basic-info,3.6062
9, -- ,ts-inside-payment,1317.0717,ts-order,492.8582,ts-payment,490.06,ts-travel,288.4467,ts-station,226.8746,ts-contacts,220.41,ts-train,198.7841,ts-route,112.4438,ts-price,96.1737,ts-config,88.3841,ts-ticketinfo,85.384,ts-user,69.3,ts-admin-order,49.7369,ts-food,38.23,ts-security,35.3148,ts-execute,15.2275,ts-auth,12.8443,ts-basic,9.6777,ts-ui,6.09,ts-seat,5.511,ts-preserve,3.42,ts-notification,1.5,ts-food-map,1.15,ts-delivery,0.815,ts-assurance,0.3
10, -- ,ts-inside-payment,648.2133,ts-security,178.69,ts-train,164.6479,ts-travel,147.6596,ts-config,125.8252,ts-user,103.5,ts-route,93.238,ts-ticketinfo,78.974,ts-admin-order,63.5505,ts-price,62.3857,ts-order,61.301,ts-preserve,61.09,ts-station,36.153,ts-contacts,28.66,ts-execute,28.445,ts-food,19.34,ts-auth,7.48,ts-seat,7.2642,ts-notification,4.2983,ts-payment,3.49,ts-assurance,0.8333
11, -- ,ts-auth,411.4533,ts-order,311.3786,ts-payment,226.485,ts-security,198.5248,ts-user,97.53,ts-config,78.0951,ts-route,56.4123,ts-station,55.8257,ts-food,52.7633,ts-price,49.314,ts-travel,45.3213,ts-ticketinfo,30.72,ts-inside-payment,24.905,ts-contacts,19.92,ts-train,17.2257,ts-notification,15.0083,ts-admin-order,14.5143,ts-assurance,14.4967,ts-basic,14.166,ts-execute,11.625,ts-food-map,0.699,ts-seat,0.5933
12, -- ,ts-auth,402.4033,ts-cancel,364.7,ts-order,239.2834,ts-food,165.0433,ts-config,107.3476,ts-payment,102.28,ts-security,97.2075,ts-route,93.9526,ts-train,91.117,ts-assurance,54.09,ts-notification,25.08,ts-user,22.37,ts-ticketinfo,17.07,ts-seat,16.9409,ts-preserve,13.145,ts-execute,11.53,ts-station,11.3487,ts-basic,9.39,ts-travel,8.9167,ts-inside-payment,6.135,ts-admin-order,2.358,ts-contacts,2.1,ts-delivery,1.99,ts-price,1.101,ts-food-map,0.32
13, -- ,ts-config,75.6481,ts-travel,70.7181,ts-route,63.0517,ts-order,61.1558,ts-cancel,43.17,ts-train,38.9829,ts-ticketinfo,32.962,ts-station,32.62,ts-user,25.0,ts-assurance,20.76,ts-ui,15.18,ts-security,11.9099,ts-food-map,9.55,ts-payment,9.395,ts-basic,8.699,ts-admin-order,8.4289,ts-price,8.08,ts-execute,5.4175,ts-food,4.16,ts-delivery,2.09,ts-preserve,1.775,ts-auth,1.52,ts-inside-payment,1.07,ts-seat,0.4386,ts-notification,0.3733,ts-contacts,0.01
14, -- ,ts-seat,144.8733,ts-security,143.865,ts-travel,108.6197,ts-config,96.7738,ts-admin-order,85.0351,ts-train,78.4208,ts-ticketinfo,74.7038,ts-order,61.3936,ts-route,58.1691,ts-station,50.8218,ts-food,20.695,ts-preserve,19.7875,ts-ui,15.18,ts-payment,12.7,ts-food-map,10.72,ts-assurance,10.0833,ts-price,5.3617,ts-auth,0.5375
15, -- ,ts-ticketinfo,124.2671,ts-security,114.6875,ts-config,55.7032,ts-travel,51.2888,ts-seat,47.3689,ts-admin-order,42.4075,ts-food-map,40.171,ts-food,36.34,ts-preserve,31.5125,ts-basic,29.6475,ts-order,27.0075,ts-train,25.5451,ts-route,21.2941,ts-payment,11.015,ts-auth,10.985,ts-price,8.985,ts-station,6.8839,ts-execute,2.5375
16, -- ,ts-consign,113.97,ts-train,71.2617,ts-preserve,51.575,ts-config,46.445,ts-ticketinfo,46.3772,ts-seat,40.349,ts-order,24.34,ts-travel,19.8375,ts-auth,15.6125,ts-execute,14.44,ts-price,11.34,ts-food,10.02,ts-payment,9.585,ts-security,7.3925,ts-contacts,6.55,ts-admin-order,4.81,ts-food-map,1.59,ts-user,1.3367,ts-inside-payment,0.2725,ts-station,0.2617
17, -- ,ts-food,130.46,ts-assurance,65.89,ts-train,51.135,ts-config,47.925,ts-security,36.95,ts-price,35.0286,ts-travel,32.2567,ts-inside-payment,26.8458,ts-ticketinfo,22.8168,ts-auth,15.2067,ts-station,14.726,ts-food-map,14.705,ts-notification,8.9683,ts-execute,7.3,ts-preserve,7.289,ts-seat,7.2739,ts-payment,6.04,ts-admin-order,6.0325,ts-route,3.58,ts-order,2.595,ts-basic,2.546,ts-contacts,1.57,ts-delivery,1.47,ts-user,0.78
18, -- ,ts-route,256.4716,ts-execute,110.315,ts-travel,98.7965,ts-config,55.705,ts-price,32.7167,ts-food,31.17,ts-security,26.1898,ts-inside-payment,21.0575,ts-seat,15.5031,ts-station,11.6503,ts-train,10.3222,ts-user,9.92,ts-food-map,8.5755,ts-order,8.09,ts-payment,7.11,ts-basic,6.8692,ts-assurance,4.1467,ts-preserve,0.93
19, -- ,ts-route,187.119,ts-basic,92.793,ts-config,49.035,ts-security,46.7322,ts-seat,33.2519,ts-travel,28.8119,ts-user,24.63,ts-price,23.203,ts-inside-payment,15.5298,ts-food,12.6475,ts-train,12.1233,ts-payment,10.85,ts-food-map,6.72,ts-preserve,3.49,ts-execute,2.53,ts-order,2.02
20, -- ,ts-execute,293.7575,ts-price,154.8329,ts-config,58.3428,ts-assurance,55.9933,ts-food-map,54.07,ts-route,46.945,ts-payment,40.175,ts-seat,30.1503,ts-inside-payment,28.395,ts-security,26.5674,ts-food,20.04,ts-admin-order,17.9191,ts-order,17.07,ts-preserve,8.24,ts-ticketinfo,7.5,ts-travel,6.17,ts-station,5.6,ts-train,1.771,ts-user,0.51,ts-rebook,0.01
21, -- ,ts-travel,476.428,ts-execute,268.305,ts-seat,111.2226,ts-assurance,100.32,ts-price,83.8187,ts-contacts,59.6133,ts-food-map,57.609,ts-config,46.445,ts-security,27.0091,ts-food,25.17,ts-inside-payment,13.7608,ts-train,9.7296,ts-payment,9.0,ts-ticketinfo,5.006,ts-admin-order,3.556,ts-preserve,3.528,ts-station,2.6783,ts-notification,1.24,ts-basic,1.092,ts-delivery,0.19
22, -- ,ts-preserve,182.995,ts-travel,143.3667,ts-cancel,87.3575,ts-security,67.1849,ts-seat,60.3581,ts-config,49.405,ts-food,46.7333,ts-food-map,40.252,ts-admin-user,23.19,ts-order,16.98,ts-execute,15.1,ts-contacts,14.71,ts-price,14.2383,ts-notification,6.3,ts-consign,4.23,ts-train,3.7837,ts-auth,3.5358,ts-assurance,3.5033,ts-route,3.114,ts-inside-payment,1.45,ts-basic,1.092,ts-delivery,0.926,ts-ticketinfo,0.562,ts-admin-basic-info,0.24
23, -- ,ts-preserve,173.455,ts-travel,76.25,ts-config,59.5441,ts-seat,54.2106,ts-price,34.5737,ts-route,32.7893,ts-order,26.26,ts-consign,23.07,ts-food-map,19.43,ts-auth,17.9333,ts-food,9.4325,ts-basic,5.674,ts-execute,5.42,ts-delivery,5.086,ts-inside-payment,4.67,ts-train,4.086,ts-security,2.84,ts-station,2.0965,ts-cancel,1.32,ts-ticketinfo,0.086
24, -- ,ts-food,164.01,ts-preserve,130.75,ts-consign,110.79,ts-assurance,107.7667,ts-seat,91.532,ts-delivery,53.0975,ts-config,47.3425,ts-basic,33.1239,ts-order,26.0408,ts-payment,25.2,ts-security,24.9174,ts-user,22.62,ts-food-map,11.456,ts-price,8.4417,ts-train,7.8333,ts-execute,5.465,ts-travel,3.905,ts-route,3.0557,ts-auth,2.6233
25, -- ,ts-auth,175.69,ts-order,125.33,ts-preserve,109.0,ts-food,66.33,ts-train,59.3252,ts-config,49.8515,ts-route,48.1965,ts-price,34.8917,ts-inside-payment,31.4017,ts-security,31.3648,ts-assurance,16.89,ts-seat,12.479,ts-travel,10.5033,ts-payment,8.145,ts-food-map,7.9025,ts-admin-order,7.2905,ts-ticketinfo,6.912,ts-delivery,6.49,ts-user,6.18,ts-basic,4.8319,ts-execute,4.145,ts-admin-user,1.375,ts-contacts,1.35,ts-consign,0.88,ts-station,0.6583
26, -- ,ts-order,279.2188,ts-auth,181.65,ts-seat,111.9842,ts-route,97.6311,ts-travel,66.4142,ts-food,62.8292,ts-config,49.2105,ts-food-map,47.5455,ts-preserve,38.9917,ts-inside-payment,36.8675,ts-price,36.5217,ts-train,11.3958,ts-basic,3.774,ts-security,3.3,ts-assurance,2.65,ts-delivery,2.4533,ts-user,1.9633,ts-admin-order,1.432,ts-station,0.61,ts-payment,0.3,ts-contacts,0.23
27, -- ,ts-order,99.6739,ts-travel,93.1566,ts-contacts,76.55,ts-config,46.0,ts-security,33.515,ts-seat,28.3919,ts-train,21.5001,ts-payment,12.185,ts-food-map,10.07,ts-auth,9.6867,ts-route,5.3973,ts-user,4.29,ts-admin-order,3.83,ts-station,2.8033,ts-consign,2.6,ts-food,1.59,ts-preserve,0.83
28, -- ,ts-preserve,476.494,ts-seat,200.7299,ts-payment,74.255,ts-contacts,51.32,ts-config,47.925,ts-train,30.8906,ts-route,29.02,ts-food-map,15.1895,ts-security,14.33,ts-basic,13.8773,ts-auth,8.14,ts-travel,5.863,ts-food,4.93,ts-order,3.5487,ts-notification,2.76,ts-consign,2.5333,ts-delivery,1.89,ts-admin-order,1.868,ts-station,1.146,ts-cancel,0.45,ts-inside-payment,0.015
29, -- ,ts-travel,85.6109,ts-price,61.7033,ts-security,52.1125,ts-config,49.78,ts-auth,43.7917,ts-payment,39.95,ts-basic,34.2647,ts-seat,31.6533,ts-route,28.256,ts-notification,27.085,ts-cancel,16.8617,ts-train,9.3903,ts-order,8.15,ts-execute,7.9325,ts-food,6.07,ts-station,4.6427,ts-inside-payment,1.3083
30, -- ,ts-user,255.63,ts-preserve,233.4968,ts-inside-payment,66.965,ts-price,64.42,ts-config,55.335,ts-execute,40.1525,ts-security,33.7357,ts-seat,29.6393,ts-travel,28.4339,ts-train,17.9004,ts-route,13.1942,ts-basic,9.9127,ts-admin-order,4.8171,ts-order,4.3008,ts-food,3.48,ts-food-map,3.016,ts-auth,1.584,ts-station,1.1633,ts-payment,1.14
31, -- ,ts-user,177.28,ts-security,61.6995,ts-config,46.0,ts-travel,32.4308,ts-station,28.8037,ts-auth,19.3837,ts-seat,13.3379,ts-train,11.0876,ts-basic,8.5074,ts-order,4.1256,ts-inside-payment,2.26,ts-execute,1.085,ts-preserve,0.9
32, -- ,ts-security,418.2381,ts-admin-user,293.47,ts-payment,129.34,ts-config,90.8509,ts-contacts,74.06,ts-food-map,67.7585,ts-train,58.2716,ts-seat,20.2176,ts-order,15.4912,ts-travel,12.4213,ts-route,11.289,ts-station,7.7784,ts-admin-travel,2.865,ts-basic,1.6049,ts-inside-payment,1.3275,ts-preserve,1.045,ts-food,0.98,ts-auth,0.5691
33, -- ,ts-order,128.2071,ts-train,126.76,ts-config,70.2806,ts-security,64.58,ts-payment,55.35,ts-seat,55.3344,ts-assurance,53.9433,ts-food,23.1642,ts-travel,22.0615,ts-basic,19.3511,ts-user,6.92,ts-station,4.884,ts-route,4.1756,ts-contacts,3.9217,ts-auth,3.6133,ts-admin-travel,2.865,ts-inside-payment,2.6775,ts-execute,0.43,ts-notification,0.3733
34, -- ,ts-preserve,614.9955,ts-food-map,306.2005,ts-food,168.17,ts-order,119.3,ts-route,95.0473,ts-security,84.3075,ts-seat,82.2048,ts-assurance,78.9233,ts-config,46.0,ts-travel,42.6994,ts-train,40.3228,ts-basic,28.9802,ts-price,26.92,ts-payment,26.665,ts-inside-payment,19.4596,ts-notification,6.3883,ts-station,3.5133,ts-auth,0.4475
35, -- ,ts-preserve,491.01,ts-travel,234.7318,ts-food-map,196.693,ts-route,110.2933,ts-seat,80.7949,ts-price,79.2067,ts-config,76.4882,ts-food,29.66,ts-admin-order,28.6764,ts-train,22.731,ts-inside-payment,20.0879,ts-payment,19.8566,ts-order,4.8542,ts-station,3.5133,ts-assurance,3.5033,ts-security,2.425,ts-notification,2.0,ts-ticketinfo,1.674,ts-contacts,1.35,ts-execute,0.71
36, -- ,ts-security,208.04,ts-preserve,72.61,ts-food-map,53.136,ts-config,48.0691,ts-seat,44.543,ts-food,40.8575,ts-travel,19.2455,ts-order,13.0633,ts-payment,5.855,ts-price,4.9657,ts-notification,3.3733,ts-route,2.88,ts-train,1.89,ts-inside-payment,1.135,ts-basic,0.2057,ts-delivery,0.13
37, -- ,ts-ticketinfo,107.704,ts-order,88.3036,ts-preserve,74.62,ts-travel,67.521,ts-config,65.4921,ts-security,50.9175,ts-food,48.7842,ts-route,48.5675,ts-inside-payment,37.9333,ts-payment,33.23,ts-train,19.7455,ts-seat,14.5881,ts-notification,8.2983,ts-food-map,7.98,ts-price,6.8613,ts-basic,3.3634,ts-contacts,2.8633,ts-execute,1.85,ts-station,1.6833,ts-auth,1.2967,ts-admin-order,1.035
38, -- ,ts-ticketinfo,103.42,ts-travel,65.2023,ts-config,47.0991,ts-user,45.9833,ts-seat,44.0027,ts-price,30.905,ts-food,29.35,ts-order,27.355,ts-payment,22.155,ts-inside-payment,19.965,ts-basic,8.7094,ts-route,6.766,ts-train,3.7886,ts-execute,1.4875,ts-assurance,1.3667,ts-auth,1.2967,ts-security,1.27,ts-delivery,0.815,ts-contacts,0.2533,ts-admin-order,0.014
39, -- ,ts-assurance,140.6333,ts-config,46.0,ts-price,29.4567,ts-food,23.4333,ts-food-map,22.7215,ts-travel,20.467,ts-inside-payment,14.31,ts-seat,11.34,ts-auth,11.256,ts-order,8.64,ts-preserve,6.105,ts-security,4.0425,ts-ticketinfo,3.896,ts-admin-basic-info,3.6062,ts-train,2.6073,ts-route,0.7033,ts-basic,0.646,ts-station,0.1056,ts-execute,0.1025
40, -- ,ts-security,107.4982,ts-auth,82.3458,ts-config,60.52,ts-assurance,57.2433,ts-seat,47.8446,ts-route,42.4485,ts-travel,17.4221,ts-order,12.07,ts-inside-payment,10.6942,ts-execute,3.5067,ts-preserve,2.865,ts-admin-basic-info,2.6437,ts-station,2.1033,ts-ticketinfo,0.88,ts-payment,0.65,ts-contacts,0.5567,ts-notification,0.3733,ts-admin-order,0.232
41, -- ,ts-price,160.243,ts-auth,100.2161,ts-config,63.11,ts-travel,44.1398,ts-order,22.8793,ts-seat,22.1066,ts-basic,17.9737,ts-route,15.24,ts-food-map,8.063,ts-security,4.6625,ts-station,4.45,ts-admin-order,3.774,ts-payment,2.2025,ts-user,1.1182,ts-execute,0.43,ts-train,0.2233
42, -- ,ts-price,324.8397,ts-food-map,65.65,ts-config,52.9566,ts-seat,30.8373,ts-order,20.02,ts-auth,16.125,ts-execute,13.4233,ts-security,11.205,ts-preserve,4.92,ts-basic,2.4799,ts-inside-payment,2.1417,ts-admin-order,2.052,ts-travel,1.7682,ts-route,1.48,ts-notification,0.3733,ts-user,0.3182
43, -- ,ts-food-map,79.155,ts-config,46.0,ts-price,37.4537,ts-seat,27.7943,ts-route,26.3667,ts-food,19.52,ts-order,18.9317,ts-security,17.4423,ts-auth,10.7775,ts-station,7.9118,ts-notification,5.0433,ts-travel,4.6532,ts-admin-order,4.0398,ts-basic,1.0157,ts-inside-payment,0.48,ts-ticketinfo,0.086
44, -- ,ts-route,106.8793,ts-config,53.48,ts-food,43.4,ts-price,37.4283,ts-seat,24.7511,ts-inside-payment,21.5275,ts-order,15.5983,ts-train,13.4549,ts-security,9.2474,ts-assurance,7.44,ts-auth,4.7376,ts-admin-order,4.156,ts-food-map,3.161,ts-ticketinfo,1.356,ts-notification,1.24,ts-basic,0.87,ts-travel,0.4087,ts-rebook,0.01
45, -- ,ts-travel,114.2484,ts-food,64.1692,ts-station,60.1349,ts-security,56.29,ts-config,50.52,ts-seat,35.5341,ts-route,25.2267,ts-inside-payment,21.5725,ts-order,16.5758,ts-auth,10.5683,ts-train,9.6667,ts-food-map,5.684,ts-rebook,1.9325,ts-basic,1.46,ts-execute,1.44,ts-admin-order,0.288
46, -- ,ts-user,180.62,ts-security,110.375,ts-seat,87.0315,ts-config,53.076,ts-order,34.3053,ts-travel,31.2423,ts-food,25.165,ts-station,23.886,ts-auth,13.7533,ts-route,7.8907,ts-delivery,4.83,ts-rebook,4.8175,ts-basic,1.4329,ts-admin-order,1.268,ts-preserve,1.26,ts-food-map,0.7,ts-train,0.6333
47, -- ,ts-user,424.36,ts-food-map,57.797,ts-config,52.99,ts-basic,47.7244,ts-price,46.6667,ts-train,38.6231,ts-seat,38.1094,ts-preserve,24.3125,ts-travel,22.6822,ts-security,19.71,ts-payment,17.1,ts-food,10.85,ts-notification,8.9683,ts-cancel,4.38,ts-delivery,3.945,ts-execute,0.975,ts-route,0.584
48, -- ,ts-security,90.2221,ts-user,63.49,ts-config,55.6544,ts-price,51.2917,ts-travel,44.4802,ts-assurance,30.5767,ts-food,10.61,ts-seat,10.487,ts-train,6.5309,ts-basic,3.55,ts-notification,3.2983,ts-order,1.625,ts-payment,1.62,ts-inside-payment,1.3275,ts-execute,0.8875,ts-cancel,0.6,ts-station,0.15,ts-route,0.0267
49, -- ,ts-consign,359.52,ts-auth,92.3629,ts-security,74.937,ts-station,57.9781,ts-price,57.6473,ts-config,47.59,ts-seat,33.1139,ts-route,24.285,ts-assurance,22.53,ts-train,20.3841,ts-food-map,7.2,ts-travel,7.1835,ts-order,5.2883,ts-preserve,2.1825,ts-ticketinfo,1.832,ts-execute,1.05,ts-basic,1.0099,ts-delivery,0.915,ts-contacts,0.45,ts-inside-payment,0.41
50, -- ,ts-travel,159.9968,ts-food-map,98.7455,ts-consign,85.7,ts-contacts,73.73,ts-auth,73.7175,ts-seat,70.7533,ts-user,58.668,ts-config,46.0,ts-security,17.6714,ts-route,16.448,ts-order,15.36,ts-inside-payment,13.6883,ts-station,9.3056,ts-payment,9.015,ts-train,6.7895,ts-delivery,1.89,ts-execute,0.975,ts-basic,0.7046,ts-preserve,0.5233,ts-assurance,0.4067
51, -- ,ts-contacts,77.29,ts-seat,75.3715,ts-admin-user,53.1,ts-travel,47.9202,ts-config,46.0,ts-train,42.905,ts-price,37.2467,ts-inside-payment,17.56,ts-order,17.3275,ts-food-map,14.06,ts-auth,12.7601,ts-security,7.4274,ts-assurance,5.3767,ts-station,4.6997,ts-food,3.32,ts-execute,2.8325,ts-ticketinfo,2.626,ts-basic,2.126,ts-route,0.584,ts-delivery,0.43
52, -- ,ts-route,70.494,ts-config,46.0,ts-preserve,40.58,ts-seat,37.8499,ts-price,36.16,ts-admin-order,32.9465,ts-order,31.1807,ts-station,30.67,ts-user,30.1,ts-inside-payment,19.4195,ts-travel,11.8461,ts-payment,11.475,ts-train,8.7403,ts-basic,7.5024,ts-food-map,5.6695,ts-auth,3.748,ts-assurance,2.5433,ts-food,2.2,ts-security,1.6849,ts-ticketinfo,1.674,ts-contacts,1.545,ts-execute,0.1025,ts-cancel,0.1
53, -- ,ts-security,197.5386,ts-travel,110.94,ts-seat,93.8573,ts-station,70.5589,ts-order,68.7407,ts-config,46.0,ts-route,26.2547,ts-train,22.5152,ts-preserve,21.68,ts-basic,18.6248,ts-admin-order,11.5661,ts-auth,7.5375,ts-ticketinfo,4.688,ts-execute,3.595,ts-notification,3.2983,ts-payment,1.34,ts-food-map,0.7105,ts-food,0.37
54, -- ,ts-travel,57.21,ts-config,46.0,ts-station,33.6547,ts-execute,29.4291,ts-route,28.9745,ts-order,25.5371,ts-basic,22.5231,ts-preserve,12.69,ts-seat,11.953,ts-inside-payment,8.3325,ts-food-map,8.033,ts-train,4.2527,ts-admin-travel,3.125,ts-ticketinfo,2.308,ts-food,1.5,ts-news,1.167
55, -- ,ts-seat,120.5251,ts-config,46.075,ts-travel,36.5803,ts-security,29.0425,ts-station,19.263,ts-user,15.6,ts-inside-payment,7.9475,ts-order,2.3683,ts-ticketinfo,2.15,ts-notification,1.5533,ts-news,1.167,ts-payment,0.8241,ts-price,0.6517,ts-route,0.5967
56, -- ,ts-seat,185.8486,ts-config,91.6704,ts-security,52.3733,ts-price,37.9145,ts-route,25.7668,ts-food-map,22.91,ts-travel,19.2177,ts-execute,17.9817,ts-basic,8.8088,ts-train,8.4654,ts-order,4.4442,ts-assurance,1.77,ts-ticketinfo,1.674,ts-inside-payment,0.18
57, -- ,ts-inside-payment,264.0,ts-notification,113.3815,ts-admin-order,109.5,ts-basic,103.0423,ts-config,55.3209,ts-execute,53.7529,ts-seat,40.5626,ts-price,39.8567,ts-route,39.2178,ts-food-map,37.642,ts-admin-user,19.43,ts-travel,13.0814,ts-security,10.265,ts-preserve,9.36,ts-user,2.35,ts-payment,0.595
58, -- ,ts-consign,398.09,ts-seat,129.275,ts-travel,82.3126,ts-route,73.6876,ts-config,46.0,ts-security,22.6,ts-auth,13.5483,ts-station,6.4947,ts-execute,5.2675,ts-user,2.35,ts-delivery,1.1733,ts-price,0.6517,ts-food,0.465,ts-ticketinfo,0.404,ts-assurance,0.0167
59, -- ,ts-consign,79.7,ts-auth,63.9303,ts-config,47.82,ts-route,43.4383,ts-seat,38.9887,ts-assurance,11.64,ts-food-map,9.13,ts-security,7.9925,ts-travel,6.067,ts-station,3.0433,ts-ticketinfo,2.626,ts-execute,1.9575,ts-order,1.876,ts-basic,1.8257,ts-preserve,1.245,ts-train,0.5833,ts-price,0.29
60, -- ,ts-security,106.8216,ts-seat,86.9062,ts-config,70.5388,ts-auth,64.8733,ts-route,41.9797,ts-price,39.9633,ts-food-map,30.552,ts-travel,25.8482,ts-food,4.44,ts-execute,3.9225,ts-ticketinfo,1.832,ts-order,0.728,ts-assurance,0.7267,ts-station,0.675,ts-preserve,0.56,ts-train,0.3233
61, -- ,ts-config,55.3695,ts-price,40.6883,ts-seat,37.604,ts-food-map,30.421,ts-travel,12.3184,ts-food,10.3842,ts-inside-payment,9.36,ts-security,8.28,ts-route,6.485,ts-order,3.7643,ts-contacts,3.405,ts-basic,3.1637,ts-execute,1.3025,ts-notification,0.3733
62, -- ,ts-admin-order,73.7893,ts-config,46.0,ts-preserve,31.46,ts-delivery,30.95,ts-food-map,22.997,ts-basic,16.6873,ts-cancel,15.63,ts-seat,13.2277,ts-inside-payment,10.9675,ts-security,7.79,ts-payment,6.27,ts-price,4.6383,ts-route,4.57,ts-train,4.5504,ts-order,4.39,ts-notification,3.2983,ts-travel,1.1733,ts-station,0.3817,ts-food,0.26
63, -- ,ts-config,46.0,ts-contacts,43.705,ts-preserve,34.54,ts-food-map,27.8545,ts-train,24.4619,ts-security,21.5923,ts-delivery,19.13,ts-auth,16.1887,ts-admin-order,13.0286,ts-ticketinfo,5.324,ts-basic,3.671,ts-route,3.6347,ts-inside-payment,3.255,ts-price,2.8267,ts-travel,2.5315,ts-food,1.5,ts-seat,1.2079,ts-payment,1.105,ts-execute,1.085,ts-order,0.4175,ts-station,0.0755
64, -- ,ts-seat,71.4951,ts-config,46.0,ts-route,39.7825,ts-travel,35.3794,ts-food-map,30.131,ts-preserve,18.1517,ts-security,9.7692,ts-ticketinfo,6.594,ts-order,6.0603,ts-basic,5.8102,ts-train,4.1598,ts-payment,2.75,ts-contacts,2.52,ts-notification,1.5533,ts-inside-payment,1.52,ts-auth,1.0767,ts-execute,0.1025
65, -- ,ts-contacts,140.705,ts-user,109.725,ts-seat,108.8814,ts-consign,88.44,ts-basic,73.1742,ts-food-map,62.466,ts-config,47.9232,ts-price,42.1383,ts-security,36.055,ts-order,29.7863,ts-station,22.1107,ts-cancel,18.63,ts-travel,16.3,ts-route,2.1567,ts-preserve,0.5033,ts-notification,0.3733
66, -- ,ts-seat,89.8128,ts-contacts,81.32,ts-consign,71.64,ts-config,46.0,ts-price,40.145,ts-security,18.52,ts-station,7.9003,ts-inside-payment,6.9175,ts-route,3.216,ts-basic,2.992,ts-auth,2.8725,ts-ticket-office,2.8325,ts-travel,2.594,ts-delivery,2.2333,ts-cancel,0.8,ts-preserve,0.3633
67, -- ,ts-cancel,139.93,ts-order,49.9964,ts-config,46.33,ts-travel,30.4489,ts-seat,23.4538,ts-food-map,8.196,ts-preserve,8.1567,ts-delivery,7.86,ts-basic,4.444,ts-food,4.27,ts-security,3.95,ts-inside-payment,3.705,ts-contacts,0.9
68, -- ,ts-assurance,110.6067,ts-seat,87.0573,ts-auth,78.6295,ts-config,46.29,ts-order,39.335,ts-security,26.2824,ts-route,17.4217,ts-food-map,14.965,ts-notification,11.4433,ts-station,11.2592,ts-preserve,10.202,ts-basic,9.3781,ts-cancel,8.64,ts-travel,7.8347,ts-delivery,7.47,ts-food,3.43,ts-inside-payment,1.2625
69, -- ,ts-assurance,439.3367,ts-route,86.397,ts-seat,76.822,ts-auth,61.5633,ts-config,46.0,ts-price,38.8767,ts-food-map,22.8375,ts-cancel,22.47,ts-user,18.2933,ts-security,17.2375,ts-travel,15.0506,ts-basic,2.4625,ts-payment,1.21,ts-order,1.025,ts-notification,0.3733
70, -- ,ts-assurance,288.2267,ts-inside-payment,125.2058,ts-auth,50.9667,ts-config,46.0,ts-price,41.595,ts-security,30.06,ts-route,12.7733,ts-food,9.62,ts-seat,8.514,ts-admin-order,7.1025,ts-preserve,3.49,ts-travel,1.8797,ts-user,1.65,ts-payment,1.5575,ts-execute,1.54,ts-cancel,1.44,ts-basic,0.87,ts-train,0.22
71, -- ,ts-seat,119.8335,ts-food,79.68,ts-inside-payment,52.5083,ts-config,47.8625,ts-security,44.5456,ts-route,28.756,ts-basic,22.5442,ts-preserve,20.3033,ts-delivery,19.8415,ts-travel,4.5429,ts-price,4.275,ts-train,3.4838,ts-assurance,1.7933,ts-order,1.5877,ts-admin-order,1.2557
72, -- ,ts-food,84.56,ts-config,48.6775,ts-security,26.4375,ts-preserve,22.12,ts-user,21.39,ts-auth,14.3245,ts-seat,9.58,ts-inside-payment,7.8,ts-order,5.9957,ts-price,3.1883,ts-admin-order,2.9543,ts-rebook,2.4137,ts-admin-travel,2.0837,ts-route,1.379,ts-travel,1.074,ts-train,1.0
73, -- ,ts-price,264.4207,ts-notification,235.29,ts-config,51.9114,ts-route,15.499,ts-payment,11.5525,ts-security,7.82,ts-admin-travel,6.25,ts-food,5.95,ts-seat,5.5646,ts-travel,3.2806,ts-rebook,1.4525,ts-user,0.4518,ts-inside-payment,0.235,ts-basic,0.198,ts-admin-user,0.14
74, -- ,ts-price,136.9473,ts-config,52.37,ts-security,45.32,ts-contacts,42.1,ts-food-map,38.048,ts-travel,16.97,ts-auth,10.5683,ts-admin-order,9.778,ts-preserve,8.32,ts-seat,6.1753,ts-order,2.6223,ts-ticketinfo,2.15,ts-user,0.3855
75, -- ,ts-price,178.195,ts-food-map,162.371,ts-config,46.0,ts-assurance,43.8967,ts-contacts,42.1,ts-seat,37.6356,ts-user,22.96,ts-cancel,16.8617,ts-order,15.7242,ts-security,6.37,ts-travel,2.755,ts-inside-payment,2.6125,ts-basic,1.4049,ts-auth,0.4167
76, -- ,ts-price,121.639,ts-preserve-other,51.955,ts-food,51.3725,ts-config,46.0,ts-user,43.0367,ts-auth,42.5812,ts-admin-basic-info,29.3825,ts-security,27.3975,ts-admin-route,25.965,ts-train,4.8914,ts-basic,3.0099,ts-food-map,2.9725,ts-seat,2.704,ts-inside-payment,2.5475,ts-assurance,1.9033,ts-travel,1.2225,ts-delivery,0.915,ts-consign,0.7333
77, -- ,ts-seat,87.267,ts-verification-code,71.395,ts-config,46.09,ts-admin-travel,39.9725,ts-route,21.8656,ts-basic,17.3901,ts-notification,11.7733,ts-security,10.7575,ts-travel,9.3183,ts-preserve-other,9.115,ts-admin-basic-info,8.4137,ts-preserve,8.32,ts-food-map,5.684,ts-station,4.5,ts-admin-route,3.135,ts-execute,1.63,ts-consign,1.3333,ts-price,1.015,ts-delivery,0.815,ts-order,0.36,ts-train,0.0625
78, -- ,ts-food,184.65,ts-config,46.0,ts-food-map,44.492,ts-rebook,27.3225,ts-consign,25.68,ts-seat,24.4023,ts-notification,23.68,ts-security,19.07,ts-inside-payment,17.845,ts-route,10.87,ts-travel,10.6158,ts-user,10.1467,ts-preserve,8.88,ts-admin-travel,8.8537,ts-train,8.5506,ts-contacts,6.91,ts-order,5.4467,ts-basic,2.21,ts-ticketinfo,2.15,ts-verification-code,1.945,ts-station,0.2267,ts-auth,0.0975
79, -- ,ts-food-map,102.1595,ts-food,98.19,ts-seat,84.317,ts-config,46.0,ts-auth,34.63,ts-travel,26.8396,ts-price,25.484,ts-order,22.2558,ts-inside-payment,14.9525,ts-preserve,14.9175,ts-basic,11.7733,ts-ticketinfo,10.72,ts-notification,8.0,ts-contacts,7.36,ts-rebook,6.74,ts-execute,6.0768,ts-route,4.183,ts-security,2.0015,ts-train,1.9317,ts-assurance,0.1933
80, -- ,ts-admin-user,54.0,ts-config,46.0,ts-auth,42.9333,ts-seat,36.5129,ts-price,12.065,ts-preserve,10.1862,ts-travel,5.1007,ts-user,4.5155,ts-security,4.325,ts-train,3.1313,ts-order,2.3217,ts-basic,1.5974,ts-admin-order,1.05,ts-inside-payment,0.5483
81, -- ,ts-config,46.0,ts-seat,38.4316,ts-user,35.3154,ts-preserve,33.5633,ts-security,17.4266,ts-route,17.396,ts-auth,10.5683,ts-travel,10.3929,ts-station,5.027,ts-notification,3.8157,ts-basic,2.546,ts-ticketinfo,1.832,ts-admin-order,1.486,ts-order,1.045,ts-train,0.69,ts-execute,0.6475
82, -- ,ts-preserve,77.6665,ts-food,74.7433,ts-config,46.815,ts-seat,19.1703,ts-price,15.94,ts-route,13.91,ts-basic,5.786,ts-station,5.027,ts-notification,3.8157,ts-execute,3.3775,ts-travel,1.24,ts-auth,0.7295,ts-order,0.6,ts-inside-payment,0.4275,ts-user,0.24
83, -- ,ts-travel,65.5658,ts-food-map,63.68,ts-config,46.0,ts-auth,29.2054,ts-seat,21.951,ts-route,12.86,ts-basic,12.0923,ts-security,6.175,ts-order,1.2133,ts-train,0.94,ts-execute,0.6475
84, -- ,ts-auth,304.527,ts-price,52.82,ts-config,51.1913,ts-food,19.7508,ts-food-map,19.0695,ts-seat,17.5803,ts-route,15.8593,ts-inside-payment,11.225,ts-travel,8.2901,ts-preserve,7.082,ts-security,5.3065,ts-train,2.3494,ts-payment,2.0995,ts-consign,1.5333
85, -- ,ts-route,52.9171,ts-config,46.0,ts-contacts,14.14,ts-auth,13.5483,ts-inside-payment,12.895,ts-basic,10.6723,ts-seat,8.1077,ts-food,3.26,ts-travel,2.536,ts-consign,1.5333,ts-security,0.395
86, -- ,ts-inside-payment,291.9425,ts-contacts,69.48,ts-config,46.0,ts-seat,40.448,ts-user,20.49,ts-route,19.38,ts-travel,13.8192,ts-price,13.0117,ts-food,6.89,ts-security,2.72,ts-basic,1.348,ts-auth,0.393,ts-preserve,0.3633
87, -- ,ts-consign,339.7,ts-contacts,335.82,ts-inside-payment,170.585,ts-seat,52.8078,ts-config,46.0,ts-payment,31.015,ts-user,15.72,ts-security,5.0215,ts-travel,3.0225,ts-ticketinfo,2.784,ts-preserve,0.6133,ts-notification,0.3733
88, -- ,ts-contacts,159.18,ts-consign,73.33,ts-seat,69.5669,ts-config,47.65,ts-travel,10.8256,ts-notification,8.9683,ts-security,8.5908,ts-payment,6.65,ts-route,5.3605,ts-ticketinfo,2.626,ts-order,0.7217,ts-train,0.4911,ts-basic,0.4199,ts-user,0.0333
89, -- ,ts-contacts,55.05,ts-config,47.65,ts-admin-user,45.0,ts-auth,42.3066,ts-preserve,18.005,ts-route,13.8058,ts-seat,6.2219,ts-train,3.9942,ts-station,2.5083,ts-price,1.92,ts-travel,1.6475,ts-execute,1.5,ts-inside-payment,0.17,ts-security,0.155
90, -- ,ts-contacts,88.32,ts-config,46.0,ts-auth,42.58,ts-inside-payment,19.7075,ts-seat,13.07,ts-preserve,12.145,ts-route,11.95,ts-user,9.0,ts-admin-order,8.408,ts-travel,4.9708,ts-food,3.5142,ts-station,1.815,ts-security,1.255,ts-food-map,0.6815,ts-price,0.4717
91, -- ,ts-preserve,266.935,ts-config,46.0,ts-contacts,16.38,ts-inside-payment,15.53,ts-seat,7.8087,ts-food-map,6.0175,ts-security,5.6758,ts-admin-order,4.974,ts-basic,2.322,ts-auth,0.415
92, -- ,ts-preserve,270.07,ts-config,47.7575,ts-contacts,9.0233,ts-seat,8.3587,ts-travel,5.1367,ts-user,1.6245,ts-basic,0.87,ts-food-map,0.6235,ts-auth,0.415,ts-inside-payment,0.235,ts-execute,0.1025
93, -- ,ts-config,137.7206,ts-route,133.3583,ts-food-map,57.3765,ts-travel,46.9033,ts-price,46.581,ts-security,12.4116,ts-seat,5.0255,ts-ticketinfo,0.72,ts-notification,0.3733,ts-train,0.2233,ts-user,0.1845
94, -- ,ts-route,133.1842,ts-config,67.844,ts-seat,48.6939,ts-payment,41.97,ts-price,11.7033,ts-assurance,9.1667,ts-ticketinfo,6.912,ts-preserve,6.248,ts-security,0.5799,ts-contacts,0.5567,ts-travel,0.485,ts-food,0.4175,ts-order,0.1866,ts-consign,0.1143
95, -- ,ts-config,83.2486,ts-payment,42.38,ts-seat,18.0276,ts-assurance,7.7767,ts-travel,5.9582,ts-route,3.3017,ts-order,1.5,ts-security,1.05,ts-station,0.2577
96, -- ,ts-config,49.741,ts-seat,28.9889,ts-admin-order,13.258,ts-food-map,13.1225,ts-travel,11.009,ts-price,10.7647,ts-contacts,4.45,ts-execute,3.2675,ts-route,3.08,ts-security,2.6667,ts-auth,2.6435,ts-ticketinfo,2.626,ts-food,1.225,ts-train,0.6314,ts-notification,0.3733,ts-basic,0.088
97, -- ,ts-config,55.0826,ts-seat,41.144,ts-route,25.3366,ts-travel,16.8293,ts-admin-order,13.802,ts-security,9.165,ts-contacts,5.79,ts-food,4.55,ts-cancel,4.29,ts-execute,3.3775,ts-preserve,2.394,ts-ticketinfo,2.308,ts-order,0.76,ts-food-map,0.58
98, -- ,ts-seat,105.6753,ts-config,86.2309,ts-food-map,72.4565,ts-route,16.19,ts-travel,13.0017,ts-food,4.04,ts-basic,2.3386,ts-price,2.312,ts-contacts,2.01,ts-train,1.365,ts-inside-payment,1.3625,ts-execute,0.54,ts-ticketinfo,0.404
99, -- ,ts-config,70.6801,ts-auth,48.98,ts-contacts,39.21,ts-seat,36.8172,ts-travel,18.0074,ts-user,9.55,ts-preserve,4.005,ts-delivery,2.4533,ts-payment,2.235,ts-price,1.9398,ts-train,1.29,ts-station,1.2578,ts-admin-travel,1.0412,ts-consign,0.72,ts-security,0.5,ts-notification,0.3733,ts-inside-payment,0.3,ts-order,0.09,ts-ticketinfo,0.086
100, -- ,ts-food-map,53.278,ts-config,49.3073,ts-seat,48.3938,ts-auth,40.37,ts-contacts,29.63,ts-food,24.6867,ts-preserve,22.528,ts-user,9.61,ts-travel,4.0703,ts-payment,2.85,ts-route,1.9425,ts-delivery,1.225,ts-admin-travel,1.0412
101, -- ,ts-config,46.0,ts-seat,41.8086,ts-travel,33.4536,ts-inside-payment,25.4275,ts-preserve,24.708,ts-security,24.5782,ts-auth,6.39,ts-train,5.5233,ts-contacts,4.69,ts-delivery,1.305,ts-food-map,0.93,ts-basic,0.6843,ts-execute,0.2262
102, -- ,ts-config,46.0,ts-seat,40.929,ts-travel,30.6292,ts-inside-payment,29.7325,ts-admin-order,10.15,ts-preserve,5.408,ts-auth,4.133,ts-payment,3.0235,ts-security,2.9167,ts-execute,2.2317,ts-train,2.067,ts-route,1.82,ts-station,0.8911,ts-ticketinfo,0.88
103, -- ,ts-seat,142.0807,ts-contacts,119.87,ts-food-map,67.918,ts-config,46.0,ts-travel,16.25,ts-user,15.99,ts-admin-order,11.622,ts-notification,1.5533,ts-basic,1.428,ts-route,1.2053,ts-train,0.565,ts-security,0.395,ts-order,0.09
104, -- ,ts-config,46.0,ts-contacts,30.72,ts-travel,24.8668,ts-order,18.92,ts-seat,11.7563,ts-rebook,1.9325,ts-security,1.72,ts-execute,0.32,ts-basic,0.088
105, -- ,ts-food-map,86.8405,ts-config,46.0,ts-seat,33.5845,ts-order,17.92,ts-auth,13.0303,ts-price,7.7937,ts-ticketinfo,4.054,ts-travel,4.0381,ts-preserve,0.324,ts-station,0.2978,ts-basic,0.0275
106, -- ,ts-config,46.0,ts-food-map,41.6745,ts-travel,18.2418,ts-consign,11.37,ts-security,11.0698,ts-seat,11.0458,ts-price,7.7867,ts-route,6.815,ts-news,2.417,ts-rebook,1.9325,ts-execute,0.6475,ts-payment,0.43,ts-user,0.1173
107, -- ,ts-config,46.0,ts-user,39.1173,ts-seat,38.8298,ts-assurance,20.94,ts-payment,20.045,ts-food-map,14.21,ts-security,5.0825,ts-travel,4.2942,ts-basic,2.768,ts-news,2.417,ts-execute,2.395,ts-train,0.2233
108, -- ,ts-auth,273.0055,ts-preserve,66.325,ts-payment,51.3151,ts-config,47.2843,ts-seat,45.4323,ts-food-map,20.619,ts-security,18.32,ts-train,16.9121,ts-ticketinfo,5.482,ts-travel,4.8273,ts-food,0.98,ts-contacts,0.954,ts-route,0.35,ts-station,0.1256
109, -- ,ts-auth,306.1889,ts-food,274.1,ts-preserve,66.58,ts-config,46.0,ts-travel,34.9745,ts-order,25.2407,ts-security,18.5024,ts-ticketinfo,11.196,ts-notification,8.225,ts-contacts,2.24,ts-seat,1.244,ts-inside-payment,0.9,ts-train,0.0443
110, -- ,ts-auth,180.8215,ts-food,170.335,ts-inside-payment,141.9617,ts-config,91.4365,ts-travel,62.6025,ts-seat,28.746,ts-preserve,20.07,ts-food-map,10.701,ts-admin-order,8.57,ts-order,5.4,ts-payment,4.07,ts-ticketinfo,1.196,ts-basic,0.422
111, -- ,ts-config,70.1575,ts-food-map,57.3185,ts-auth,51.41,ts-preserve,20.2,ts-inside-payment,13.025,ts-travel,12.6553,ts-admin-order,12.112,ts-ticketinfo,5.166,ts-food,3.105,ts-seat,2.8988,ts-delivery,1.4667,ts-security,1.3775,ts-train,1.19,ts-contacts,0.5533
112, -- ,ts-config,49.2375,ts-security,15.8475,ts-seat,8.7855,ts-travel,3.4043,ts-auth,2.4658,ts-ticketinfo,2.308,ts-payment,2.169,ts-notification,1.5533,ts-order,1.5,ts-train,1.4386,ts-route,1.325,ts-basic,1.2175,ts-station,0.002
113, -- ,ts-config,67.952,ts-seat,41.2733,ts-admin-user,27.0,ts-security,8.4325,ts-travel,6.8151,ts-route,4.5767,ts-food-map,3.1755,ts-train,2.5247,ts-station,1.815,ts-basic,1.35,ts-order,0.4092,ts-payment,0.0625
114, -- ,ts-config,49.4429,ts-seat,44.2094,ts-cancel,12.0,ts-security,11.3214,ts-route,9.0017,ts-ticketinfo,5.958,ts-travel,2.6417,ts-train,1.931,ts-notification,1.5533,ts-contacts,0.095
115, -- ,ts-ticket-office,432.24,ts-config,46.0,ts-seat,45.8252,ts-contacts,18.555,ts-travel,17.0234,ts-station,16.4254,ts-security,14.4575,ts-food-map,8.0475,ts-ticketinfo,5.324,ts-route,3.8633,ts-admin-travel,3.6462,ts-basic,3.55,ts-payment,1.2775,ts-order,0.482,ts-delivery,0.1867
116, -- ,ts-ticket-office,432.42,ts-config,46.0,ts-seat,42.0473,ts-security,16.05,ts-travel,14.0705,ts-delivery,13.74,ts-train,9.5093,ts-route,7.6923,ts-food,4.2,ts-admin-travel,4.1662,ts-auth,2.7086,ts-food-map,1.59,ts-station,0.4002,ts-ticketinfo,0.086
117, -- ,ts-travel,69.7143,ts-config,46.0,ts-seat,28.8311,ts-station,4.8843,ts-food,3.34,ts-inside-payment,1.6533,ts-food-map,1.51,ts-train,1.365,ts-security,0.2233,ts-delivery,0.035
118, -- ,ts-price,974.9733,ts-seat,55.0814,ts-config,46.0,ts-travel,38.1002,ts-user,18.54,ts-food-map,15.573,ts-admin-order,9.714,ts-route,7.3645,ts-food,5.1875,ts-station,5.0766,ts-ticketinfo,1.196,ts-train,1.0,ts-order,0.1758,ts-inside-payment,0.105
119, -- ,ts-price,1600.2652,ts-seat,88.1456,ts-config,46.0,ts-preserve,29.99,ts-admin-order,11.732,ts-route,10.3317,ts-auth,9.1075,ts-travel,7.694,ts-security,4.9491,ts-contacts,4.8533,ts-ticketinfo,0.72,ts-train,0.046
120, -- ,ts-price,2016.6197,ts-config,46.0,ts-preserve,36.9867,ts-security,34.369,ts-seat,26.2805,ts-route,22.7933,ts-train,9.2566,ts-travel,7.5741,ts-station,2.8297,ts-user,2.42,ts-inside-payment,0.42
121, -- ,ts-station,12449.7025,ts-price,269.5807,ts-food-map,137.547,ts-seat,97.3388,ts-config,46.0,ts-payment,40.295,ts-food,34.269,ts-security,22.7148,ts-travel,21.0901,ts-order,12.8325,ts-user,11.71,ts-execute,3.305,ts-route,2.81,ts-notification,1.5533,ts-ticketinfo,1.356,ts-basic,0.4375,ts-train,0.07
122, -- ,ts-station,12073.3808,ts-food-map,156.165,ts-contacts,109.15,ts-price,46.633,ts-config,46.0,ts-security,30.8206,ts-payment,19.075,ts-user,13.78,ts-seat,12.5511,ts-food,6.67,ts-travel,6.6103,ts-ticketinfo,1.99,ts-basic,1.54,ts-preserve,0.76,ts-order,0.7308
123, -- ,ts-station,16029.2158,ts-food,265.864,ts-contacts,100.561,ts-auth,82.0933,ts-food-map,77.0965,ts-config,53.8958,ts-security,48.4325,ts-seat,44.5779,ts-execute,24.0683,ts-price,14.93,ts-travel,10.945,ts-news,1.167,ts-route,0.826,ts-preserve,0.36
124, -- ,ts-station,15705.6111,ts-cancel,123.7142,ts-auth,81.21,ts-config,46.4614,ts-user,31.92,ts-food-map,23.2,ts-travel,19.6597,ts-contacts,13.32,ts-price,6.214,ts-seat,5.4909,ts-food,3.0042,ts-ticketinfo,1.674,ts-news,1.167,ts-route,0.76
125, -- ,ts-station,19143.0907,ts-price,1103.38,ts-config,46.0,ts-seat,43.6067,ts-security,30.588,ts-admin-order,29.0955,ts-route,23.2558,ts-travel,11.0519,ts-user,4.17,ts-basic,3.0725,ts-contacts,2.81,ts-preserve,1.0533,ts-execute,0.8767
126, -- ,ts-station,19224.4931,ts-config,46.0,ts-user,39.0,ts-preserve,23.2093,ts-admin-order,22.848,ts-seat,18.9019,ts-food,5.8808,ts-ticketinfo,0.88,ts-travel,0.5991,ts-security,0.395
127, -- ,ts-station,22697.132,ts-cancel,106.08,ts-food-map,60.1025,ts-config,46.0,ts-seat,11.9377,ts-route,10.8615,ts-consign,10.5,ts-travel,8.3534,ts-security,6.9299,ts-food,3.195,ts-price,2.1,ts-order,0.4592,ts-train,0.06
128, -- ,ts-station,22769.7279,ts-auth,97.8171,ts-config,68.2038,ts-preserve,30.4633,ts-seat,27.4983,ts-travel,5.8033,ts-security,4.335,ts-cancel,3.51,ts-price,0.39,ts-basic,0.198
129, -- ,ts-station,26238.7873,ts-cancel,1669.5,ts-seat,70.9254,ts-security,58.9159,ts-preserve,52.1567,ts-config,49.5182,ts-travel,42.2998,ts-price,16.4133,ts-route,3.5017,ts-user,1.4958,ts-ticketinfo,1.1137,ts-notification,1.0,ts-basic,0.5074,ts-train,0.5
130, -- ,ts-station,26460.9804,ts-travel,5807.322,ts-price,2222.835,ts-cancel,1871.64,ts-basic,133.9349,ts-train,103.1296,ts-config,48.891,ts-security,20.4725,ts-seat,2.4481
131, -- ,ts-station,25647.1627,ts-travel,5839.8895,ts-cancel,1022.4,ts-config,275.1417,ts-security,175.2675,ts-basic,121.316,ts-price,100.9617,ts-train,93.1266,ts-execute,84.86,ts-seat,11.7654,ts-food,4.0733,ts-notification,1.0
132, -- ,ts-station,25278.5489,ts-price,13364.9303,ts-train,2457.7074,ts-travel,1817.6757,ts-config,1241.8044,ts-security,469.0552,ts-route,109.59,ts-order,84.0921,ts-auth,61.2387,ts-cancel,47.3092,ts-seat,39.1814,ts-execute,20.545,ts-ticketinfo,10.244,ts-rebook,3.8562,ts-food,0.5267
133, -- ,ts-station,30328.7724,ts-price,9593.0317,ts-travel,2641.3193,ts-security,2200.925,ts-train,884.115,ts-config,594.567,ts-admin-order,544.59,ts-cancel,105.5725,ts-auth,96.2024,ts-route,95.4233,ts-order,58.4093,ts-user,42.285,ts-food-map,25.11,ts-assurance,22.79,ts-execute,15.5,ts-contacts,10.42,ts-notification,10.1333,ts-ticketinfo,6.118,ts-seat,4.63,ts-verification-code,0.675,ts-ui,0.085,ts-rebook,0.01
134, -- ,ts-station,30428.438,ts-travel,2619.793,ts-execute,1099.845,ts-price,1084.954,ts-cancel,1043.585,ts-train,695.1806,ts-config,530.7181,ts-security,126.1556,ts-food-map,36.05,ts-auth,23.695,ts-inside-payment,9.8083,ts-notification,8.5533,ts-ticketinfo,7.388,ts-rebook,4.8175,ts-basic,3.886,ts-user,3.6425,ts-assurance,2.4367,ts-admin-user,2.43,ts-route,2.145,ts-contacts,1.57,ts-admin-travel,1.0412,ts-verification-code,0.675,ts-food,0.26
135, -- ,ts-cancel,1211.8475,ts-travel,1160.4831,ts-train,933.0383,ts-price,927.0187,ts-execute,823.6875,ts-station,811.0307,ts-config,558.1488,ts-security,352.6475,ts-payment,48.665,ts-seat,10.7209,ts-admin-travel,6.25,ts-auth,4.1267,ts-ticketinfo,2.626,ts-contacts,0.59,ts-food,0.16
136, -- ,ts-cancel,5317.3375,ts-security,4354.1557,ts-price,1286.3203,ts-travel,1160.4806,ts-execute,1140.16,ts-train,1087.9319,ts-station,853.9717,ts-config,653.0883,ts-inside-payment,127.5125,ts-seat,32.7235,ts-assurance,31.5067,ts-route,9.9573,ts-food-map,8.221,ts-notification,6.8433,ts-payment,6.425,ts-ticketinfo,4.372,ts-admin-travel,3.125,ts-basic,0.1015
137, -- ,ts-security,3470.2375,ts-cancel,2164.86,ts-price,1439.1617,ts-station,1117.1029,ts-train,1039.8912,ts-config,794.6882,ts-travel,757.1831,ts-execute,718.1275,ts-seat,25.6211,ts-inside-payment,19.1889,ts-contacts,14.72,ts-ticketinfo,14.212,ts-auth,14.0558,ts-food,11.14,ts-order,9.9779,ts-assurance,2.7567,ts-preserve,0.17
138, -- ,ts-security,2370.815,ts-cancel,1370.5225,ts-station,1113.4913,ts-train,890.0345,ts-price,810.9082,ts-config,662.0674,ts-execute,563.68,ts-travel,440.8918,ts-auth,26.945,ts-basic,21.428,ts-food,12.2,ts-ticketinfo,11.0623,ts-order,4.67,ts-seat,2.5467
139, -- ,ts-cancel,1459.5,ts-security,761.825,ts-config,610.2325,ts-price,603.37,ts-station,452.3351,ts-train,337.9034,ts-travel,199.3441,ts-execute,83.94,ts-food-map,67.338,ts-basic,20.31,ts-auth,9.4768,ts-seat,7.5656,ts-ticketinfo,4.688,ts-order,3.7229,ts-route,2.9865,ts-contacts,1.35,ts-preserve,1.29
140, -- ,ts-cancel,1238.7725,ts-config,634.9373,ts-price,563.1037,ts-station,562.1791,ts-train,406.0254,ts-execute,55.25,ts-seat,26.1406,ts-security,20.765,ts-travel,18.9766,ts-food-map,12.9195,ts-payment,10.8468,ts-auth,8.76,ts-notification,7.0133,ts-news,1.167,ts-order,1.1492,ts-basic,0.982,ts-route,0.205
141, -- ,ts-cancel,1927.9375,ts-config,767.6901,ts-travel,752.1459,ts-price,679.543,ts-station,632.173,ts-train,520.8307,ts-route,56.0375,ts-security,38.795,ts-preserve,31.19,ts-food-map,7.9895,ts-notification,6.3,ts-seat,5.6235,ts-auth,4.5027,ts-food,2.765,ts-inside-payment,2.205,ts-contacts,1.57,ts-execute,1.48,ts-news,1.167
142, -- ,ts-travel,721.4412,ts-station,647.3069,ts-price,532.1046,ts-config,501.5993,ts-train,467.1455,ts-food,72.63,ts-route,52.9917,ts-user,40.588,ts-preserve,31.61,ts-seat,14.5589,ts-security,12.295,ts-auth,2.752,ts-assurance,1.5267,ts-cancel,1.055,ts-basic,0.7215,ts-admin-order,0.15
143, -- ,ts-station,799.2606,ts-price,184.3778,ts-basic,113.5204,ts-train,71.2486,ts-security,58.25,ts-config,53.7858,ts-seat,37.3449,ts-food-map,18.764,ts-order,18.0462,ts-travel,13.0086,ts-cancel,12.1925,ts-inside-payment,11.0419,ts-food,7.665,ts-delivery,7.4,ts-user,6.3667,ts-notification,1.5533,ts-preserve,0.908,ts-execute,0.8133
144, -- ,ts-station,586.4936,ts-config,61.4254,ts-travel,42.1593,ts-price,39.9457,ts-security,37.0975,ts-seat,33.8465,ts-basic,17.782,ts-train,16.2056,ts-route,12.7662,ts-food-map,7.786,ts-cancel,0.93
145, -- ,ts-station,664.3461,ts-config,86.0011,ts-food,78.16,ts-price,61.8507,ts-notification,57.0865,ts-train,46.2703,ts-travel,36.5625,ts-security,9.195,ts-basic,7.684,ts-auth,7.2117,ts-seat,4.3892,ts-preserve,1.772,ts-cancel,0.93,ts-route,0.705,ts-order,0.005
146, -- ,ts-station,457.9552,ts-seat,130.8324,ts-config,99.3518,ts-security,79.065,ts-train,70.2098,ts-travel,66.1508,ts-food-map,47.5455,ts-price,41.0707,ts-food,11.74,ts-basic,10.3541,ts-cancel,0.93
147, -- ,ts-travel,2702.2129,ts-admin-order,1313.25,ts-assurance,769.5,ts-station,583.7729,ts-config,116.3595,ts-security,82.9,ts-seat,59.8919,ts-route,46.9897,ts-payment,34.195,ts-train,28.077,ts-ticketinfo,26.939,ts-price,22.786,ts-user,16.71,ts-notification,13.0,ts-cancel,11.225,ts-contacts,7.475,ts-rebook,4.8175,ts-admin-travel,4.1662,ts-verification-code,2.58,ts-order,2.22,ts-food-map,2.155,ts-delivery,1.44,ts-auth,1.078,ts-basic,1.0046
148, -- ,ts-travel,2249.8875,ts-station,667.3496,ts-config,51.21,ts-contacts,45.89,ts-security,22.045,ts-price,20.6673,ts-ticketinfo,17.228,ts-cancel,14.4525,ts-user,12.81,ts-seat,11.8121,ts-food,11.3,ts-notification,11.0,ts-food-map,10.585,ts-payment,8.09,ts-train,7.0131,ts-inside-payment,6.2517,ts-rebook,4.8175,ts-admin-travel,4.1662,ts-delivery,4.13,ts-verification-code,2.26,ts-basic,1.54,ts-route,0.95,ts-admin-order,0.645,ts-order,0.55,ts-execute,0.05
149, -- ,ts-station,644.2034,ts-preserve,251.375,ts-seat,86.4523,ts-travel,75.6878,ts-contacts,58.42,ts-config,57.435,ts-notification,37.4799,ts-security,35.655,ts-route,26.9467,ts-price,17.2313,ts-food-map,12.9195,ts-payment,11.885,ts-user,9.68,ts-food,5.78,ts-train,5.0391,ts-execute,4.28,ts-basic,0.9369,ts-cancel,0.93,ts-inside-payment,0.7687
150, -- ,ts-station,530.745,ts-preserve,176.1,ts-user,126.66,ts-seat,57.0156,ts-config,52.9478,ts-food-map,18.067,ts-food,10.406,ts-travel,9.8266,ts-auth,9.696,ts-route,9.3225,ts-price,8.259,ts-train,5.8534,ts-security,5.05,ts-ticketinfo,1.9837,ts-cancel,0.93,ts-contacts,0.68,ts-basic,0.5552
151, -- ,ts-station,598.1196,ts-admin-order,109.5,ts-preserve,67.79,ts-price,63.736,ts-seat,54.1438,ts-config,51.21,ts-travel,38.7331,ts-train,15.0934,ts-order,14.82,ts-food,6.68,ts-food-map,5.4955,ts-contacts,5.44,ts-security,4.96,ts-admin-user,1.375,ts-route,1.3267,ts-cancel,0.93,ts-execute,0.54,ts-notification,0.3733,ts-basic,0.2915
152, -- ,ts-station,526.6185,ts-cancel,70.305,ts-config,54.6779,ts-travel,39.5172,ts-price,31.7047,ts-seat,18.3881,ts-route,12.4842,ts-security,5.945,ts-food-map,5.7565,ts-train,4.7868,ts-notification,3.2983,ts-execute,2.1775,ts-contacts,0.68,ts-inside-payment,0.29
153, -- ,ts-station,517.7757,ts-inside-payment,152.27,ts-notification,90.94,ts-config,54.8556,ts-price,38.1513,ts-seat,33.2256,ts-payment,32.935,ts-security,29.185,ts-cancel,26.8717,ts-travel,24.9863,ts-train,21.8962,ts-preserve,19.2408,ts-basic,1.6636,ts-execute,0.37
154, -- ,ts-station,543.4213,ts-seat,89.2201,ts-price,86.7927,ts-config,51.21,ts-travel,37.3754,ts-payment,29.855,ts-inside-payment,16.1325,ts-security,12.7025,ts-route,11.0583,ts-notification,8.225,ts-execute,6.98,ts-user,5.79,ts-train,5.0895,ts-cancel,0.93,ts-consign,0.6667
155, -- ,ts-station,633.7637,ts-seat,106.3287,ts-price,90.424,ts-config,53.8909,ts-train,44.5364,ts-inside-payment,26.7509,ts-security,19.975,ts-execute,13.92,ts-food-map,10.6865,ts-travel,9.2895,ts-basic,8.463,ts-notification,6.0,ts-route,3.395,ts-ticketinfo,2.7042,ts-contacts,1.77,ts-food,1.6875,ts-cancel,0.93,ts-consign,0.6667,ts-preserve,0.6033
156, -- ,ts-station,765.3479,ts-price,92.6543,ts-config,51.21,ts-travel,26.6818,ts-train,22.6425,ts-seat,20.0254,ts-food-map,17.8785,ts-execute,11.89,ts-route,8.1575,ts-security,3.52,ts-contacts,3.35,ts-admin-travel,2.0837,ts-cancel,0.93,ts-basic,0.088
157, -- ,ts-station,587.9858,ts-train,322.7784,ts-price,231.134,ts-config,59.3102,ts-seat,40.2834,ts-execute,16.01,ts-notification,11.8433,ts-consign,10.5,ts-food,10.32,ts-travel,8.055,ts-security,7.895,ts-preserve,7.4835,ts-basic,2.7475,ts-auth,1.531,ts-contacts,1.35,ts-cancel,0.93,ts-inside-payment,0.2037,ts-route,0.1997
158, -- ,ts-station,770.131,ts-train,618.0349,ts-config,83.9234,ts-seat,61.9705,ts-price,56.7323,ts-user,55.665,ts-payment,20.0094,ts-travel,18.4251,ts-route,4.5425,ts-food-map,3.161,ts-basic,3.1051,ts-cancel,0.93,ts-execute,0.92,ts-food,0.824,ts-inside-payment,0.78,ts-notification,0.6048,ts-security,0.065
159, -- ,ts-station,607.4881,ts-train,517.3006,ts-order,58.3607,ts-price,56.8333,ts-config,51.21,ts-food-map,16.1,ts-notification,8.5983,ts-seat,7.6376,ts-travel,7.3075,ts-user,3.9767,ts-execute,3.17,ts-security,1.4375,ts-preserve,1.33,ts-cancel,0.93
160, -- ,ts-station,757.4554,ts-user,56.75,ts-config,53.3009,ts-travel,49.0158,ts-price,44.872,ts-train,21.774,ts-food-map,16.34,ts-preserve,12.16,ts-seat,9.4799,ts-payment,9.32,ts-auth,7.8466,ts-admin-user,7.5,ts-execute,6.17,ts-order,5.25,ts-notification,4.375,ts-contacts,3.5367,ts-security,3.46,ts-ticketinfo,1.356,ts-consign,1.2,ts-cancel,0.93,ts-route,0.5825,ts-basic,0.5711
161, -- ,ts-station,872.223,ts-train,377.6127,ts-payment,247.505,ts-travel,170.5183,ts-seat,82.5521,ts-cancel,82.19,ts-price,76.5793,ts-config,72.1153,ts-food,33.249,ts-route,22.2787,ts-contacts,17.43,ts-preserve,7.87,ts-order,6.2829,ts-auth,3.6896,ts-basic,2.5228,ts-consign,1.2,ts-user,0.51
162, -- ,ts-station,772.53,ts-train,542.6501,ts-preserve,319.885,ts-route,106.9617,ts-seat,94.0085,ts-travel,70.6403,ts-config,59.5825,ts-price,39.5652,ts-payment,39.31,ts-notification,25.08,ts-food,16.54,ts-cancel,13.66,ts-execute,7.98,ts-basic,3.4815,ts-ticketinfo,0.218
163, -- ,ts-station,844.7481,ts-preserve,290.865,ts-ui,172.065,ts-train,120.6651,ts-price,93.271,ts-food-map,79.6485,ts-config,51.21,ts-travel,50.7798,ts-seat,32.6893,ts-consign,18.87,ts-security,17.98,ts-order,11.8093,ts-food,11.31,ts-route,9.1657,ts-notification,6.3,ts-basic,3.0493,ts-auth,1.9105,ts-cancel,0.93
164, -- ,ts-station,805.1943,ts-travel,334.7766,ts-cancel,283.635,ts-train,240.7421,ts-security,190.665,ts-ui,172.185,ts-config,142.1115,ts-price,34.7303,ts-seat,33.9297,ts-notification,25.0033,ts-admin-order,16.3136,ts-execute,14.35,ts-auth,9.3981,ts-route,7.26,ts-basic,6.0766,ts-assurance,3.93,ts-food,1.845,ts-order,0.6433
165, -- ,ts-cancel,2508.97,ts-station,864.6127,ts-travel,862.4416,ts-train,545.4471,ts-config,465.169,ts-price,290.729,ts-security,273.39,ts-seat,90.903,ts-auth,51.3515,ts-basic,5.6161,ts-assurance,5.4267,ts-execute,2.97,ts-admin-order,1.8943,ts-order,1.472,ts-notification,0.3733
166, -- ,ts-travel,12072.0939,ts-cancel,2081.0,ts-station,746.3633,ts-config,576.2859,ts-train,422.3189,ts-security,332.495,ts-execute,118.465,ts-price,71.915,ts-auth,10.8235,ts-seat,6.2996,ts-order,1.315,ts-basic,0.198
167, -- ,ts-auth,10367.038,ts-travel,7510.2327,ts-cancel,1240.2,ts-security,958.25,ts-station,833.4287,ts-config,378.3532,ts-train,325.8388,ts-execute,262.7375,ts-price,80.13,ts-admin-order,76.8744,ts-notification,33.1,ts-seat,11.4674,ts-route,2.74,ts-basic,1.428,ts-food-map,1.34
168, -- ,ts-travel,18662.7408,ts-auth,5992.8987,ts-cancel,1561.95,ts-train,1482.8464,ts-security,1344.0274,ts-station,1112.4266,ts-execute,358.4067,ts-config,346.5817,ts-seat,77.1225,ts-inside-payment,20.6912,ts-admin-order,20.4203,ts-assurance,19.35,ts-route,13.19,ts-price,8.5933,ts-preserve,5.9353,ts-notification,4.375,ts-order,2.625,ts-basic,1.764,ts-food-map,0.36
169, -- ,ts-auth,2506.656,ts-station,2156.7153,ts-cancel,1708.47,ts-security,1618.7191,ts-travel,634.2207,ts-train,553.549,ts-config,435.6099,ts-execute,377.44,ts-seat,72.8249,ts-price,8.9196,ts-notification,6.3,ts-user,4.11,ts-basic,0.11
170, -- ,ts-travel,9164.74,ts-station,2234.4045,ts-security,2017.8442,ts-auth,1905.404,ts-train,484.6892,ts-cancel,304.21,ts-execute,293.095,ts-config,272.1953,ts-seat,34.7994,ts-order,7.8342,ts-price,6.29,ts-contacts,5.28,ts-assurance,1.5,ts-food-map,0.6815,ts-inside-payment,0.01
171, -- ,ts-travel,9218.9086,ts-station,4865.2862,ts-cancel,2721.79,ts-security,2428.6825,ts-config,1143.3906,ts-execute,613.1167,ts-train,510.9624,ts-seat,81.0677,ts-price,43.8983,ts-auth,38.3643,ts-route,34.5667,ts-notification,8.6833
172, -- ,ts-station,4694.4346,ts-security,4368.3175,ts-cancel,3713.39,ts-travel,2115.3443,ts-auth,1162.0765,ts-execute,1102.705,ts-config,814.2148,ts-train,478.6403,ts-food-map,82.737,ts-seat,50.908,ts-price,39.7317,ts-user,13.34,ts-admin-order,11.34,ts-food,5.6045,ts-basic,1.944,ts-ticketinfo,1.2079,ts-notification,0.3733,ts-route,0.138
173, -- ,ts-cancel,4159.55,ts-security,2363.2275,ts-travel,1811.7166,ts-station,1483.7769,ts-auth,1162.7992,ts-execute,626.3375,ts-train,488.9968,ts-config,439.4711,ts-contacts,42.77,ts-payment,32.73,ts-seat,32.5689,ts-user,22.2833,ts-price,16.2593,ts-admin-order,13.6755,ts-route,7.22,ts-notification,1.5533,ts-assurance,0.5067
174, -- ,ts-cancel,3999.31,ts-security,1153.2225,ts-station,1086.1929,ts-travel,1011.0828,ts-auth,279.1404,ts-execute,213.065,ts-config,185.6709,ts-train,182.5071,ts-price,59.3753,ts-contacts,39.7633,ts-food-map,12.876,ts-payment,10.14,ts-seat,9.4012,ts-food,4.66,ts-route,4.0475,ts-preserve,1.4233,ts-assurance,0.81
175, -- ,ts-travel,36808.2533,ts-auth,14000.0872,ts-cancel,1661.825,ts-station,1395.5095,ts-security,252.9,ts-train,126.8339,ts-price,115.9297,ts-config,61.9542,ts-food-map,20.242,ts-seat,13.1905,ts-execute,11.13,ts-admin-route,4.8175,ts-food,2.87,ts-contacts,0.68,ts-basic,0.534,ts-order,0.122
176, -- ,ts-travel,35925.5433,ts-auth,14154.165,ts-station,1121.448,ts-cancel,725.5175,ts-config,629.3858,ts-train,147.9342,ts-route,70.1075,ts-price,67.9127,ts-security,22.6225,ts-notification,5.0433,ts-food,2.54,ts-seat,1.115,ts-preserve,1.03,ts-user,0.7367
177, -- ,ts-config,1309.0498,ts-station,1187.3523,ts-travel,706.4141,ts-train,703.6445,ts-preserve,103.715,ts-price,73.79,ts-seat,36.1422,ts-order,27.6433,ts-security,19.1225,ts-admin-route,5.7787,ts-basic,2.4005,ts-food,1.26,ts-notification,1.0,ts-cancel,0.93,ts-route,0.6533,ts-delivery,0.23,ts-inside-payment,0.0775
178, -- ,ts-station,937.6347,ts-config,351.8928,ts-cancel,115.3425,ts-preserve,110.28,ts-train,92.1699,ts-security,72.065,ts-price,68.1733,ts-seat,22.6407,ts-payment,21.83,ts-travel,21.055,ts-food,5.235,ts-basic,2.9901,ts-notification,1.0,ts-order,0.6142
179, -- ,ts-station,1186.2645,ts-cancel,365.6175,ts-config,112.4957,ts-travel,88.2297,ts-train,85.8288,ts-security,69.82,ts-seat,38.9684,ts-execute,22.0975,ts-route,11.8737,ts-food,9.696,ts-price,8.21,ts-basic,1.7631,ts-order,1.5,ts-admin-travel,1.0412
180, -- ,ts-train,1143.6493,ts-station,1066.6356,ts-cancel,249.765,ts-security,188.875,ts-config,125.1656,ts-seat,96.5137,ts-food-map,62.7705,ts-travel,21.7053,ts-price,11.1083,ts-ticket-office,4.4025,ts-basic,3.9535,ts-preserve,3.12,ts-user,2.7245,ts-notification,1.5533,ts-admin-travel,1.0412,ts-food,1.04
181, -- ,ts-train,1469.4847,ts-station,1231.3022,ts-order,258.0,ts-travel,74.1333,ts-config,63.494,ts-seat,33.367,ts-price,31.9417,ts-food-map,27.7675,ts-security,15.99,ts-route,5.3838,ts-food,4.7833,ts-auth,4.0127,ts-payment,3.445,ts-user,2.7245,ts-basic,1.092,ts-cancel,0.93,ts-notification,0.3733
182, -- ,ts-order,1599.2436,ts-station,977.3676,ts-train,226.8505,ts-config,55.7483,ts-seat,54.7256,ts-travel,42.8106,ts-price,38.6764,ts-security,32.58,ts-preserve,5.3833,ts-ticket-office,4.4025,ts-auth,4.39,ts-execute,2.44,ts-cancel,1.51,ts-admin-order,0.34,ts-inside-payment,0.1883
183, -- ,ts-order,1988.48,ts-station,1085.3605,ts-train,76.2899,ts-travel,63.7214,ts-config,51.9591,ts-seat,41.7189,ts-payment,17.02,ts-security,11.33,ts-price,11.001,ts-food-map,8.1925,ts-cancel,0.93
184, -- ,ts-order,2562.0918,ts-station,938.0141,ts-inside-payment,564.0,ts-travel,59.7653,ts-config,51.7,ts-train,41.4689,ts-execute,27.0,ts-payment,16.405,ts-seat,10.6107,ts-price,7.305,ts-delivery,7.2517,ts-food-map,3.2335,ts-cancel,0.93,ts-security,0.595,ts-food,0.435,ts-route,0.015
185, -- ,ts-station,1146.123,ts-order,472.7861,ts-cancel,445.305,ts-config,51.7,ts-travel,23.785,ts-seat,8.8764,ts-price,7.485,ts-payment,7.37,ts-security,4.64,ts-train,4.0131,ts-delivery,2.575,ts-inside-payment,0.105
186, -- ,ts-station,980.3931,ts-train,348.4867,ts-order,123.5957,ts-config,88.2608,ts-price,36.6517,ts-security,36.5675,ts-contacts,22.3967,ts-seat,16.2082,ts-food-map,12.0,ts-auth,6.8625,ts-travel,6.1733,ts-payment,6.14,ts-execute,4.0792,ts-delivery,1.89,ts-route,1.67,ts-cancel,0.93,ts-basic,0.31
187, -- ,ts-station,1255.1286,ts-order,125.7621,ts-admin-order,69.658,ts-config,69.2021,ts-price,32.485,ts-security,27.8075,ts-execute,13.4725,ts-food-map,11.84,ts-train,8.0406,ts-travel,6.505,ts-notification,1.24,ts-cancel,0.93,ts-seat,0.7064
188, -- ,ts-station,1529.3602,ts-security,1481.2425,ts-order,985.675,ts-train,813.5885,ts-config,458.4885,ts-execute,393.9575,ts-price,138.94,ts-seat,48.5466,ts-food,19.13,ts-food-map,13.1515,ts-admin-order,12.004,ts-travel,11.0735,ts-route,3.5867,ts-cancel,0.93,ts-inside-payment,0.9
189, -- ,ts-travel,5605.3561,ts-order,2768.2175,ts-security,2204.8675,ts-station,1955.6479,ts-price,1131.6415,ts-train,823.5617,ts-execute,691.4825,ts-config,529.1469,ts-seat,59.651,ts-food,19.91,ts-cancel,9.85,ts-auth,8.5999,ts-route,3.8383,ts-preserve,1.03,ts-notification,0.3733,ts-contacts,0.2467,ts-consign,0.1333
190, -- ,ts-price,3870.9552,ts-travel,1802.3883,ts-order,1650.2314,ts-security,1449.1273,ts-station,1423.3119,ts-train,1226.1961,ts-execute,624.1775,ts-cancel,322.38,ts-config,286.4388,ts-admin-order,29.2211,ts-auth,8.1038,ts-user,2.7245,ts-route,2.08,ts-basic,1.428,ts-inside-payment,0.49,ts-notification,0.3733,ts-consign,0.1333
191, -- ,ts-security,2848.32,ts-price,2388.9088,ts-travel,2219.713,ts-train,2180.3514,ts-station,1668.3509,ts-order,1131.0967,ts-config,883.9861,ts-execute,248.58,ts-auth,54.5391,ts-cancel,54.3,ts-route,50.1062,ts-basic,4.332,ts-user,2.7245,ts-ui,2.6033,ts-seat,2.2867,ts-payment,1.575,ts-notification,0.5
192, -- ,ts-travel,5298.4291,ts-security,2485.86,ts-price,2238.6743,ts-station,1474.6452,ts-train,1448.5433,ts-order,709.8432,ts-config,640.2268,ts-execute,289.715,ts-cancel,142.6,ts-preserve,45.72,ts-auth,44.4347,ts-seat,12.0336,ts-basic,3.8236
193, -- ,ts-cancel,6257.56,ts-travel,3094.4368,ts-security,2210.725,ts-price,1893.7843,ts-station,1661.8523,ts-order,1323.0146,ts-train,1104.8081,ts-config,521.0056,ts-execute,219.0925,ts-food-map,82.766,ts-auth,25.0909,ts-route,2.47,ts-seat,0.0512
194, -- ,ts-station,8386.5889,ts-travel,5896.6001,ts-cancel,2799.345,ts-security,1996.65,ts-price,1575.2553,ts-order,1320.0281,ts-auth,996.1233,ts-train,814.8451,ts-config,610.626,ts-execute,356.5825,ts-seat,2.7867,ts-admin-order,1.44,ts-verification-code,0.675,ts-news,0.333,ts-route,0.31
195, -- ,ts-station,8325.9135,ts-travel,8133.8825,ts-cancel,3500.7025,ts-security,1884.5983,ts-train,1384.6038,ts-auth,987.5,ts-order,978.9827,ts-price,883.8383,ts-config,563.7061,ts-execute,454.0225,ts-admin-order,91.8139,ts-preserve,26.4,ts-seat,9.9109,ts-admin-route,1.9325,ts-contacts,1.107,ts-verification-code,0.675,ts-inside-payment,0.355
196, -- ,ts-cancel,5304.2125,ts-auth,2229.673,ts-security,2131.422,ts-station,1423.9194,ts-order,1077.8451,ts-travel,984.6372,ts-train,837.0651,ts-price,492.6678,ts-config,328.9094,ts-execute,255.0025,ts-seat,28.7053,ts-ticketinfo,20.72,ts-admin-order,13.3671,ts-ui,6.09,ts-route,2.44,ts-contacts,1.107,ts-payment,0.435
197, -- ,ts-security,1994.87,ts-station,1646.4781,ts-cancel,1425.7475,ts-travel,1277.9333,ts-order,1129.6267,ts-execute,573.095,ts-train,500.5708,ts-price,428.4823,ts-config,181.9236,ts-auth,174.0758,ts-route,47.025,ts-admin-order,29.8746,ts-ticketinfo,21.196,ts-ui,6.09,ts-seat,3.2148,ts-basic,0.646,ts-admin-route,0.01
198, -- ,ts-travel,6603.6421,ts-auth,3579.2505,ts-security,1692.0358,ts-station,1557.2168,ts-train,791.3569,ts-order,643.2699,ts-cancel,463.0475,ts-execute,442.13,ts-price,367.8267,ts-config,78.0569,ts-seat,45.6502,ts-food-map,17.98,ts-user,2.9697,ts-route,1.34,ts-basic,1.204
199, -- ,ts-cancel,3459.7825,ts-security,1928.9833,ts-auth,1625.343,ts-travel,1585.9923,ts-station,1446.3117,ts-order,630.7166,ts-train,549.257,ts-execute,311.58,ts-price,304.4973,ts-config,61.8533,ts-seat,24.03,ts-route,14.8857,ts-food-map,3.045,ts-user,2.0564,ts-assurance,1.6033,ts-basic,0.3464,ts-admin-order,0.14
200, -- ,ts-travel,6827.9614,ts-cancel,2677.91,ts-security,1874.7233,ts-station,1761.4415,ts-auth,1710.3277,ts-train,1039.8536,ts-order,687.5949,ts-price,354.3811,ts-execute,230.15,ts-config,151.7481,ts-seat,63.6497,ts-route,46.3838,ts-consign,19.44,ts-basic,5.4512,ts-assurance,1.6033,ts-notification,1.5533
201, -- ,ts-travel,9162.6936,ts-station,1735.8145,ts-auth,1545.5159,ts-security,1233.705,ts-train,960.4666,ts-cancel,933.78,ts-price,344.4637,ts-order,187.9064,ts-execute,172.34,ts-config,126.7407,ts-seat,20.4795,ts-route,10.5902,ts-admin-travel,3.125,ts-notification,1.5533
202, -- ,ts-travel,2688.1284,ts-station,1618.3648,ts-security,994.4958,ts-cancel,645.0225,ts-train,560.2824,ts-price,526.762,ts-execute,98.02,ts-config,68.0469,ts-seat,65.8294,ts-auth,37.7905,ts-route,32.8517,ts-order,28.1042,ts-admin-order,8.6053,ts-admin-travel,2.0837,ts-preserve,1.6125,ts-basic,0.0192
203, -- ,ts-travel,3415.7053,ts-auth,2675.6925,ts-cancel,1799.25,ts-station,1709.6326,ts-security,1410.9864,ts-price,549.365,ts-train,438.7168,ts-execute,103.86,ts-food-map,57.275,ts-seat,53.8343,ts-config,52.3636,ts-contacts,43.88,ts-order,18.7284,ts-notification,11.2183,ts-user,8.57,ts-route,0.625
204, -- ,ts-travel,3789.7269,ts-station,1624.8456,ts-security,1465.9608,ts-price,783.1513,ts-auth,370.6833,ts-cancel,278.9925,ts-train,119.7617,ts-config,51.7,ts-contacts,43.88,ts-seat,33.0822,ts-order,23.0002,ts-admin-order,11.7881,ts-user,7.58,ts-execute,5.025,ts-route,2.975,ts-inside-payment,1.3
205, -- ,ts-station,1478.9525,ts-travel,1148.0562,ts-price,1028.1905,ts-security,350.8567,ts-auth,143.2183,ts-train,100.0457,ts-config,63.203,ts-order,21.4877,ts-seat,5.7902,ts-route,3.0,ts-admin-order,1.0575,ts-cancel,0.93,ts-food-map,0.522
206, -- ,ts-cancel,1662.49,ts-station,1524.3492,ts-price,1007.0822,ts-travel,159.4448,ts-contacts,128.5,ts-config,51.7,ts-seat,29.4708,ts-order,19.5979,ts-train,18.553,ts-security,15.4652,ts-auth,6.8193,ts-food,2.95,ts-basic,0.9236,ts-execute,0.36
207, -- ,ts-station,1402.5238,ts-travel,308.9525,ts-train,235.3713,ts-auth,138.1833,ts-price,90.0335,ts-security,59.975,ts-config,51.7,ts-order,47.9638,ts-notification,32.3283,ts-seat,20.3842,ts-user,15.6983,ts-route,6.435,ts-payment,5.68,ts-assurance,5.49,ts-admin-order,4.5467,ts-food,4.3875,ts-cancel,0.93
208, -- ,ts-station,1433.7304,ts-travel,881.635,ts-auth,173.1833,ts-config,64.9119,ts-security,21.524,ts-train,18.2155,ts-seat,18.0487,ts-price,10.933,ts-order,5.9483,ts-food,3.37,ts-cancel,0.93
209, -- ,ts-station,1525.3215,ts-travel,959.8346,ts-auth,194.8828,ts-seat,86.9561,ts-config,70.371,ts-route,28.8282,ts-price,22.3275,ts-order,18.992,ts-train,17.9902,ts-security,15.125,ts-food-map,8.236,ts-execute,4.4,ts-basic,2.7128,ts-payment,1.1025,ts-cancel,0.93
210, -- ,ts-station,1519.842,ts-order,574.4742,ts-travel,548.9959,ts-security,133.5025,ts-price,103.1262,ts-execute,82.245,ts-config,62.5515,ts-seat,61.2475,ts-food,39.553,ts-admin-user,27.0,ts-train,18.7935,ts-route,6.5757,ts-auth,4.0399,ts-payment,1.345,ts-cancel,0.93
211, -- ,ts-station,1527.3389,ts-cancel,1232.805,ts-order,727.5,ts-price,189.8427,ts-travel,149.673,ts-security,73.56,ts-config,51.7,ts-seat,44.0765,ts-food-map,29.9425,ts-execute,15.48,ts-food,11.009,ts-train,9.2292,ts-consign,5.64,ts-auth,4.2043,ts-basic,2.8874,ts-ticketinfo,0.4889,ts-user,0.38
212, -- ,ts-station,1536.9561,ts-travel,539.8341,ts-order,172.5025,ts-auth,77.0783,ts-price,62.996,ts-config,51.7,ts-security,25.5964,ts-seat,24.6677,ts-execute,4.16,ts-train,3.8565,ts-basic,3.328,ts-consign,1.2,ts-cancel,0.93,ts-inside-payment,0.78,ts-contacts,0.45,ts-notification,0.3733
213, -- ,ts-station,1619.0227,ts-travel,443.9286,ts-price,64.5073,ts-config,54.2255,ts-food-map,27.9415,ts-security,23.425,ts-train,17.3308,ts-order,15.3114,ts-execute,13.19,ts-auth,5.4773,ts-basic,3.328,ts-cancel,0.93,ts-contacts,0.9,ts-admin-order,0.8075,ts-route,0.635,ts-seat,0.535
214, -- ,ts-station,1789.4292,ts-config,76.7698,ts-seat,54.7174,ts-price,38.3063,ts-travel,26.3281,ts-security,22.965,ts-order,10.5339,ts-food,4.31,ts-train,3.8565,ts-auth,3.1833,ts-food-map,3.045,ts-basic,2.6639,ts-cancel,0.93,ts-execute,0.8675,ts-route,0.036
215, -- ,ts-station,1586.3419,ts-notification,123.264,ts-travel,106.5467,ts-config,51.7,ts-seat,29.881,ts-food,26.9633,ts-price,24.027,ts-route,8.2373,ts-food-map,8.033,ts-order,5.7779,ts-train,3.8565,ts-auth,3.1833,ts-preserve,1.29,ts-basic,1.0546,ts-cancel,0.93,ts-security,0.23
216, -- ,ts-station,1683.441,ts-cancel,207.93,ts-price,140.357,ts-security,131.17,ts-travel,64.3816,ts-config,51.7,ts-train,45.4639,ts-notification,45.415,ts-route,42.3,ts-food-map,17.9365,ts-user,16.09,ts-order,6.7104,ts-seat,6.3814,ts-auth,3.1833,ts-admin-order,1.412,ts-basic,1.204
217, -- ,ts-station,1634.5962,ts-inside-payment,141.8425,ts-travel,80.185,ts-price,79.1277,ts-config,52.194,ts-security,30.8275,ts-seat,21.8654,ts-order,17.9604,ts-train,11.6856,ts-notification,6.0583,ts-delivery,5.8967,ts-route,4.855,ts-auth,3.1833,ts-execute,1.17,ts-cancel,0.93,ts-user,0.8333,ts-basic,0.5231
218, -- ,ts-station,1735.0109,ts-travel,761.3485,ts-price,264.1343,ts-cancel,92.37,ts-security,54.5225,ts-config,51.7,ts-order,40.3407,ts-inside-payment,40.1367,ts-seat,31.8228,ts-food-map,28.0575,ts-train,22.6489,ts-consign,4.1333,ts-auth,3.1833,ts-user,1.8333,ts-basic,1.0769,ts-route,0.6,ts-execute,0.59,ts-contacts,0.16
219, -- ,ts-station,2283.1273,ts-travel,808.4628,ts-order,86.3639,ts-config,74.5424,ts-price,62.187,ts-security,21.55,ts-train,19.9745,ts-route,13.6907,ts-notification,13.67,ts-cancel,9.13,ts-seat,5.5098,ts-consign,4.3333,ts-auth,3.1833,ts-contacts,2.77,ts-rebook,1.9325,ts-admin-route,1.9325,ts-execute,1.5,ts-food,0.6775
220, -- ,ts-station,2218.2448,ts-order,505.7464,ts-travel,492.5606,ts-train,467.2429,ts-config,336.6212,ts-execute,204.0975,ts-seat,95.9806,ts-price,87.3007,ts-consign,40.71,ts-food-map,23.98,ts-security,12.7762,ts-notification,3.5,ts-auth,3.1833,ts-admin-route,2.8937,ts-rebook,1.9325,ts-cancel,0.93,ts-basic,0.8208
221, -- ,ts-station,2428.9158,ts-config,778.9559,ts-train,777.9899,ts-travel,503.7693,ts-execute,309.2875,ts-order,220.695,ts-inside-payment,78.6772,ts-price,38.027,ts-contacts,19.2975,ts-seat,10.8434,ts-consign,10.5,ts-food-map,10.44,ts-security,7.461,ts-auth,6.1424,ts-cancel,0.93,ts-basic,0.31
222, -- ,ts-station,1637.6372,ts-config,214.4688,ts-train,208.7354,ts-security,152.91,ts-travel,98.3436,ts-execute,72.81,ts-price,43.6573,ts-order,28.1757,ts-seat,28.1373,ts-food,6.891,ts-notification,4.375,ts-route,3.668,ts-auth,3.1833,ts-cancel,0.93
223, -- ,ts-station,1678.4324,ts-preserve,97.26,ts-config,97.0398,ts-price,47.568,ts-order,47.1346,ts-security,41.195,ts-seat,25.952,ts-travel,19.5688,ts-train,18.1262,ts-payment,16.505,ts-food-map,7.859,ts-admin-order,3.7257,ts-execute,3.48,ts-cancel,3.48,ts-auth,3.1833,ts-food,1.0267,ts-basic,0.3
224, -- ,ts-station,2698.4082,ts-travel,926.9143,ts-route,162.9271,ts-train,114.2867,ts-security,60.63,ts-config,58.3318,ts-price,45.997,ts-food-map,17.893,ts-seat,16.2013,ts-payment,16.2,ts-food,9.4575,ts-execute,4.3433,ts-user,3.92,ts-auth,3.1833,ts-order,1.25,ts-contacts,1.12,ts-cancel,0.93
225, -- ,ts-station,1786.4626,ts-travel,1037.3948,ts-price,179.053,ts-ticketinfo,63.72,ts-config,51.7,ts-seat,49.8132,ts-route,35.5783,ts-inside-payment,27.4695,ts-train,25.2668,ts-security,23.9187,ts-notification,21.0083,ts-food-map,18.1105,ts-basic,4.5726,ts-auth,3.1833,ts-contacts,1.79,ts-execute,1.56,ts-order,1.25,ts-cancel,0.93
226, -- ,ts-station,1747.443,ts-inside-payment,120.81,ts-price,70.1973,ts-config,54.4431,ts-security,34.005,ts-auth,26.3511,ts-admin-user,12.405,ts-cancel,9.99,ts-travel,8.3541,ts-train,3.8565,ts-payment,3.29,ts-order,2.0625,ts-seat,1.677,ts-admin-order,1.35,ts-user,0.57,ts-basic,0.1112
227, -- ,ts-travel,3941.1766,ts-cancel,2277.39,ts-station,1788.1818,ts-config,199.81,ts-notification,78.9433,ts-price,67.7963,ts-seat,52.4035,ts-security,51.93,ts-order,50.1925,ts-train,23.2819,ts-payment,4.66,ts-auth,3.1833,ts-preserve,2.9567,ts-route,1.7983
228, -- ,ts-travel,3635.6563,ts-station,1843.4922,ts-order,1364.6925,ts-config,855.9052,ts-assurance,735.96,ts-security,51.715,ts-price,43.9963,ts-train,28.57,ts-food-map,28.014,ts-food,20.8783,ts-preserve,8.192,ts-auth,4.6425,ts-seat,1.5581,ts-user,0.9567,ts-cancel,0.93,ts-route,0.522
229, -- ,ts-travel,3017.5639,ts-order,2172.7353,ts-station,1856.6296,ts-config,1211.7423,ts-assurance,735.96,ts-price,190.3894,ts-cancel,48.48,ts-seat,43.2587,ts-security,28.565,ts-notification,20.3483,ts-admin-order,17.7621,ts-train,9.9598,ts-execute,7.7475,ts-auth,3.1833,ts-food,3.15,ts-delivery,2.16,ts-contacts,2.01,ts-user,1.44,ts-admin-travel,1.0412,ts-route,0.775,ts-ticketinfo,0.562
230, -- ,ts-travel,2998.8123,ts-station,2360.653,ts-order,760.3086,ts-config,545.9107,ts-train,537.7083,ts-security,470.9475,ts-price,112.1287,ts-contacts,60.2067,ts-user,17.69,ts-execute,7.2525,ts-seat,5.9088,ts-delivery,3.635,ts-notification,3.3733,ts-auth,3.1833,ts-route,3.1825,ts-ticketinfo,1.356,ts-admin-travel,1.0412,ts-cancel,0.93,ts-basic,0.8145,ts-rebook,0.01
231, -- ,ts-travel,12823.8985,ts-station,2140.8918,ts-train,581.6701,ts-cancel,292.23,ts-order,273.6943,ts-price,121.4743,ts-config,72.0813,ts-contacts,47.67,ts-security,44.5191,ts-user,13.28,ts-route,9.0717,ts-seat,6.7576,ts-delivery,3.46,ts-auth,3.1833,ts-basic,1.204,ts-execute,0.33
232, -- ,ts-travel,12797.7491,ts-station,2131.2802,ts-train,124.5368,ts-order,92.6096,ts-config,83.5249,ts-assurance,65.1767,ts-price,37.514,ts-auth,30.0286,ts-admin-order,27.1404,ts-security,14.9,ts-seat,4.2788,ts-notification,1.24,ts-cancel,0.93,ts-basic,0.646
233, -- ,ts-station,2311.3377,ts-security,1184.41,ts-config,66.3331,ts-price,53.3901,ts-assurance,46.1333,ts-order,40.8464,ts-train,24.8149,ts-basic,18.0,ts-food-map,17.893,ts-food,15.5167,ts-seat,9.6083,ts-travel,5.8639,ts-notification,5.0,ts-auth,4.0404,ts-admin-travel,2.0837,ts-execute,2.0162,ts-rebook,1.9325,ts-cancel,0.93,ts-verification-code,0.675
234, -- ,ts-station,16538.4818,ts-security,106.8725,ts-config,51.7,ts-travel,14.7616,ts-price,14.37,ts-auth,11.759,ts-food-map,7.946,ts-admin-travel,5.2087,ts-notification,5.0,ts-train,3.8565,ts-rebook,1.9325,ts-ticketinfo,1.674,ts-order,1.25,ts-cancel,0.93,ts-seat,0.4705,ts-contacts,0.45,ts-basic,0.145,ts-verification-code,0.04
235, -- ,ts-station,5126.0687,ts-travel,1398.515,ts-security,171.2075,ts-auth,90.9529,ts-config,60.0301,ts-price,49.3887,ts-order,26.3768,ts-train,10.4815,ts-notification,7.0,ts-food,4.7933,ts-cancel,4.3,ts-route,3.1517,ts-admin-travel,3.125,ts-rebook,2.8937,ts-ui,2.49,ts-basic,2.4798,ts-contacts,2.24,ts-assurance,2.2233,ts-news,2.0,ts-execute,1.95,ts-ticketinfo,1.832,ts-verification-code,0.675,ts-food-map,0.03
236, -- ,ts-station,4912.0136,ts-auth,1845.3558,ts-travel,1414.649,ts-preserve,100.86,ts-config,51.7,ts-security,44.2725,ts-price,41.7223,ts-food-map,18.34,ts-seat,11.4558,ts-notification,11.375,ts-order,7.6534,ts-train,3.8565,ts-admin-travel,3.125,ts-rebook,2.8937,ts-ticketinfo,2.784,ts-contacts,2.24,ts-news,2.0,ts-cancel,1.64,ts-route,1.35,ts-verification-code,1.31,ts-basic,1.0925,ts-food,1.0675
237, -- ,ts-station,4571.5811,ts-auth,1703.6033,ts-travel,148.4705,ts-consign,72.42,ts-config,53.5349,ts-security,46.2543,ts-price,34.076,ts-order,12.1395,ts-train,11.319,ts-notification,5.3733,ts-route,4.9535,ts-contacts,4.02,ts-ticketinfo,3.42,ts-admin-travel,2.0837,ts-preserve,2.025,ts-rebook,1.9325,ts-food,1.26,ts-cancel,0.93,ts-verification-code,0.675,ts-payment,0.595,ts-inside-payment,0.235
238, -- ,ts-station,12574.1406,ts-auth,85.2731,ts-config,51.7,ts-seat,48.2489,ts-travel,15.865,ts-price,10.0217,ts-basic,9.9539,ts-food,6.95,ts-notification,5.1786,ts-route,4.1417,ts-train,3.9536,ts-contacts,3.35,ts-ticketinfo,3.102,ts-preserve,2.3433,ts-admin-travel,2.0837,ts-assurance,1.26,ts-order,1.25,ts-rebook,0.9712,ts-cancel,0.93,ts-verification-code,0.675,ts-payment,0.595,ts-inside-payment,0.3625
239, -- ,ts-station,17309.8605,ts-travel,1232.72,ts-order,105.2825,ts-config,69.7679,ts-price,20.1667,ts-ui,4.9686,ts-train,3.8565,ts-auth,3.1833,ts-notification,3.1257,ts-ticketinfo,2.075,ts-basic,1.764,ts-cancel,0.93
240, -- ,ts-station,22378.6656,ts-travel,1351.2544,ts-order,225.8959,ts-config,55.8388,ts-cancel,26.58,ts-seat,23.3582,ts-price,20.5283,ts-train,14.87,ts-auth,3.1833,ts-ticketinfo,3.17,ts-notification,3.0,ts-route,1.335,ts-ui,0.0233,ts-rebook,0.01
241, -- ,ts-travel,7215.9372,ts-consign,6809.4825,ts-order,6715.4358,ts-route,6573.8975,ts-station,6201.605,ts-admin-order,4181.705,ts-assurance,3873.395,ts-voucher,3808.215,ts-ticket-office,3603.0108,ts-avatar,3555.305,ts-admin-route,3411.505,ts-admin-travel,3407.7237,ts-admin-basic-info,3405.2175,ts-rebook,3393.6875,ts-preserve-other,3392.585,ts-news,3377.3067,ts-user,3335.8225,ts-contacts,3304.4725,ts-cancel,3283.43,ts-verification-code,3282.0275,ts-basic,3278.44,ts-admin-user,3266.25,ts-price,3249.5775,ts-seat,3246.47,ts-food,3224.025,ts-ticketinfo,3170.1075,ts-inside-payment,1786.96,ts-food-map,1776.6525,ts-config,1774.7808,ts-payment,1754.1383,ts-delivery,1707.845,ts-preserve,1623.195,ts-execute,1523.835,ts-notification,1139.1625,ts-auth,1064.7933,ts-security,959.0,ts-train,907.485,ts-ui,182.6175
