1, -- ,ts-notification,152.0,ts-admin-order,64.3843,ts-config,46.0,ts-travel,34.2048,ts-order,28.02,ts-train,24.8103,ts-route,17.32,ts-station,17.1776,ts-preserve-other,12.04,ts-execute,8.0,ts-price,1.8
2, -- ,ts-station,3245.0479,ts-route,2078.6262,ts-order,1579.9471,ts-train,1406.6857,ts-travel,1123.5296,ts-admin-order,1057.6862,ts-price,709.6779,ts-ticketinfo,689.47,ts-basic,623.0995,ts-seat,343.0717,ts-config,281.6158,ts-inside-payment,278.0865,ts-auth,262.2326,ts-ui,233.71,ts-food,215.54,ts-notification,152.205,ts-preserve,48.325,ts-food-map,25.6,ts-security,14.9,ts-delivery,12.78,ts-preserve-other,12.04,ts-execute,8.0,ts-consign,0.2
3, -- ,ts-security,9379.0369,ts-config,6344.4986,ts-order,4269.6908,ts-route,3776.2202,ts-food,3022.4415,ts-travel,2882.1857,ts-train,2758.0745,ts-seat,2586.3058,ts-station,2212.0394,ts-basic,2183.6092,ts-preserve,2127.185,ts-ticketinfo,2083.3497,ts-admin-order,1203.9868,ts-assurance,928.9533,ts-food-map,733.765,ts-price,490.2959,ts-delivery,393.3349,ts-auth,228.6445,ts-notification,152.705,ts-inside-payment,152.5712,ts-contacts,104.59,ts-user,97.2391,ts-payment,71.22,ts-ui,60.64,ts-execute,60.11,ts-preserve-other,12.04
4, -- ,ts-security,6231.452,ts-config,5134.0909,ts-station,3425.4067,ts-order,2962.8373,ts-train,2789.7422,ts-ticketinfo,2333.2067,ts-route,2157.4389,ts-basic,2034.5398,ts-seat,1994.3651,ts-payment,1814.6596,ts-travel,1751.7581,ts-preserve,1554.0905,ts-food,1535.0843,ts-cancel,1415.5092,ts-execute,1137.5865,ts-user,952.4124,ts-inside-payment,925.7542,ts-admin-order,798.8693,ts-price,394.531,ts-food-map,387.1495,ts-assurance,279.5733,ts-delivery,158.055,ts-notification,156.77,ts-ui,60.64,ts-contacts,42.34,ts-auth,19.62,ts-preserve-other,12.04,ts-verification-code,1.95,ts-consign,1.8,ts-ticket-office,0.695
5, -- ,ts-security,9220.7983,ts-config,2766.9783,ts-food,2537.1458,ts-payment,2348.1008,ts-order,2335.4854,ts-route,2057.9529,ts-travel,1778.6462,ts-cancel,1773.1725,ts-ticketinfo,1537.2579,ts-station,1458.501,ts-basic,1383.6924,ts-execute,1326.5458,ts-seat,1264.8154,ts-train,1253.3586,ts-inside-payment,1171.7508,ts-admin-order,886.0373,ts-food-map,870.72,ts-preserve,816.315,ts-price,502.562,ts-user,194.73,ts-contacts,174.34,ts-notification,152.0,ts-ui,106.09,ts-assurance,103.0033,ts-delivery,17.335,ts-preserve-other,12.04,ts-auth,1.52
6, -- ,ts-security,7161.2943,ts-food,2838.8833,ts-config,2670.1309,ts-route,2271.6026,ts-order,1741.9976,ts-payment,1619.595,ts-ticketinfo,1618.0787,ts-cancel,1581.4583,ts-basic,1538.9098,ts-travel,1461.7811,ts-food-map,1305.8127,ts-train,1226.1567,ts-seat,1178.721,ts-station,1057.2221,ts-admin-order,891.9529,ts-consign,864.3803,ts-inside-payment,797.7933,ts-execute,706.105,ts-preserve,533.61,ts-notification,152.0,ts-price,128.9963,ts-user,119.4824,ts-contacts,80.05,ts-assurance,34.11,ts-delivery,14.225,ts-preserve-other,12.04,ts-auth,0.8567
7, -- ,ts-route,2417.6922,ts-order,2144.8296,ts-basic,1821.0089,ts-ticketinfo,1805.0263,ts-seat,1462.1383,ts-train,1207.2022,ts-food,1108.3833,ts-travel,1085.5962,ts-config,979.9693,ts-payment,795.745,ts-station,780.8345,ts-food-map,702.435,ts-admin-order,663.9283,ts-cancel,565.4033,ts-execute,434.5075,ts-inside-payment,326.1892,ts-price,270.8277,ts-security,209.734,ts-preserve,166.85,ts-notification,152.405,ts-contacts,54.1,ts-user,49.7427,ts-assurance,47.49,ts-consign,39.4467,ts-auth,21.3867,ts-preserve-other,12.79,ts-delivery,6.12
8, -- ,ts-route,3652.7627,ts-order,2918.0059,ts-ticketinfo,1742.209,ts-basic,1735.8756,ts-seat,1285.3566,ts-train,1017.9932,ts-food,877.1633,ts-travel,779.1646,ts-config,742.6742,ts-admin-order,702.158,ts-price,698.9527,ts-station,601.4991,ts-assurance,572.0667,ts-payment,479.11,ts-cancel,414.3333,ts-execute,343.4725,ts-inside-payment,236.65,ts-notification,152.0,ts-preserve,148.4,ts-food-map,147.35,ts-security,141.468,ts-contacts,132.41,ts-user,56.86,ts-auth,21.3229,ts-preserve-other,12.04,ts-delivery,0.25
9, -- ,ts-route,3793.123,ts-order,2849.3448,ts-train,1760.159,ts-ticketinfo,1721.8634,ts-basic,1721.4787,ts-seat,1306.4379,ts-travel,748.2854,ts-admin-order,535.1318,ts-config,468.8851,ts-cancel,449.1483,ts-station,428.7807,ts-assurance,404.6786,ts-food,373.2192,ts-price,370.47,ts-inside-payment,225.6742,ts-food-map,176.6175,ts-payment,166.7133,ts-notification,152.545,ts-preserve,151.41,ts-contacts,128.52,ts-user,100.78,ts-security,69.7071,ts-execute,34.7025,ts-preserve-other,12.04,ts-verification-code,3.9,ts-delivery,2.05,ts-rebook,0.6
10, -- ,ts-route,3527.8148,ts-order,2666.9596,ts-basic,1716.2692,ts-ticketinfo,1714.3333,ts-seat,1294.2479,ts-travel,701.3023,ts-train,682.393,ts-admin-order,583.286,ts-config,469.5373,ts-payment,356.57,ts-station,342.1716,ts-food,244.83,ts-price,173.8927,ts-notification,152.195,ts-user,143.07,ts-security,136.345,ts-cancel,126.0,ts-inside-payment,118.9725,ts-preserve,91.61,ts-food-map,83.898,ts-contacts,48.18,ts-assurance,16.1967,ts-execute,14.99,ts-preserve-other,12.04,ts-consign,0.48,ts-delivery,0.15
11, -- ,ts-route,3541.9207,ts-order,2684.3525,ts-basic,1719.6713,ts-ticketinfo,1407.244,ts-seat,1313.6167,ts-travel,700.0012,ts-train,500.4441,ts-config,499.7457,ts-preserve,433.035,ts-admin-order,425.1242,ts-payment,232.26,ts-station,202.4329,ts-user,192.45,ts-notification,152.0,ts-food,99.36,ts-security,73.2136,ts-price,64.5733,ts-inside-payment,49.565,ts-execute,37.8,ts-auth,29.9967,ts-preserve-other,15.82,ts-ui,15.18,ts-contacts,10.559,ts-assurance,9.27,ts-food-map,5.62
12, -- ,ts-route,3542.0143,ts-order,2627.5921,ts-basic,1720.0073,ts-preserve,1479.025,ts-seat,1293.0392,ts-ticketinfo,1288.5,ts-travel,789.249,ts-train,495.956,ts-config,438.6548,ts-inside-payment,182.16,ts-admin-order,167.3634,ts-user,167.22,ts-notification,155.625,ts-station,141.5279,ts-payment,132.835,ts-security,94.6538,ts-food,78.11,ts-price,55.613,ts-auth,31.54,ts-contacts,26.309,ts-ui,15.18,ts-preserve-other,14.04,ts-execute,10.68,ts-food-map,4.4,ts-delivery,2.23,ts-assurance,0.75
13, -- ,ts-route,3816.3183,ts-order,3067.3311,ts-preserve,1463.125,ts-basic,1414.8235,ts-seat,1301.4919,ts-ticketinfo,1281.0,ts-travel,1142.3678,ts-train,517.2105,ts-config,489.1597,ts-notification,156.99,ts-station,151.1417,ts-user,150.3,ts-food,86.05,ts-security,55.6638,ts-price,40.6703,ts-admin-order,25.0,ts-execute,20.5825,ts-inside-payment,19.065,ts-consign,16.44,ts-payment,16.295,ts-preserve-other,12.04,ts-auth,9.4695,ts-contacts,7.89,ts-admin-basic-info,2.6437,ts-admin-user,2.34,ts-delivery,2.185,ts-food-map,2.18
14, -- ,ts-route,4959.0466,ts-order,3676.4284,ts-travel,3020.6482,ts-ticketinfo,1296.324,ts-basic,1286.004,ts-seat,750.6647,ts-config,444.3842,ts-train,407.2046,ts-payment,227.355,ts-food-map,219.38,ts-security,155.4364,ts-notification,152.0,ts-assurance,130.53,ts-station,123.2743,ts-food,85.2225,ts-cancel,52.1717,ts-preserve,29.32,ts-price,23.4093,ts-consign,16.59,ts-preserve-other,13.66,ts-auth,4.83,ts-inside-payment,2.3792,ts-admin-basic-info,1.6825,ts-user,1.56,ts-rebook,1.38,ts-delivery,1.11,ts-execute,0.97
15, -- ,ts-route,2887.9878,ts-order,2693.144,ts-travel,1622.704,ts-basic,980.7927,ts-ticketinfo,681.8467,ts-seat,466.7391,ts-config,460.292,ts-assurance,412.2595,ts-payment,401.31,ts-food-map,344.596,ts-train,313.2296,ts-notification,152.375,ts-food,95.48,ts-station,85.5089,ts-security,67.8617,ts-price,56.6633,ts-preserve,49.495,ts-user,26.94,ts-consign,25.62,ts-contacts,16.29,ts-preserve-other,12.04,ts-execute,9.84,ts-auth,6.45,ts-delivery,5.12,ts-inside-payment,2.0375,ts-verification-code,1.83,ts-admin-order,1.35,ts-cancel,0.12
16, -- ,ts-order,2728.3105,ts-route,1907.6678,ts-travel,1429.072,ts-seat,788.0677,ts-ticketinfo,702.3665,ts-config,466.1185,ts-basic,454.3263,ts-train,318.2314,ts-assurance,202.6933,ts-notification,156.765,ts-preserve,136.02,ts-station,120.0139,ts-payment,92.77,ts-price,78.6179,ts-food-map,67.34,ts-inside-payment,48.0173,ts-user,44.7867,ts-food,38.8,ts-security,35.9934,ts-admin-order,28.7181,ts-admin-travel,26.24,ts-execute,19.09,ts-contacts,13.26,ts-preserve-other,12.64,ts-admin-route,11.13
17, -- ,ts-order,2222.292,ts-route,1723.425,ts-travel,1405.7811,ts-seat,706.8235,ts-ticketinfo,581.7213,ts-basic,513.6613,ts-config,450.4262,ts-train,348.3376,ts-inside-payment,254.3517,ts-notification,195.255,ts-food,192.3633,ts-admin-order,151.8964,ts-station,123.4224,ts-payment,114.29,ts-preserve,109.03,ts-price,87.3771,ts-cancel,66.33,ts-execute,64.3975,ts-food-map,37.4585,ts-consign,37.41,ts-user,37.17,ts-security,32.2575,ts-preserve-other,30.97,ts-contacts,29.42,ts-assurance,26.67,ts-admin-basic-info,16.48,ts-verification-code,11.9,ts-auth,5.9137,ts-ticket-office,5.6657,ts-admin-travel,5.4687,ts-rebook,0.75,ts-delivery,0.65
18, -- ,ts-order,1814.189,ts-route,1736.6383,ts-travel,1547.8489,ts-ticketinfo,457.189,ts-seat,441.7818,ts-config,427.5965,ts-basic,414.3333,ts-train,337.52,ts-food,202.79,ts-notification,165.0,ts-price,152.3427,ts-station,78.8805,ts-contacts,63.775,ts-admin-order,58.8707,ts-inside-payment,47.0858,ts-auth,23.7,ts-payment,22.21,ts-rebook,18.6462,ts-security,15.9966,ts-execute,14.7825,ts-preserve-other,12.04,ts-admin-basic-info,6.9712,ts-consign,6.6,ts-verification-code,6.56,ts-preserve,5.28,ts-assurance,4.23,ts-user,3.15,ts-delivery,3.115,ts-admin-route,2.07,ts-food-map,1.066
19, -- ,ts-order,1747.739,ts-route,1412.2011,ts-travel,1180.6839,ts-ticketinfo,566.9024,ts-seat,448.8403,ts-config,434.1142,ts-basic,414.3333,ts-train,258.8125,ts-food,217.088,ts-inside-payment,169.5083,ts-notification,152.0,ts-price,99.363,ts-assurance,80.5667,ts-security,78.29,ts-station,77.289,ts-execute,41.0579,ts-user,27.0382,ts-auth,22.93,ts-payment,20.065,ts-consign,16.54,ts-preserve-other,16.36,ts-contacts,13.5,ts-food-map,9.2114,ts-ui,6.09,ts-verification-code,5.13,ts-delivery,3.705,ts-preserve,3.69,ts-rebook,3.135,ts-ticket-office,1.5857
20, -- ,ts-order,1640.4879,ts-ticketinfo,1595.416,ts-route,1271.0446,ts-travel,576.4087,ts-seat,439.015,ts-config,436.7502,ts-basic,414.3333,ts-train,235.9099,ts-food-map,155.541,ts-notification,154.53,ts-inside-payment,106.725,ts-food,101.948,ts-payment,84.56,ts-security,75.1934,ts-station,72.1167,ts-price,26.9553,ts-auth,23.6917,ts-preserve-other,12.04,ts-user,10.5482,ts-execute,9.9575,ts-ui,6.09,ts-admin-route,4.56,ts-cancel,3.66,ts-assurance,3.5143,ts-preserve,0.395,ts-admin-order,0.124
21, -- ,ts-assurance,1979.7367,ts-order,1355.3779,ts-ticketinfo,1321.2017,ts-route,982.706,ts-price,655.0733,ts-travel,599.0446,ts-seat,493.4822,ts-config,414.7783,ts-basic,414.3608,ts-train,248.3771,ts-security,181.3292,ts-notification,164.61,ts-auth,89.05,ts-food-map,83.37,ts-station,76.3668,ts-food,73.1,ts-payment,50.72,ts-admin-order,28.5488,ts-user,24.9,ts-preserve-other,20.68,ts-cancel,17.88,ts-verification-code,16.53,ts-inside-payment,6.855,ts-execute,4.78,ts-consign,3.8314,ts-preserve,1.695,ts-contacts,1.144
22, -- ,ts-assurance,1295.17,ts-ticketinfo,1287.752,ts-route,1001.96,ts-order,973.0795,ts-inside-payment,744.4333,ts-travel,502.4715,ts-seat,465.1847,ts-basic,415.0913,ts-config,414.3333,ts-price,411.295,ts-admin-order,232.0113,ts-train,224.2822,ts-food,169.19,ts-notification,152.595,ts-auth,119.4461,ts-station,97.6002,ts-execute,29.9758,ts-security,24.13,ts-preserve,20.5017,ts-verification-code,13.08,ts-payment,12.255,ts-preserve-other,12.04,ts-food-map,7.7,ts-ticket-office,6.1286,ts-admin-basic-info,6.06,ts-user,1.83,ts-delivery,1.6
23, -- ,ts-inside-payment,2425.9842,ts-route,1361.5716,ts-ticketinfo,1295.848,ts-order,843.2043,ts-travel,572.0748,ts-seat,451.9647,ts-config,421.1679,ts-train,258.9349,ts-notification,169.13,ts-basic,126.0,ts-security,82.2539,ts-station,82.1551,ts-assurance,65.37,ts-execute,52.6658,ts-user,47.6167,ts-auth,27.7952,ts-cancel,21.84,ts-payment,20.575,ts-food,18.89,ts-preserve-other,12.04,ts-admin-order,10.646,ts-verification-code,10.59,ts-price,7.32,ts-ticket-office,7.14,ts-consign,6.7457,ts-preserve,4.165,ts-delivery,0.43
24, -- ,ts-inside-payment,2510.31,ts-ticketinfo,1307.8583,ts-route,1182.3025,ts-order,831.0667,ts-travel,770.2382,ts-seat,460.702,ts-config,424.1421,ts-train,209.284,ts-basic,193.9172,ts-notification,153.21,ts-station,105.7172,ts-security,77.0423,ts-preserve,57.18,ts-food,46.82,ts-payment,42.475,ts-auth,20.265,ts-execute,20.1175,ts-cancel,19.41,ts-preserve-other,12.7,ts-user,11.15,ts-admin-order,9.5959,ts-assurance,8.49,ts-contacts,4.47,ts-price,2.58,ts-admin-travel,2.19,ts-admin-route,1.01,ts-verification-code,0.99,ts-food-map,0.29
25, -- ,ts-inside-payment,970.705,ts-route,936.3426,ts-order,843.5127,ts-ticketinfo,673.6667,ts-basic,607.0017,ts-travel,532.0621,ts-seat,430.6903,ts-config,414.3333,ts-notification,160.275,ts-train,128.7262,ts-food,79.56,ts-station,78.3378,ts-user,66.27,ts-food-map,37.4,ts-preserve,36.3175,ts-payment,21.075,ts-security,20.6909,ts-price,16.988,ts-contacts,15.66,ts-execute,14.97,ts-preserve-other,12.04,ts-consign,3.2057,ts-admin-order,2.358,ts-verification-code,1.32,ts-auth,0.14
26, -- ,ts-inside-payment,872.44,ts-route,869.2033,ts-order,547.2208,ts-basic,494.2555,ts-travel,454.1126,ts-seat,425.7931,ts-config,415.7302,ts-ticketinfo,414.3333,ts-food,378.64,ts-notification,156.295,ts-train,90.3928,ts-station,67.6667,ts-price,63.0821,ts-security,26.5,ts-consign,16.8,ts-preserve-other,12.04,ts-payment,9.435,ts-food-map,8.72,ts-contacts,5.88,ts-assurance,5.7729,ts-user,3.84,ts-execute,0.52,ts-preserve,0.495,ts-admin-order,0.45,ts-ticket-office,0.1286
27, -- ,ts-inside-payment,816.7157,ts-order,805.2019,ts-route,567.1725,ts-basic,484.3546,ts-travel,481.4961,ts-config,419.9633,ts-seat,416.6933,ts-ticketinfo,414.3333,ts-food,283.02,ts-notification,153.41,ts-train,109.2282,ts-station,86.6905,ts-user,68.73,ts-price,41.9681,ts-consign,40.458,ts-security,22.7748,ts-preserve-other,18.94,ts-food-map,12.4494,ts-admin-order,9.8336,ts-preserve,8.5837,ts-rebook,2.19,ts-execute,2.1475,ts-payment,1.57,ts-cancel,1.17,ts-verification-code,0.54,ts-ticket-office,0.1971,ts-delivery,0.18
28, -- ,ts-inside-payment,1075.17,ts-order,624.2823,ts-travel,528.8283,ts-route,494.2816,ts-seat,425.1951,ts-config,421.6328,ts-basic,416.7603,ts-ticketinfo,414.3333,ts-user,339.46,ts-security,325.229,ts-notification,158.045,ts-station,150.0611,ts-train,106.5686,ts-price,90.7083,ts-payment,58.0925,ts-contacts,47.88,ts-admin-order,47.4718,ts-execute,29.28,ts-food-map,26.3908,ts-preserve-other,13.72,ts-preserve,10.29,ts-food,9.04,ts-cancel,8.67,ts-auth,3.7267,ts-admin-basic-info,1.05,ts-admin-travel,0.93
29, -- ,ts-inside-payment,546.605,ts-user,525.8367,ts-basic,439.3513,ts-travel,372.0261,ts-ticketinfo,363.3029,ts-route,362.4083,ts-order,342.2739,ts-seat,336.389,ts-config,299.72,ts-notification,159.595,ts-train,121.301,ts-security,110.4019,ts-station,90.3052,ts-price,31.3744,ts-assurance,23.5133,ts-preserve-other,18.43,ts-food,17.1733,ts-payment,13.415,ts-contacts,12.66,ts-execute,9.5358,ts-food-map,8.4125,ts-ticket-office,6.8486,ts-verification-code,6.33,ts-consign,5.22,ts-preserve,4.9733,ts-auth,1.0767,ts-admin-route,0.99,ts-admin-order,0.8057
30, -- ,ts-travel,3218.4188,ts-train,1449.4958,ts-config,1381.6554,ts-station,893.635,ts-seat,675.4921,ts-route,570.3808,ts-ticketinfo,529.6198,ts-basic,436.057,ts-inside-payment,316.0,ts-security,236.3397,ts-notification,163.779,ts-order,149.7907,ts-food-map,130.0,ts-user,125.0233,ts-consign,25.6,ts-preserve-other,14.23,ts-execute,8.4512,ts-admin-order,4.0992,ts-price,3.846,ts-delivery,1.244,ts-auth,0.7197,ts-payment,0.4
31, -- ,ts-travel,1578.9186,ts-config,1209.4597,ts-route,718.9859,ts-user,705.41,ts-ticketinfo,701.6134,ts-train,695.5022,ts-station,623.3449,ts-seat,578.1056,ts-basic,464.8113,ts-food,239.7891,ts-inside-payment,221.1675,ts-notification,162.475,ts-execute,104.137,ts-security,97.4808,ts-order,55.6875,ts-payment,55.62,ts-food-map,46.048,ts-preserve,22.485,ts-assurance,21.12,ts-preserve-other,14.86,ts-consign,11.8671,ts-auth,9.2467,ts-admin-order,4.7497,ts-price,1.556,ts-delivery,1.324,ts-contacts,1.17
32, -- ,ts-config,591.0405,ts-ticketinfo,582.6153,ts-route,574.7474,ts-travel,547.8568,ts-seat,461.1024,ts-basic,418.0533,ts-user,318.76,ts-order,288.6039,ts-train,204.2623,ts-station,189.9449,ts-inside-payment,163.865,ts-notification,156.68,ts-admin-order,85.9172,ts-price,64.8817,ts-food,49.36,ts-food-map,47.7605,ts-payment,29.105,ts-security,21.4871,ts-assurance,17.76,ts-preserve-other,16.57,ts-auth,15.6467,ts-verification-code,11.91,ts-preserve,11.42,ts-execute,9.445,ts-ticket-office,7.5,ts-contacts,4.82,ts-consign,0.81
33, -- ,ts-travel,818.8685,ts-order,626.9883,ts-food-map,552.8354,ts-config,440.6665,ts-seat,433.0752,ts-basic,416.8793,ts-route,414.6678,ts-ticketinfo,414.3333,ts-inside-payment,170.6425,ts-notification,154.7886,ts-security,148.9691,ts-station,140.5509,ts-train,138.7721,ts-execute,91.82,ts-price,91.735,ts-food,55.24,ts-admin-order,45.9321,ts-auth,45.019,ts-user,27.87,ts-payment,27.315,ts-admin-user,27.0,ts-preserve-other,13.72,ts-verification-code,9.09,ts-ticket-office,4.6886,ts-admin-basic-info,3.78,ts-delivery,3.64,ts-preserve,3.135,ts-contacts,2.33,ts-assurance,2.01
34, -- ,ts-food-map,1326.2567,ts-order,741.1335,ts-route,488.7514,ts-config,480.1133,ts-travel,454.7532,ts-preserve,450.24,ts-seat,420.317,ts-basic,420.1193,ts-ticketinfo,414.7373,ts-security,242.6639,ts-notification,166.565,ts-admin-order,128.6854,ts-contacts,98.08,ts-price,94.2894,ts-inside-payment,89.4424,ts-food,64.5,ts-payment,62.545,ts-train,51.9385,ts-user,19.47,ts-assurance,16.89,ts-preserve-other,12.04,ts-consign,7.7229,ts-station,7.5827,ts-execute,3.59,ts-admin-route,0.01
35, -- ,ts-order,1019.6548,ts-travel,948.7498,ts-basic,535.2985,ts-route,493.8227,ts-config,474.101,ts-seat,423.0812,ts-ticketinfo,418.6725,ts-preserve,404.08,ts-food-map,261.0625,ts-payment,229.875,ts-station,187.0587,ts-train,181.8479,ts-notification,171.33,ts-security,47.786,ts-contacts,44.55,ts-food,26.15,ts-preserve-other,21.4,ts-execute,20.7958,ts-price,17.58,ts-inside-payment,10.035,ts-admin-user,9.645,ts-auth,8.1048,ts-ticket-office,6.7714,ts-user,5.97,ts-consign,4.5686,ts-admin-order,2.304,ts-verification-code,0.87,ts-delivery,0.325
36, -- ,ts-order,1132.8049,ts-travel,1065.7431,ts-payment,682.43,ts-config,472.4404,ts-route,435.0455,ts-seat,420.9357,ts-basic,415.4582,ts-ticketinfo,414.8953,ts-notification,152.0,ts-food-map,147.35,ts-train,98.1428,ts-preserve,67.895,ts-user,64.27,ts-price,27.4633,ts-admin-order,22.2201,ts-station,16.4781,ts-preserve-other,12.04,ts-admin-user,11.5007,ts-ticket-office,9.1029,ts-food,8.92,ts-contacts,8.13,ts-security,7.385,ts-execute,6.615,ts-assurance,3.6429,ts-verification-code,2.25,ts-admin-travel,1.32,ts-inside-payment,0.655,ts-admin-route,0.57,ts-consign,0.0686
37, -- ,ts-order,1457.107,ts-travel,1389.8116,ts-seat,544.4244,ts-payment,512.545,ts-basic,435.262,ts-route,420.81,ts-ticketinfo,414.3333,ts-config,414.3333,ts-security,166.2335,ts-food-map,155.2486,ts-notification,153.9779,ts-train,143.6418,ts-food,121.0033,ts-preserve,58.195,ts-assurance,32.19,ts-price,31.9723,ts-user,31.4367,ts-admin-order,20.1075,ts-preserve-other,13.09,ts-inside-payment,12.1533,ts-rebook,6.69,ts-ticket-office,4.5429,ts-station,3.0969,ts-auth,2.4033,ts-consign,0.72,ts-contacts,0.23,ts-delivery,0.14
38, -- ,ts-order,1486.51,ts-travel,910.1921,ts-config,438.173,ts-seat,422.4603,ts-basic,416.9249,ts-ticketinfo,414.3333,ts-route,414.3333,ts-notification,160.99,ts-food-map,155.057,ts-auth,143.5,ts-food,143.1917,ts-security,141.6316,ts-train,120.3074,ts-inside-payment,63.7325,ts-admin-order,52.9289,ts-execute,43.7766,ts-station,42.6257,ts-preserve-other,23.65,ts-user,20.97,ts-payment,15.395,ts-verification-code,12.38,ts-admin-route,8.91,ts-consign,8.79,ts-preserve,7.72,ts-price,6.522,ts-contacts,5.97,ts-admin-basic-info,3.785,ts-admin-travel,3.4312,ts-news,1.167,ts-ticket-office,0.3857,ts-delivery,0.02
39, -- ,ts-order,1351.9764,ts-travel,1087.3744,ts-config,592.9488,ts-route,435.9717,ts-seat,431.5504,ts-basic,416.5433,ts-ticketinfo,414.7605,ts-food,339.8933,ts-notification,155.0607,ts-train,94.0932,ts-station,84.3493,ts-food-map,79.3881,ts-assurance,72.78,ts-user,62.0767,ts-contacts,39.66,ts-inside-payment,39.6525,ts-security,33.395,ts-consign,24.918,ts-execute,22.14,ts-payment,20.38,ts-price,17.462,ts-auth,12.055,ts-preserve-other,12.04,ts-preserve,8.767,ts-rebook,8.55,ts-admin-order,8.516,ts-delivery,5.405,ts-admin-basic-info,2.4037,ts-verification-code,1.31,ts-news,1.167,ts-cancel,0.795,ts-admin-route,0.62,ts-ticket-office,0.54,ts-admin-travel,0.5212
40, -- ,ts-order,1335.8345,ts-travel,1106.9821,ts-config,529.1994,ts-ticketinfo,422.0598,ts-seat,418.6928,ts-basic,415.193,ts-route,291.9978,ts-price,181.5837,ts-notification,154.78,ts-train,136.33,ts-user,107.43,ts-food,102.7033,ts-station,76.5703,ts-payment,44.065,ts-contacts,23.67,ts-execute,22.4658,ts-security,22.2847,ts-cancel,21.03,ts-verification-code,18.24,ts-preserve-other,15.07,ts-assurance,12.9,ts-food-map,11.3966,ts-delivery,7.555,ts-admin-travel,3.75,ts-preserve,3.725,ts-consign,1.5,ts-inside-payment,0.2625
41, -- ,ts-order,1863.855,ts-ticketinfo,684.5789,ts-travel,631.1561,ts-price,608.4833,ts-config,500.8099,ts-seat,486.1621,ts-basic,448.6075,ts-route,378.656,ts-notification,155.02,ts-train,116.9513,ts-station,75.678,ts-food,69.14,ts-consign,50.298,ts-security,38.9983,ts-execute,29.3,ts-contacts,23.58,ts-user,21.36,ts-assurance,18.99,ts-inside-payment,15.875,ts-preserve-other,12.04,ts-payment,10.14,ts-preserve,7.73,ts-food-map,2.5914,ts-delivery,0.46,ts-auth,0.012
42, -- ,ts-order,1824.9084,ts-travel,653.3494,ts-seat,507.2819,ts-config,484.6666,ts-ticketinfo,461.5613,ts-basic,414.3333,ts-price,343.0101,ts-payment,207.205,ts-notification,159.0064,ts-route,152.5993,ts-user,70.1867,ts-security,52.5887,ts-food,48.3883,ts-train,47.5392,ts-inside-payment,42.5767,ts-station,39.0215,ts-admin-order,22.2724,ts-auth,14.8144,ts-preserve-other,13.75,ts-contacts,12.81,ts-food-map,7.1906,ts-rebook,5.67,ts-consign,3.9,ts-ticket-office,2.9229,ts-admin-route,0.96,ts-preserve,0.635
43, -- ,ts-order,1571.0102,ts-travel,572.2367,ts-ticketinfo,459.3393,ts-config,423.9285,ts-seat,422.3455,ts-basic,415.2033,ts-inside-payment,293.1592,ts-notification,152.735,ts-train,95.1847,ts-admin-order,89.5624,ts-food,88.9951,ts-route,84.5518,ts-security,41.7719,ts-user,36.03,ts-payment,28.1,ts-preserve-other,18.94,ts-assurance,18.48,ts-execute,10.0467,ts-price,7.0532,ts-contacts,3.39,ts-food-map,3.146,ts-auth,2.9345,ts-preserve,2.4533,ts-station,2.4492,ts-delivery,2.16,ts-ticket-office,0.0514
44, -- ,ts-order,876.0379,ts-travel,625.939,ts-seat,591.5344,ts-config,445.1514,ts-basic,416.7673,ts-ticketinfo,414.3333,ts-train,156.8823,ts-notification,155.27,ts-contacts,56.49,ts-security,43.7394,ts-food,41.332,ts-user,36.72,ts-price,35.0443,ts-food-map,33.837,ts-route,32.52,ts-station,31.2159,ts-inside-payment,27.5475,ts-preserve-other,19.33,ts-verification-code,15.15,ts-assurance,12.7433,ts-consign,8.98,ts-admin-travel,8.16,ts-admin-route,7.53,ts-cancel,6.23,ts-payment,4.43,ts-admin-basic-info,1.83,ts-admin-order,1.6714,ts-preserve,1.49
45, -- ,ts-order,863.9574,ts-travel,474.678,ts-seat,438.0335,ts-basic,418.4433,ts-config,414.7783,ts-ticketinfo,414.3333,ts-food,300.1031,ts-notification,181.3714,ts-admin-order,82.8294,ts-food-map,72.658,ts-user,60.48,ts-inside-payment,54.1291,ts-security,50.5008,ts-train,37.0339,ts-price,34.1457,ts-cancel,33.3027,ts-consign,20.22,ts-preserve-other,20.02,ts-admin-travel,19.26,ts-station,18.7517,ts-assurance,14.1019,ts-admin-route,9.54,ts-verification-code,8.73,ts-admin-user,8.64,ts-auth,7.926,ts-admin-basic-info,5.7,ts-route,3.7258,ts-execute,2.3333,ts-rebook,1.26,ts-payment,0.98,ts-preserve,0.885,ts-contacts,0.57
46, -- ,ts-order,868.191,ts-seat,445.4919,ts-basic,420.2313,ts-ticketinfo,414.3333,ts-config,414.3333,ts-travel,406.5005,ts-notification,157.615,ts-route,130.8952,ts-assurance,123.4167,ts-food,54.7032,ts-food-map,49.7467,ts-security,36.3898,ts-payment,34.345,ts-user,32.77,ts-consign,31.32,ts-train,28.8219,ts-preserve-other,27.92,ts-verification-code,12.48,ts-rebook,10.29,ts-contacts,8.85,ts-admin-order,5.138,ts-cancel,4.71,ts-delivery,3.99,ts-admin-travel,3.255,ts-inside-payment,2.935,ts-admin-route,2.05,ts-preserve,1.755,ts-station,0.6411
47, -- ,ts-config,589.6359,ts-route,561.7833,ts-order,546.8323,ts-travel,288.0779,ts-notification,207.05,ts-seat,155.7262,ts-ticketinfo,126.0925,ts-basic,126.0,ts-security,93.5158,ts-execute,50.3041,ts-train,42.8563,ts-auth,25.3692,ts-food,25.2983,ts-assurance,17.8933,ts-price,14.8428,ts-preserve-other,12.08,ts-station,10.9137,ts-consign,8.6657,ts-delivery,5.46,ts-food-map,2.746,ts-admin-order,2.19,ts-inside-payment,0.4342
48, -- ,ts-order,422.9833,ts-config,415.2867,ts-route,231.1616,ts-security,162.0434,ts-notification,152.7457,ts-travel,99.4313,ts-train,79.5838,ts-station,36.5729,ts-preserve,28.9325,ts-inside-payment,21.4475,ts-preserve-other,20.69,ts-price,18.548,ts-auth,18.2373,ts-seat,17.5985,ts-food,16.705,ts-execute,14.0982,ts-food-map,11.3085,ts-ticket-office,6.9943,ts-admin-order,5.9475,ts-consign,5.16,ts-basic,4.2561,ts-verification-code,2.37,ts-delivery,1.52,ts-payment,0.11
49, -- ,ts-config,425.6214,ts-order,417.1769,ts-travel,268.6257,ts-route,201.8508,ts-notification,173.8233,ts-food,120.5166,ts-security,117.6578,ts-food-map,117.4385,ts-seat,112.2616,ts-delivery,92.13,ts-ticket-office,53.26,ts-price,45.342,ts-train,32.0335,ts-station,29.4254,ts-user,28.0917,ts-basic,13.7614,ts-inside-payment,12.38,ts-preserve-other,12.08,ts-preserve,6.775,ts-assurance,5.2457,ts-cancel,4.11,ts-consign,3.9686,ts-execute,3.28,ts-auth,2.9345
50, -- ,ts-ticketinfo,513.896,ts-config,415.0717,ts-notification,154.01,ts-order,133.6,ts-security,75.0118,ts-ticket-office,53.83,ts-seat,52.9169,ts-delivery,51.715,ts-travel,48.4887,ts-price,44.6917,ts-food,40.29,ts-inside-payment,30.3632,ts-food-map,28.0784,ts-route,21.38,ts-auth,18.8833,ts-train,13.7606,ts-preserve-other,12.08,ts-basic,11.0135,ts-user,10.65,ts-execute,10.5,ts-station,9.2278,ts-payment,7.34,ts-verification-code,7.29,ts-assurance,4.32,ts-preserve,3.245,ts-admin-order,2.7289,ts-consign,1.7333,ts-contacts,0.72
51, -- ,ts-ticketinfo,509.45,ts-config,414.3333,ts-notification,163.455,ts-payment,115.865,ts-travel,106.6393,ts-order,96.2524,ts-train,64.828,ts-user,51.81,ts-food-map,48.1116,ts-auth,33.9368,ts-cancel,28.5033,ts-station,27.8557,ts-basic,23.2892,ts-food,14.4633,ts-security,14.385,ts-preserve-other,12.08,ts-execute,10.4325,ts-inside-payment,8.9773,ts-seat,8.0533,ts-admin-user,5.55,ts-delivery,4.73,ts-consign,3.7305,ts-admin-order,2.4739,ts-ticket-office,1.0714,ts-preserve,0.76,ts-assurance,0.5133,ts-contacts,0.51,ts-verification-code,0.42,ts-route,0.14
52, -- ,ts-config,444.0983,ts-travel,195.361,ts-security,175.6512,ts-notification,168.34,ts-route,78.0473,ts-train,74.4756,ts-food,59.38,ts-seat,50.763,ts-contacts,40.2,ts-user,26.85,ts-price,14.9963,ts-basic,13.7946,ts-consign,13.29,ts-execute,12.8442,ts-preserve-other,12.08,ts-payment,9.25,ts-order,5.28,ts-ticketinfo,3.7868,ts-preserve,3.1533,ts-food-map,2.2371,ts-station,1.075,ts-inside-payment,0.1475,ts-auth,0.0025
53, -- ,ts-config,415.8883,ts-notification,153.75,ts-admin-order,71.3271,ts-cancel,51.1829,ts-travel,43.9004,ts-food,32.4,ts-route,30.4833,ts-assurance,18.0,ts-seat,17.0178,ts-order,13.17,ts-preserve-other,12.08,ts-user,9.81,ts-security,9.0,ts-basic,5.2652,ts-price,4.095,ts-execute,4.005,ts-inside-payment,3.8692,ts-consign,1.5,ts-contacts,1.12,ts-verification-code,0.96,ts-train,0.91,ts-station,0.8333,ts-auth,0.3533
54, -- ,ts-config,414.3333,ts-notification,166.3814,ts-seat,40.9438,ts-station,32.6258,ts-train,27.0309,ts-consign,25.3728,ts-travel,22.0283,ts-auth,17.8533,ts-preserve-other,12.08,ts-assurance,8.52,ts-ticket-office,7.5343,ts-inside-payment,6.725,ts-ticketinfo,6.434,ts-security,4.8433,ts-route,3.8967,ts-basic,2.74,ts-food-map,1.6345,ts-food,0.66,ts-admin-order,0.396,ts-cancel,0.34,ts-payment,0.16,ts-contacts,0.01
55, -- ,ts-config,416.1533,ts-notification,153.81,ts-consign,139.1,ts-seat,76.232,ts-route,75.2193,ts-price,59.6773,ts-travel,46.6434,ts-payment,35.635,ts-order,33.0271,ts-food,29.36,ts-train,18.8206,ts-preserve,18.6,ts-auth,13.66,ts-preserve-other,12.08,ts-execute,11.7533,ts-station,9.4446,ts-inside-payment,8.915,ts-food-map,8.3886,ts-ticketinfo,5.482,ts-verification-code,4.68,ts-user,3.99,ts-assurance,2.3486,ts-delivery,2.054,ts-basic,1.874
56, -- ,ts-config,433.7134,ts-route,231.224,ts-travel,180.7202,ts-seat,155.8306,ts-notification,153.465,ts-train,91.1049,ts-auth,48.7972,ts-order,46.8664,ts-price,43.8443,ts-preserve,32.94,ts-basic,31.8599,ts-station,25.7656,ts-payment,24.865,ts-consign,17.5757,ts-cancel,16.62,ts-preserve-other,14.21,ts-food,12.6333,ts-food-map,9.965,ts-security,9.7831,ts-ticket-office,5.1771,ts-inside-payment,1.905,ts-delivery,1.794,ts-ticketinfo,1.371,ts-execute,1.195
57, -- ,ts-config,419.3899,ts-notification,152.935,ts-route,127.545,ts-travel,117.2574,ts-preserve,58.4,ts-train,43.1717,ts-consign,41.04,ts-price,34.646,ts-auth,27.9242,ts-food,25.63,ts-preserve-other,22.01,ts-user,21.89,ts-basic,14.572,ts-seat,14.4689,ts-station,14.1719,ts-execute,6.7192,ts-order,6.25,ts-inside-payment,4.58,ts-admin-order,4.0371,ts-security,3.675,ts-verification-code,3.12,ts-food-map,2.82,ts-delivery,2.285
58, -- ,ts-food,1345.2263,ts-config,421.8648,ts-security,309.2668,ts-notification,191.0452,ts-travel,130.8506,ts-seat,84.4466,ts-train,72.2742,ts-order,57.7436,ts-route,49.1467,ts-food-map,39.2845,ts-user,27.39,ts-basic,22.8694,ts-price,20.2367,ts-admin-order,14.5912,ts-preserve-other,13.16,ts-payment,11.445,ts-inside-payment,9.6442,ts-contacts,8.04,ts-preserve,7.5333,ts-execute,5.5567,ts-ticketinfo,5.006,ts-delivery,1.13,ts-station,0.9941,ts-consign,0.96,ts-admin-travel,0.27
59, -- ,ts-config,415.2004,ts-ticket-office,410.36,ts-travel,301.8619,ts-notification,158.9083,ts-contacts,83.91,ts-food,61.7866,ts-price,61.622,ts-route,54.9933,ts-user,39.0933,ts-security,26.8266,ts-payment,23.935,ts-train,16.8652,ts-food-map,12.8905,ts-seat,12.2661,ts-preserve-other,12.08,ts-preserve,6.9267,ts-ticketinfo,5.541,ts-basic,5.3938,ts-consign,4.65,ts-news,2.89,ts-station,1.2287,ts-execute,0.23
60, -- ,ts-ticket-office,415.8364,ts-config,414.3333,ts-seat,245.4744,ts-assurance,241.0367,ts-notification,166.06,ts-route,143.3516,ts-contacts,93.77,ts-travel,82.5748,ts-basic,55.1185,ts-price,48.711,ts-preserve,45.815,ts-food,20.0467,ts-preserve-other,16.855,ts-user,12.27,ts-inside-payment,12.15,ts-consign,11.67,ts-train,9.4048,ts-station,9.3227,ts-security,6.4658,ts-verification-code,4.02,ts-cancel,2.97,ts-food-map,2.904,ts-execute,1.685,ts-ticketinfo,0.6325,ts-payment,0.595
61, -- ,ts-train,1037.6634,ts-config,414.3333,ts-notification,175.4107,ts-user,93.5333,ts-food,57.18,ts-inside-payment,50.7717,ts-cancel,45.756,ts-route,39.86,ts-order,36.21,ts-travel,31.8302,ts-food-map,29.9888,ts-assurance,24.93,ts-admin-order,23.5329,ts-preserve-other,17.9862,ts-security,15.6124,ts-station,8.4112,ts-payment,7.265,ts-basic,4.8562,ts-admin-basic-info,4.5,ts-ticket-office,2.8457,ts-seat,2.4071,ts-verification-code,1.44,ts-contacts,1.38,ts-admin-user,1.375,ts-execute,1.0825,ts-preserve,1.07,ts-delivery,0.29
62, -- ,ts-train,6040.1072,ts-config,430.4533,ts-notification,176.9,ts-user,174.61,ts-travel,79.8939,ts-route,38.7667,ts-contacts,37.32,ts-food,26.7233,ts-food-map,21.0345,ts-seat,18.2542,ts-station,13.4925,ts-preserve-other,12.08,ts-payment,10.185,ts-preserve,5.79,ts-basic,4.9523,ts-assurance,4.53,ts-security,2.02,ts-ticket-office,1.8343,ts-inside-payment,1.7675,ts-execute,0.99,ts-ticketinfo,0.9819,ts-delivery,0.88,ts-admin-route,0.62,ts-auth,0.16,ts-price,0.1083
63, -- ,ts-train,4204.8488,ts-config,422.7836,ts-cancel,168.88,ts-notification,153.8171,ts-contacts,151.49,ts-travel,119.8677,ts-route,74.3717,ts-food-map,72.6835,ts-station,30.9171,ts-payment,28.475,ts-preserve-other,17.67,ts-verification-code,6.72,ts-food,6.2233,ts-ticketinfo,5.8,ts-execute,4.9175,ts-security,4.8081,ts-seat,4.4244,ts-inside-payment,4.105,ts-basic,2.0812,ts-user,1.84,ts-price,1.5583,ts-consign,1.2171,ts-admin-basic-info,0.09
64, -- ,ts-train,3778.7418,ts-config,440.9281,ts-notification,165.4833,ts-travel,138.7161,ts-security,59.0572,ts-price,43.72,ts-preserve,31.535,ts-basic,29.782,ts-seat,19.1319,ts-payment,18.27,ts-food,16.38,ts-route,15.9833,ts-preserve-other,12.08,ts-ticketinfo,10.261,ts-station,9.8262,ts-user,9.69,ts-cancel,5.47,ts-consign,4.53,ts-execute,2.12,ts-contacts,0.68,ts-food-map,0.6625,ts-ticket-office,0.66
65, -- ,ts-train,4312.3004,ts-config,414.9852,ts-security,280.2356,ts-notification,152.0,ts-food,130.9531,ts-food-map,61.2558,ts-seat,44.4434,ts-route,41.8692,ts-price,33.985,ts-order,33.0,ts-travel,27.0435,ts-contacts,21.99,ts-basic,21.6102,ts-execute,13.915,ts-preserve-other,12.08,ts-consign,10.6086,ts-admin-order,9.1029,ts-user,6.33,ts-ticket-office,4.3543,ts-payment,4.225,ts-delivery,1.65,ts-station,0.424
66, -- ,ts-train,3608.0734,ts-config,414.3333,ts-admin-order,257.22,ts-notification,158.4964,ts-order,114.3314,ts-inside-payment,79.2067,ts-seat,44.8593,ts-security,43.1079,ts-travel,36.7415,ts-food,31.3433,ts-payment,31.215,ts-preserve,31.19,ts-auth,21.3193,ts-food-map,19.389,ts-preserve-other,14.33,ts-cancel,9.48,ts-station,6.8883,ts-basic,6.7148,ts-admin-travel,5.15,ts-execute,4.7975,ts-route,4.3838,ts-price,3.55,ts-contacts,1.79,ts-consign,0.1286,ts-admin-route,0.06
67, -- ,ts-train,5159.3793,ts-config,414.7783,ts-travel,237.2836,ts-notification,152.0,ts-order,42.2119,ts-preserve,25.29,ts-security,24.9902,ts-station,24.3514,ts-inside-payment,20.48,ts-seat,18.1066,ts-assurance,17.64,ts-auth,16.45,ts-food,13.745,ts-consign,12.6571,ts-preserve-other,12.08,ts-execute,10.8133,ts-contacts,8.82,ts-user,5.43,ts-verification-code,2.61,ts-delivery,2.07,ts-admin-order,1.378,ts-basic,0.4029,ts-admin-travel,0.26,ts-food-map,0.126
68, -- ,ts-train,5372.7236,ts-config,414.5852,ts-travel,213.2453,ts-notification,154.1,ts-seat,108.5589,ts-route,40.68,ts-user,40.68,ts-basic,39.398,ts-security,36.5528,ts-food,32.12,ts-price,24.89,ts-auth,15.7414,ts-station,15.1137,ts-preserve-other,12.08,ts-food-map,9.6657,ts-ticketinfo,1.99,ts-inside-payment,1.3975,ts-preserve,0.63,ts-verification-code,0.54,ts-payment,0.285
69, -- ,ts-train,5373.8083,ts-config,421.5344,ts-notification,163.3883,ts-food,142.4398,ts-travel,75.851,ts-user,72.9467,ts-seat,69.8514,ts-route,46.6507,ts-price,38.515,ts-security,21.5898,ts-preserve-other,21.14,ts-station,17.3936,ts-admin-order,7.4625,ts-basic,7.2153,ts-contacts,6.66,ts-payment,5.695,ts-ticketinfo,5.324,ts-admin-travel,3.81,ts-order,3.5967,ts-inside-payment,3.2527,ts-execute,3.05
70, -- ,ts-train,4879.7562,ts-config,418.775,ts-notification,153.07,ts-travel,126.341,ts-route,84.8833,ts-seat,59.819,ts-food-map,55.3355,ts-price,40.7433,ts-security,32.3516,ts-food,26.9633,ts-preserve-other,16.44,ts-admin-order,10.4764,ts-user,6.9,ts-admin-route,5.4,ts-inside-payment,5.16,ts-basic,4.9439,ts-order,3.7133,ts-payment,3.57,ts-preserve,3.33,ts-execute,2.94,ts-ticket-office,1.3886,ts-station,1.3375
71, -- ,ts-train,4907.4363,ts-config,416.42,ts-notification,152.23,ts-travel,148.5037,ts-station,82.3293,ts-seat,79.2369,ts-route,41.5733,ts-preserve,36.0225,ts-order,22.7379,ts-preserve-other,20.93,ts-security,19.618,ts-price,16.944,ts-inside-payment,16.7778,ts-consign,15.0086,ts-food-map,14.159,ts-basic,10.953,ts-food,10.1082,ts-admin-order,10.035,ts-user,9.9367,ts-contacts,7.29,ts-verification-code,1.02
72, -- ,ts-train,5351.4529,ts-config,447.641,ts-price,265.3207,ts-travel,205.4623,ts-notification,154.3014,ts-food,128.4232,ts-contacts,77.96,ts-preserve,39.595,ts-security,37.2123,ts-seat,36.3836,ts-admin-user,18.09,ts-basic,17.7506,ts-auth,16.605,ts-execute,14.9333,ts-station,12.6948,ts-preserve-other,12.08,ts-inside-payment,11.545,ts-food-map,6.4286,ts-admin-travel,2.61,ts-rebook,0.76,ts-payment,0.37
73, -- ,ts-train,5545.131,ts-assurance,1543.2967,ts-price,751.699,ts-config,422.4079,ts-notification,154.65,ts-seat,106.2058,ts-route,79.465,ts-travel,67.668,ts-security,45.933,ts-basic,40.7585,ts-user,34.44,ts-preserve,28.05,ts-food,15.455,ts-contacts,12.98,ts-payment,12.73,ts-preserve-other,12.08,ts-inside-payment,8.7275,ts-station,7.6543,ts-consign,6.87,ts-food-map,5.0845,ts-order,3.9043,ts-execute,3.23,ts-admin-basic-info,1.41,ts-ticketinfo,1.196,ts-verification-code,0.78,ts-auth,0.6367,ts-admin-route,0.62
74, -- ,ts-train,5484.3988,ts-price,1397.562,ts-assurance,1103.3967,ts-config,415.9768,ts-travel,188.5502,ts-notification,152.0,ts-inside-payment,128.3492,ts-food,72.6583,ts-contacts,56.88,ts-food-map,41.883,ts-basic,23.0776,ts-route,21.38,ts-ticket-office,20.5629,ts-user,16.83,ts-preserve-other,12.08,ts-admin-order,8.5329,ts-security,5.7241,ts-seat,5.3346,ts-ticketinfo,1.832,ts-station,0.312,ts-consign,0.3
75, -- ,ts-train,5546.8274,ts-price,1999.8485,ts-contacts,1368.62,ts-config,414.3333,ts-user,159.34,ts-notification,155.405,ts-admin-order,94.7558,ts-inside-payment,61.5557,ts-security,61.0431,ts-order,54.5357,ts-route,43.5008,ts-seat,33.6939,ts-travel,20.6395,ts-preserve-other,17.54,ts-food,14.93,ts-food-map,14.4891,ts-admin-user,10.8268,ts-delivery,8.165,ts-basic,4.0567,ts-auth,3.1278,ts-admin-route,3.06,ts-consign,2.64,ts-station,1.1712,ts-admin-travel,0.54
76, -- ,ts-train,5401.7021,ts-contacts,3007.73,ts-price,528.119,ts-config,417.2585,ts-order,186.295,ts-user,161.1,ts-notification,155.63,ts-security,96.6621,ts-preserve,22.825,ts-route,12.4733,ts-preserve-other,12.08,ts-travel,11.1807,ts-seat,10.7873,ts-basic,10.4483,ts-assurance,9.9867,ts-delivery,8.74,ts-station,7.2455,ts-food,3.4033,ts-food-map,1.126,ts-consign,0.72,ts-payment,0.36
77, -- ,ts-train,5328.7214,ts-contacts,4687.0283,ts-price,441.6793,ts-config,415.6608,ts-notification,159.9162,ts-security,132.3295,ts-order,78.99,ts-consign,31.23,ts-assurance,25.2067,ts-preserve,21.54,ts-food,19.0967,ts-inside-payment,15.9375,ts-seat,15.5879,ts-cancel,15.51,ts-preserve-other,15.02,ts-route,14.4843,ts-travel,7.89,ts-station,5.8567,ts-user,2.0,ts-ticket-office,1.68,ts-basic,1.5029,ts-verification-code,1.44,ts-execute,0.85,ts-delivery,0.69,ts-ticketinfo,0.5917
78, -- ,ts-train,5566.0213,ts-contacts,1168.9283,ts-price,472.7503,ts-config,418.1133,ts-notification,154.4986,ts-user,94.14,ts-seat,82.5474,ts-food-map,81.8326,ts-travel,35.3042,ts-consign,33.1843,ts-food,23.425,ts-route,21.646,ts-basic,21.2324,ts-preserve-other,20.39,ts-security,8.525,ts-auth,2.4042,ts-ticketinfo,2.308,ts-admin-order,1.1637,ts-delivery,1.04,ts-station,0.2267,ts-inside-payment,0.175
79, -- ,ts-train,5549.0529,ts-contacts,995.5233,ts-config,414.3333,ts-inside-payment,187.8168,ts-notification,154.415,ts-price,127.408,ts-seat,73.73,ts-user,66.15,ts-security,30.1575,ts-travel,24.9306,ts-basic,23.4024,ts-station,17.2707,ts-auth,16.45,ts-consign,14.5629,ts-preserve-other,13.76,ts-food,13.5167,ts-assurance,10.7957,ts-ticketinfo,2.466,ts-order,1.89,ts-route,1.43,ts-payment,0.93
80, -- ,ts-train,5535.2367,ts-contacts,841.3083,ts-notification,690.9539,ts-config,490.6939,ts-route,109.1783,ts-travel,79.9982,ts-auth,62.3489,ts-admin-order,34.1325,ts-seat,33.7282,ts-preserve-other,32.4712,ts-security,31.8667,ts-price,31.7337,ts-verification-code,27.45,ts-user,27.08,ts-rebook,23.7737,ts-order,22.8407,ts-payment,22.455,ts-food,21.05,ts-inside-payment,19.5542,ts-consign,18.27,ts-preserve,16.7,ts-basic,11.6498,ts-ticket-office,3.5829,ts-station,0.5,ts-execute,0.205,ts-ticketinfo,0.086
81, -- ,ts-train,5550.5837,ts-contacts,473.0083,ts-config,417.8488,ts-travel,273.597,ts-notification,172.6186,ts-auth,156.8192,ts-user,75.6167,ts-food,70.1,ts-seat,28.7856,ts-security,17.595,ts-preserve-other,12.42,ts-food-map,11.0485,ts-basic,8.9303,ts-preserve,8.64,ts-inside-payment,6.6942,ts-route,6.0827,ts-price,5.725,ts-cancel,4.23,ts-payment,3.565,ts-verification-code,3.39,ts-rebook,2.4137,ts-delivery,2.2371,ts-consign,1.5086,ts-station,0.886,ts-execute,0.17
82, -- ,ts-train,5342.9793,ts-config,464.3451,ts-contacts,454.4133,ts-travel,416.8416,ts-notification,154.225,ts-food-map,102.798,ts-auth,86.95,ts-user,86.37,ts-inside-payment,38.76,ts-security,28.6517,ts-food,16.415,ts-preserve-other,14.32,ts-seat,12.5551,ts-order,11.0571,ts-route,10.7533,ts-station,7.5507,ts-execute,7.16,ts-consign,3.96,ts-ticketinfo,3.736,ts-preserve,1.095,ts-admin-route,0.62,ts-payment,0.36,ts-basic,0.2243,ts-admin-order,0.1725
83, -- ,ts-train,5556.9286,ts-contacts,480.9233,ts-config,427.5318,ts-notification,152.0,ts-route,101.2206,ts-travel,97.9528,ts-preserve,47.879,ts-seat,46.2194,ts-order,39.0,ts-basic,17.2086,ts-security,12.4814,ts-preserve-other,12.16,ts-station,9.361,ts-verification-code,5.55,ts-food,5.1,ts-execute,2.0,ts-price,0.704,ts-admin-order,0.645
84, -- ,ts-train,5423.5445,ts-config,478.6778,ts-travel,223.8037,ts-security,219.2927,ts-contacts,216.945,ts-notification,153.145,ts-seat,52.6382,ts-route,51.177,ts-consign,25.47,ts-delivery,19.59,ts-food,17.486,ts-preserve-other,16.78,ts-station,16.5965,ts-basic,13.2399,ts-ticket-office,7.9971,ts-execute,7.8783,ts-food-map,5.1625,ts-auth,2.805,ts-inside-payment,2.35,ts-ticketinfo,2.1189,ts-payment,2.03
85, -- ,ts-train,5569.9393,ts-config,425.8486,ts-inside-payment,377.6728,ts-security,198.1515,ts-route,189.6687,ts-travel,185.6903,ts-notification,153.07,ts-food,150.0615,ts-user,67.7433,ts-seat,50.6059,ts-payment,44.72,ts-station,41.1644,ts-contacts,25.19,ts-basic,17.4443,ts-preserve-other,12.16,ts-ticketinfo,7.5787,ts-food-map,7.3886,ts-preserve,5.2367,ts-ticket-office,0.4629,ts-auth,0.188,ts-delivery,0.13
86, -- ,ts-train,5578.4473,ts-inside-payment,518.95,ts-config,430.4873,ts-contacts,196.23,ts-food,181.63,ts-travel,175.5148,ts-price,162.8118,ts-notification,156.48,ts-preserve,33.1933,ts-security,31.5268,ts-seat,27.225,ts-preserve-other,14.98,ts-admin-order,10.4754,ts-route,8.131,ts-execute,7.6666,ts-order,7.5442,ts-consign,5.4943,ts-station,3.68,ts-admin-route,3.06,ts-food-map,2.783,ts-user,1.38,ts-payment,0.595,ts-basic,0.4029
87, -- ,ts-train,5299.3548,ts-inside-payment,1480.5766,ts-config,421.0,ts-food,293.5532,ts-notification,154.015,ts-route,83.5667,ts-travel,49.6702,ts-seat,31.4902,ts-preserve,30.39,ts-cancel,26.16,ts-security,21.5006,ts-admin-order,21.3815,ts-user,18.81,ts-preserve-other,15.7,ts-station,13.6193,ts-order,13.3034,ts-execute,7.6666,ts-contacts,6.24,ts-consign,6.1457,ts-food-map,2.8405,ts-admin-travel,1.65,ts-assurance,1.56,ts-delivery,1.02,ts-rebook,0.54
88, -- ,ts-train,5501.9725,ts-inside-payment,1034.75,ts-config,522.6619,ts-travel,224.2819,ts-consign,173.3,ts-notification,153.93,ts-user,138.6633,ts-seat,90.7641,ts-basic,80.8175,ts-preserve,66.335,ts-station,37.6714,ts-security,23.4695,ts-route,20.07,ts-preserve-other,12.16,ts-food,8.1357,ts-food-map,2.9206,ts-ticketinfo,2.784,ts-execute,1.46,ts-order,1.1743
89, -- ,ts-train,5445.1376,ts-inside-payment,603.1,ts-config,414.3333,ts-notification,156.435,ts-seat,102.5529,ts-station,101.158,ts-user,73.44,ts-route,40.9393,ts-travel,38.3103,ts-food,20.7533,ts-preserve-other,19.61,ts-security,18.9041,ts-food-map,17.732,ts-consign,13.948,ts-basic,9.1864,ts-ticketinfo,5.3023,ts-order,2.96,ts-ticket-office,1.3029,ts-preserve,0.06
90, -- ,ts-train,5340.3034,ts-inside-payment,1163.3157,ts-config,414.4717,ts-notification,158.7343,ts-food,136.5232,ts-travel,51.5497,ts-security,39.5606,ts-basic,23.9679,ts-food-map,22.122,ts-admin-order,21.5271,ts-user,14.01,ts-preserve-other,12.16,ts-verification-code,11.67,ts-route,11.329,ts-seat,9.7276,ts-station,7.7985,ts-consign,4.1486,ts-admin-travel,3.18,ts-assurance,2.52,ts-contacts,2.43,ts-admin-basic-info,1.5012,ts-rebook,1.5,ts-price,1.4107
91, -- ,ts-train,5664.6619,ts-inside-payment,697.59,ts-config,416.2319,ts-travel,162.5812,ts-notification,161.06,ts-food,116.9233,ts-route,104.9532,ts-cancel,87.2727,ts-contacts,63.41,ts-user,32.1967,ts-station,24.3429,ts-security,23.0725,ts-seat,20.9721,ts-preserve-other,19.04,ts-price,12.588,ts-ticket-office,12.5143,ts-assurance,4.68,ts-order,4.0833,ts-basic,2.8141,ts-consign,2.64,ts-food-map,2.14
92, -- ,ts-train,5425.5993,ts-config,414.3333,ts-inside-payment,330.975,ts-notification,152.405,ts-security,116.6467,ts-food,110.5997,ts-route,76.8117,ts-execute,57.7783,ts-contacts,41.88,ts-seat,30.7469,ts-price,20.346,ts-verification-code,14.49,ts-preserve-other,13.36,ts-cancel,12.3,ts-station,9.5087,ts-food-map,7.1731,ts-travel,6.8983,ts-basic,4.5766,ts-admin-travel,3.09,ts-preserve,1.605,ts-rebook,1.08
93, -- ,ts-train,5561.3687,ts-config,449.2821,ts-inside-payment,411.63,ts-price,234.3547,ts-food-map,206.78,ts-notification,152.0,ts-food,140.23,ts-preserve,95.33,ts-seat,53.0277,ts-travel,47.8444,ts-payment,27.685,ts-station,18.6207,ts-preserve-other,16.52,ts-route,11.5133,ts-security,11.1249,ts-consign,6.48,ts-basic,2.9035,ts-ticketinfo,1.6795,ts-order,1.485,ts-voucher,0.76,ts-delivery,0.23,ts-auth,0.1933
94, -- ,ts-train,5418.2999,ts-config,524.0342,ts-inside-payment,292.9925,ts-notification,158.6286,ts-basic,101.6958,ts-station,40.8544,ts-seat,29.6597,ts-route,29.2167,ts-travel,14.4162,ts-preserve,12.96,ts-preserve-other,12.16,ts-security,10.55,ts-food-map,8.271,ts-price,7.8983,ts-admin-order,6.282,ts-food,5.1,ts-payment,5.01,ts-user,3.8,ts-consign,2.8714,ts-ticketinfo,2.466,ts-order,1.445,ts-ticket-office,0.6086,ts-admin-travel,0.54,ts-delivery,0.035
95, -- ,ts-train,5556.333,ts-config,436.7667,ts-user,264.0,ts-inside-payment,197.27,ts-notification,152.0,ts-food,99.4333,ts-preserve,97.04,ts-food-map,86.3033,ts-route,74.7475,ts-security,56.9772,ts-consign,46.32,ts-payment,41.315,ts-seat,31.537,ts-travel,24.7935,ts-preserve-other,13.84,ts-station,10.1033,ts-admin-order,9.988,ts-order,8.7345,ts-verification-code,5.67,ts-ticketinfo,3.896,ts-admin-basic-info,1.95,ts-rebook,1.2,ts-ticket-office,0.0943
96, -- ,ts-train,5588.818,ts-config,414.3333,ts-inside-payment,205.365,ts-notification,171.8312,ts-route,48.1967,ts-preserve,43.79,ts-basic,21.8725,ts-security,21.4225,ts-food,18.42,ts-seat,16.6772,ts-user,13.4467,ts-preserve-other,12.16,ts-station,10.7617,ts-contacts,9.81,ts-travel,5.2717,ts-ticketinfo,5.1405,ts-order,2.7888,ts-payment,1.725,ts-food-map,0.898,ts-admin-route,0.63
97, -- ,ts-train,5402.3961,ts-config,424.1686,ts-inside-payment,162.735,ts-notification,157.51,ts-seat,36.1076,ts-route,29.0743,ts-preserve,24.66,ts-security,22.8649,ts-preserve-other,18.43,ts-station,15.8525,ts-user,9.51,ts-contacts,6.69,ts-consign,6.6767,ts-food,5.6365,ts-payment,5.635,ts-order,3.6342,ts-admin-order,2.025,ts-travel,1.3617,ts-admin-travel,0.78,ts-price,0.704,ts-basic,0.595,ts-ticketinfo,0.404,ts-verification-code,0.09
98, -- ,ts-train,5579.3436,ts-travel,1092.2932,ts-consign,774.9767,ts-voucher,712.625,ts-config,673.8392,ts-notification,668.4875,ts-ticket-office,542.025,ts-route,491.1933,ts-order,482.745,ts-avatar,441.435,ts-preserve-other,404.0562,ts-admin-basic-info,398.085,ts-admin-route,397.065,ts-assurance,394.05,ts-admin-travel,391.23,ts-rebook,379.215,ts-station,336.2102,ts-seat,312.7069,ts-news,311.61,ts-verification-code,273.585,ts-security,269.2647,ts-admin-user,269.175,ts-inside-payment,261.0658,ts-price,258.4233,ts-basic,253.5757,ts-food-map,252.2115,ts-admin-order,251.176,ts-contacts,246.3,ts-cancel,245.85,ts-user,235.335,ts-food,213.785,ts-auth,209.8381,ts-delivery,200.43,ts-payment,196.905,ts-ui,172.065,ts-ticketinfo,138.583,ts-preserve,135.58,ts-execute,133.5175
99, -- ,ts-train,5431.0642,ts-config,421.8163,ts-inside-payment,270.91,ts-auth,211.6042,ts-notification,152.0,ts-food,25.7817,ts-travel,17.0853,ts-contacts,17.07,ts-station,15.4297,ts-user,11.31,ts-security,7.6083,ts-route,6.265,ts-basic,5.9486,ts-execute,2.82,ts-food-map,0.34,ts-seat,0.2729
100, -- ,ts-train,4361.0619,ts-config,438.1733,ts-notification,152.0,ts-inside-payment,149.35,ts-travel,137.3679,ts-seat,52.9768,ts-station,39.7807,ts-route,25.51,ts-food-map,24.886,ts-security,20.9331,ts-contacts,17.07,ts-food,13.46,ts-user,11.31,ts-basic,0.986
101, -- ,ts-train,11209.902,ts-travel,808.3928,ts-consign,774.675,ts-config,723.9629,ts-voucher,712.655,ts-notification,666.5025,ts-ticket-office,542.385,ts-inside-payment,502.79,ts-order,480.03,ts-route,467.4233,ts-avatar,441.435,ts-preserve-other,403.015,ts-admin-basic-info,397.845,ts-admin-route,397.065,ts-assurance,394.23,ts-admin-travel,391.23,ts-rebook,379.215,ts-seat,346.7172,ts-news,313.26,ts-station,306.9583,ts-auth,284.1413,ts-verification-code,273.585,ts-admin-user,269.175,ts-basic,268.4286,ts-food-map,265.7425,ts-price,259.289,ts-contacts,258.63,ts-user,252.33,ts-admin-order,249.51,ts-cancel,245.88,ts-security,245.5558,ts-food,227.68,ts-delivery,200.48,ts-payment,196.465,ts-ui,172.005,ts-preserve,135.5375,ts-ticketinfo,132.495,ts-execute,127.645
102, -- ,ts-train,5400.8281,ts-config,437.7168,ts-inside-payment,211.6625,ts-notification,178.5367,ts-food,142.0,ts-auth,94.2125,ts-route,54.3441,ts-seat,54.1641,ts-travel,40.1946,ts-security,25.7831,ts-preserve-other,19.33,ts-user,13.5,ts-station,13.0557,ts-basic,7.3776,ts-execute,6.18,ts-payment,4.165,ts-price,4.095,ts-consign,3.8743,ts-ticketinfo,3.1636,ts-order,1.58,ts-admin-order,0.942,ts-admin-basic-info,0.4812
103, -- ,ts-train,5554.5004,ts-config,463.3424,ts-inside-payment,155.44,ts-notification,154.89,ts-travel,47.4958,ts-food,39.7,ts-seat,34.5674,ts-security,26.7358,ts-contacts,19.93,ts-basic,17.3144,ts-route,15.775,ts-station,13.1223,ts-preserve-other,12.16,ts-food-map,7.26,ts-ticketinfo,5.8,ts-ticket-office,0.6771
104, -- ,ts-train,5627.0146,ts-config,485.8812,ts-notification,152.0,ts-inside-payment,150.214,ts-route,133.6083,ts-food,111.3365,ts-basic,85.2556,ts-seat,55.3791,ts-admin-basic-info,24.8412,ts-order,21.9193,ts-assurance,19.32,ts-preserve-other,17.48,ts-food-map,13.0665,ts-travel,12.0507,ts-security,9.0848,ts-execute,6.37,ts-user,3.69,ts-station,2.5733,ts-ticketinfo,2.308,ts-consign,1.2771,ts-price,0.704,ts-cancel,0.6575,ts-ticket-office,0.0686
105, -- ,ts-train,5619.5231,ts-config,422.7367,ts-inside-payment,166.1,ts-notification,157.09,ts-payment,49.93,ts-seat,37.6842,ts-travel,34.5691,ts-order,34.02,ts-preserve-other,12.16,ts-security,8.795,ts-food-map,6.0845,ts-food,5.78,ts-execute,4.9003,ts-consign,4.5857,ts-admin-order,3.2786,ts-route,2.8133,ts-basic,2.77,ts-admin-basic-info,0.9612
106, -- ,ts-train,5426.3506,ts-config,422.5216,ts-payment,414.025,ts-food-map,208.317,ts-travel,203.0517,ts-inside-payment,157.7595,ts-notification,153.07,ts-price,115.9334,ts-route,96.804,ts-order,68.2186,ts-station,42.7448,ts-seat,41.8399,ts-food,40.2631,ts-basic,31.6424,ts-user,25.71,ts-preserve,20.47,ts-verification-code,15.99,ts-preserve-other,12.16,ts-ticket-office,5.04,ts-ticketinfo,1.99,ts-contacts,1.26,ts-cancel,1.08,ts-admin-travel,0.78
107, -- ,ts-train,5379.8892,ts-config,428.4666,ts-security,242.6116,ts-notification,156.6021,ts-inside-payment,69.54,ts-price,57.306,ts-travel,54.7765,ts-route,24.21,ts-order,21.6386,ts-preserve,20.74,ts-preserve-other,19.4112,ts-admin-order,18.2368,ts-user,15.62,ts-seat,14.2023,ts-contacts,11.86,ts-ticketinfo,4.53,ts-food-map,3.9771,ts-verification-code,3.03,ts-auth,2.7325,ts-admin-route,1.92,ts-payment,0.695,ts-basic,0.6728
108, -- ,ts-train,5636.7284,ts-security,984.6875,ts-config,414.4717,ts-notification,159.065,ts-travel,81.4893,ts-food-map,72.896,ts-seat,29.1655,ts-route,28.7442,ts-preserve-other,17.5612,ts-preserve,17.0825,ts-consign,13.2028,ts-basic,11.4633,ts-user,9.3733,ts-ticketinfo,6.912,ts-contacts,3.8,ts-food,1.8833,ts-price,1.54,ts-execute,1.5,ts-station,0.6953,ts-cancel,0.57,ts-auth,0.4167
109, -- ,ts-train,5681.6143,ts-config,417.19,ts-travel,280.8473,ts-notification,152.0,ts-route,65.3547,ts-food,43.1,ts-seat,42.0614,ts-auth,30.341,ts-food-map,21.752,ts-preserve-other,18.0612,ts-preserve,9.155,ts-execute,8.7566,ts-station,8.6276,ts-basic,8.6226,ts-ticket-office,7.0971,ts-admin-user,6.69,ts-verification-code,3.06,ts-price,0.704,ts-security,0.075
110, -- ,ts-train,5485.9461,ts-config,414.9871,ts-notification,152.0,ts-route,136.36,ts-ticketinfo,120.5917,ts-consign,112.98,ts-security,102.2159,ts-seat,41.7565,ts-user,38.6067,ts-travel,33.39,ts-food-map,27.8745,ts-payment,13.355,ts-station,13.2777,ts-preserve-other,13.2012,ts-admin-order,9.116,ts-basic,6.8424,ts-food,5.7167,ts-auth,4.0427,ts-execute,0.43
111, -- ,ts-train,5625.8432,ts-config,422.8499,ts-food,327.7267,ts-notification,160.905,ts-travel,95.0846,ts-basic,29.7208,ts-route,29.31,ts-seat,24.2873,ts-security,23.0633,ts-preserve-other,16.52,ts-execute,10.0225,ts-admin-order,9.498,ts-ticketinfo,6.594,ts-price,5.85,ts-auth,2.1733,ts-consign,1.7486,ts-preserve,1.1875,ts-delivery,1.15,ts-inside-payment,0.98,ts-food-map,0.348
112, -- ,ts-train,5397.7186,ts-config,415.2867,ts-notification,152.0,ts-security,101.2874,ts-payment,32.315,ts-food,16.18,ts-food-map,14.1565,ts-verification-code,13.38,ts-preserve-other,12.7,ts-travel,10.099,ts-seat,9.8827,ts-station,7.6569,ts-cancel,5.52,ts-inside-payment,5.52,ts-delivery,4.03,ts-user,3.66,ts-basic,3.2649,ts-execute,1.87,ts-ticketinfo,1.832,ts-route,1.4233,ts-ticket-office,0.6475,ts-consign,0.12
113, -- ,ts-train,5521.1905,ts-config,414.3333,ts-food,276.555,ts-travel,202.9357,ts-notification,168.945,ts-seat,59.1695,ts-basic,14.6314,ts-inside-payment,12.83,ts-preserve-other,12.16,ts-contacts,12.03,ts-ticket-office,9.4757,ts-food-map,8.2671,ts-station,7.0806,ts-payment,3.365,ts-security,2.265,ts-price,0.704,ts-preserve,0.6233
114, -- ,ts-train,5534.5218,ts-config,414.3333,ts-contacts,197.93,ts-notification,153.07,ts-travel,50.8102,ts-basic,21.7361,ts-seat,20.1495,ts-preserve-other,19.19,ts-consign,16.8657,ts-security,13.7341,ts-inside-payment,11.675,ts-user,9.8767,ts-food,9.4033,ts-payment,8.215,ts-route,7.0968,ts-food-map,6.228,ts-ticketinfo,2.15,ts-order,0.0292
115, -- ,ts-train,5569.6149,ts-config,438.7919,ts-price,176.0236,ts-notification,155.1886,ts-seat,50.4767,ts-travel,39.3421,ts-contacts,38.79,ts-food,24.245,ts-order,19.417,ts-preserve-other,13.96,ts-station,10.6967,ts-basic,10.6833,ts-verification-code,2.13,ts-route,2.0357,ts-ticketinfo,1.674,ts-security,0.075
116, -- ,ts-train,5500.7262,ts-config,420.615,ts-contacts,215.11,ts-notification,158.94,ts-seat,69.1046,ts-admin-order,53.2757,ts-security,46.0494,ts-preserve,21.54,ts-basic,20.7047,ts-station,15.6052,ts-price,13.3434,ts-food-map,12.1896,ts-preserve-other,12.16,ts-user,9.47,ts-consign,9.0257,ts-travel,9.0102,ts-order,7.1593,ts-route,4.9817,ts-ticket-office,3.69,ts-inside-payment,3.6508,ts-ticketinfo,3.578,ts-food,2.96,ts-admin-route,2.25
117, -- ,ts-train,5499.2753,ts-config,426.1717,ts-security,229.9633,ts-food,214.3202,ts-notification,152.15,ts-travel,82.5699,ts-contacts,50.88,ts-execute,46.6733,ts-preserve,20.87,ts-preserve-other,19.52,ts-route,15.9038,ts-verification-code,12.42,ts-ticket-office,7.4,ts-cancel,5.6296,ts-seat,4.3434,ts-station,2.7672,ts-user,0.99,ts-price,0.704,ts-basic,0.595
118, -- ,ts-train,5621.1629,ts-config,417.1635,ts-travel,373.6058,ts-contacts,174.52,ts-route,169.2033,ts-seat,164.924,ts-notification,152.0,ts-food-map,99.9815,ts-consign,54.42,ts-user,36.7617,ts-station,34.7793,ts-cancel,33.7505,ts-basic,24.991,ts-security,20.0274,ts-preserve-other,16.3,ts-auth,15.3654,ts-ticket-office,14.23,ts-food,13.3667,ts-ticketinfo,11.8364,ts-admin-order,7.972,ts-price,4.9931,ts-payment,3.095,ts-assurance,1.17,ts-execute,0.61,ts-inside-payment,0.2075
119, -- ,ts-train,5652.8011,ts-config,415.6567,ts-contacts,177.45,ts-notification,159.925,ts-order,109.2457,ts-inside-payment,42.9675,ts-food-map,32.697,ts-travel,27.8398,ts-station,21.5096,ts-food,15.8133,ts-price,13.3434,ts-preserve-other,12.16,ts-admin-order,11.1475,ts-user,9.0,ts-consign,7.5,ts-security,7.155,ts-execute,5.85,ts-basic,3.7692,ts-route,3.218,ts-auth,2.716,ts-seat,2.4467,ts-payment,1.835,ts-preserve,1.335,ts-ticketinfo,0.72
120, -- ,ts-train,5566.998,ts-config,433.43,ts-seat,160.5445,ts-notification,152.0,ts-food,104.1716,ts-food-map,70.7165,ts-inside-payment,40.2725,ts-user,27.61,ts-order,27.0943,ts-preserve-other,16.27,ts-verification-code,10.92,ts-travel,6.2016,ts-station,4.8162,ts-execute,3.0333,ts-basic,2.2579,ts-contacts,2.01,ts-ticketinfo,1.356,ts-assurance,0.94,ts-route,0.5,ts-ticket-office,0.4629,ts-security,0.0775
121, -- ,ts-train,5505.0707,ts-config,416.3358,ts-notification,152.17,ts-seat,103.0983,ts-order,58.0686,ts-travel,49.0925,ts-admin-order,47.2811,ts-station,44.4958,ts-route,40.3108,ts-price,31.422,ts-auth,24.0427,ts-basic,19.8018,ts-preserve-other,16.52,ts-food,15.5533,ts-user,9.6467,ts-food-map,8.3555,ts-rebook,6.69,ts-security,5.91,ts-preserve,3.7733,ts-consign,2.5543,ts-execute,2.3333,ts-admin-travel,0.78
122, -- ,ts-train,5308.2717,ts-config,414.3333,ts-security,166.8931,ts-notification,155.4507,ts-food,92.8065,ts-seat,87.7378,ts-route,57.4067,ts-cancel,39.435,ts-travel,33.9408,ts-food-map,32.31,ts-preserve-other,17.35,ts-auth,13.88,ts-station,12.7384,ts-order,8.31,ts-basic,7.1046,ts-inside-payment,6.42,ts-execute,5.0433,ts-verification-code,4.8
123, -- ,ts-train,5532.757,ts-config,414.3333,ts-food,346.2983,ts-notification,153.785,ts-station,56.5158,ts-preserve-other,13.84,ts-seat,12.458,ts-inside-payment,6.6283,ts-food-map,6.2895,ts-travel,6.2503,ts-basic,6.0491,ts-contacts,5.58,ts-execute,4.5883,ts-consign,2.6143,ts-security,1.26,ts-delivery,0.53
124, -- ,ts-train,5581.5859,ts-config,414.3333,ts-notification,197.5,ts-payment,116.555,ts-security,62.29,ts-route,39.16,ts-food-map,20.1735,ts-food,15.9532,ts-seat,15.8849,ts-preserve-other,12.16,ts-contacts,11.91,ts-consign,10.59,ts-execute,6.6966,ts-price,5.2415,ts-travel,4.5768,ts-auth,4.3666,ts-station,4.1867,ts-ticketinfo,1.514,ts-delivery,0.45,ts-assurance,0.2229,ts-admin-order,0.124
125, -- ,ts-train,5588.8702,ts-config,414.3333,ts-notification,154.405,ts-seat,140.3653,ts-food,54.495,ts-payment,45.255,ts-security,41.415,ts-inside-payment,39.0,ts-route,36.8417,ts-admin-order,24.592,ts-preserve-other,12.16,ts-basic,10.5784,ts-travel,6.9195,ts-verification-code,6.72,ts-consign,6.2486,ts-food-map,5.0743,ts-ticketinfo,4.054,ts-ticket-office,2.2029,ts-admin-basic-info,1.32,ts-auth,0.8243,ts-admin-route,0.62,ts-contacts,0.33,ts-execute,0.14
126, -- ,ts-train,5513.7827,ts-config,414.4508,ts-notification,155.955,ts-security,59.447,ts-order,33.0,ts-admin-user,22.35,ts-admin-order,21.758,ts-food-map,20.6206,ts-preserve-other,19.28,ts-station,7.09,ts-food,6.07,ts-seat,4.1583,ts-verification-code,4.02,ts-ticketinfo,3.896,ts-inside-payment,3.8366,ts-price,2.226,ts-payment,1.84,ts-admin-travel,0.87,ts-auth,0.6367,ts-travel,0.25
127, -- ,ts-train,5389.3884,ts-config,414.7783,ts-notification,166.25,ts-food,143.3533,ts-verification-code,52.035,ts-payment,46.78,ts-food-map,43.606,ts-route,35.5208,ts-security,30.7682,ts-preserve,29.18,ts-travel,25.5497,ts-seat,20.2986,ts-preserve-other,12.16,ts-basic,10.6439,ts-user,8.55,ts-contacts,4.47,ts-station,3.1613,ts-ticketinfo,1.832,ts-auth,0.7275,ts-execute,0.5,ts-assurance,0.2829,ts-inside-payment,0.235
128, -- ,ts-train,5544.3414,ts-config,419.595,ts-notification,165.8226,ts-food,63.8063,ts-user,48.69,ts-travel,42.9308,ts-security,35.1717,ts-preserve,29.32,ts-seat,27.4431,ts-station,23.4928,ts-contacts,22.77,ts-food-map,17.5474,ts-preserve-other,12.16,ts-route,5.585,ts-ticket-office,4.8171,ts-consign,3.84,ts-execute,2.0,ts-basic,1.4475,ts-price,0.8625,ts-delivery,0.69,ts-verification-code,0.675
129, -- ,ts-train,5591.6525,ts-config,429.2501,ts-notification,158.5571,ts-travel,62.4956,ts-security,58.0423,ts-food,37.62,ts-seat,30.5922,ts-basic,19.8184,ts-ticketinfo,14.0354,ts-preserve-other,12.16,ts-payment,10.575,ts-station,9.2367,ts-consign,2.64,ts-route,2.1663,ts-inside-payment,1.92,ts-food-map,0.696,ts-order,0.69,ts-execute,0.35,ts-delivery,0.325
130, -- ,ts-train,5538.0874,ts-config,414.3333,ts-notification,154.73,ts-price,58.3956,ts-seat,39.3935,ts-user,38.47,ts-inside-payment,27.4,ts-preserve-other,20.45,ts-execute,17.38,ts-food,17.3717,ts-travel,12.9673,ts-station,9.3704,ts-route,4.0233,ts-consign,2.7686,ts-ticketinfo,2.466,ts-admin-order,2.3357,ts-auth,0.6367,ts-basic,0.605,ts-verification-code,0.48,ts-food-map,0.21
131, -- ,ts-train,5508.6057,ts-config,414.3333,ts-inside-payment,389.8558,ts-seat,169.6144,ts-notification,153.185,ts-food,108.6588,ts-route,53.4793,ts-security,47.14,ts-station,25.5997,ts-user,23.23,ts-basic,16.8086,ts-travel,15.5263,ts-food-map,15.0441,ts-admin-order,14.8724,ts-preserve-other,12.16,ts-assurance,6.06,ts-ticketinfo,5.324,ts-verification-code,3.9,ts-payment,2.795,ts-auth,2.6233,ts-order,1.44
132, -- ,ts-train,5430.8043,ts-inside-payment,644.8025,ts-config,451.556,ts-travel,209.4248,ts-notification,152.0,ts-security,137.2185,ts-food-map,14.6964,ts-preserve-other,14.08,ts-user,12.3,ts-auth,7.4749,ts-seat,6.0917,ts-station,3.1842,ts-food,2.2433,ts-execute,1.5,ts-basic,0.8646,ts-admin-route,0.62,ts-ticketinfo,0.086
133, -- ,ts-train,5371.6595,ts-inside-payment,1330.0617,ts-config,416.665,ts-notification,166.86,ts-admin-order,84.6106,ts-travel,60.0785,ts-seat,60.0311,ts-route,58.4383,ts-security,51.6593,ts-consign,33.5223,ts-price,13.6359,ts-preserve-other,12.16,ts-ticketinfo,7.388,ts-execute,3.2,ts-basic,2.6885,ts-order,1.6375,ts-station,0.795,ts-food-map,0.092
134, -- ,ts-train,5519.5767,ts-food-map,797.1765,ts-inside-payment,499.935,ts-config,422.6898,ts-notification,152.0,ts-user,39.42,ts-basic,31.1079,ts-travel,30.7869,ts-security,30.1128,ts-contacts,29.46,ts-admin-order,27.318,ts-food,27.0667,ts-preserve-other,19.76,ts-route,16.0817,ts-seat,16.0329,ts-ticketinfo,11.832,ts-station,11.5647,ts-delivery,8.33,ts-consign,1.68
135, -- ,ts-train,5634.9723,ts-config,429.2455,ts-notification,407.8621,ts-inside-payment,190.37,ts-security,100.1445,ts-travel,95.4669,ts-seat,51.6472,ts-payment,50.2618,ts-route,32.8833,ts-price,32.076,ts-consign,25.26,ts-station,20.8285,ts-user,13.6367,ts-food,12.8983,ts-preserve-other,12.16,ts-verification-code,8.31,ts-ticketinfo,3.896,ts-ticket-office,2.1429,ts-food-map,1.4657,ts-basic,0.9127,ts-contacts,0.095
136, -- ,ts-train,5517.021,ts-config,414.3333,ts-security,299.1171,ts-inside-payment,288.415,ts-food-map,185.5431,ts-notification,156.3,ts-travel,124.6308,ts-consign,62.5471,ts-food,54.0215,ts-user,45.04,ts-route,33.6342,ts-order,33.0,ts-preserve,31.34,ts-preserve-other,13.84,ts-payment,12.62,ts-seat,11.4708,ts-station,7.0087,ts-ticket-office,4.14,ts-assurance,1.68,ts-delivery,1.26,ts-admin-order,0.9037,ts-execute,0.22
137, -- ,ts-train,5378.1059,ts-config,428.5239,ts-notification,154.195,ts-inside-payment,149.45,ts-security,66.0982,ts-food-map,54.5535,ts-station,52.9777,ts-seat,39.8039,ts-route,36.7018,ts-basic,24.6526,ts-user,24.1955,ts-preserve,23.55,ts-travel,20.4252,ts-food,12.9732,ts-preserve-other,12.16,ts-verification-code,7.98,ts-ticketinfo,3.42,ts-contacts,3.21,ts-admin-route,3.06,ts-payment,0.365,ts-price,0.2825,ts-execute,0.18
138, -- ,ts-train,5576.0896,ts-config,414.8024,ts-notification,152.045,ts-inside-payment,149.35,ts-route,98.9017,ts-seat,66.5143,ts-travel,32.3237,ts-food,26.4548,ts-basic,21.4269,ts-contacts,13.23,ts-preserve-other,12.16,ts-user,10.5588,ts-station,8.3083,ts-execute,6.89,ts-ticketinfo,5.324,ts-consign,4.08,ts-food-map,2.16,ts-price,0.9865,ts-admin-route,0.25
139, -- ,ts-train,5493.8828,ts-config,418.2033,ts-inside-payment,201.46,ts-notification,153.07,ts-route,81.9543,ts-assurance,40.62,ts-food,27.79,ts-order,27.2979,ts-security,23.1391,ts-food-map,19.0435,ts-preserve-other,14.88,ts-seat,13.9512,ts-user,10.38,ts-travel,10.1926,ts-station,8.995,ts-admin-user,7.5,ts-payment,4.55,ts-delivery,1.01,ts-admin-route,0.49
140, -- ,ts-train,5594.122,ts-config,426.5048,ts-inside-payment,384.975,ts-order,175.6386,ts-notification,157.94,ts-seat,40.1106,ts-basic,26.2108,ts-station,23.7412,ts-travel,22.9458,ts-delivery,15.5,ts-preserve-other,15.19,ts-verification-code,12.78,ts-execute,9.1325,ts-admin-order,9.1319,ts-food-map,4.9526,ts-security,4.2066,ts-contacts,4.202,ts-admin-travel,3.03,ts-ticketinfo,1.99,ts-admin-basic-info,0.6
141, -- ,ts-train,5506.2533,ts-config,414.3333,ts-inside-payment,175.725,ts-notification,154.0229,ts-order,126.6482,ts-basic,40.5805,ts-contacts,38.812,ts-route,27.2983,ts-payment,13.905,ts-food,12.3033,ts-preserve-other,12.16,ts-travel,11.3851,ts-food-map,8.4245,ts-ticketinfo,5.324,ts-consign,4.7229,ts-seat,4.2312,ts-preserve,2.3267,ts-auth,1.2967,ts-execute,1.19,ts-station,1.0525,ts-delivery,0.23
142, -- ,ts-train,5371.8044,ts-config,414.3333,ts-seat,252.6363,ts-notification,203.215,ts-inside-payment,155.23,ts-contacts,37.2,ts-food-map,34.9888,ts-cancel,19.63,ts-security,13.27,ts-travel,12.206,ts-preserve-other,12.16,ts-food,10.2733,ts-verification-code,6.09,ts-route,6.0517,ts-basic,4.4551,ts-station,3.8317,ts-order,3.645,ts-auth,1.2967,ts-execute,0.975,ts-payment,0.68
143, -- ,ts-train,5576.0711,ts-config,414.3333,ts-notification,152.7,ts-inside-payment,149.35,ts-order,107.2864,ts-cancel,33.51,ts-payment,30.9852,ts-station,16.979,ts-preserve-other,12.16,ts-food,8.4,ts-travel,6.4083,ts-basic,5.6014,ts-security,5.31,ts-verification-code,3.99,ts-ticketinfo,2.784,ts-user,2.43,ts-seat,2.3566,ts-admin-order,0.95,ts-admin-route,0.62,ts-route,0.5,ts-ticket-office,0.3771,ts-food-map,0.3257,ts-consign,0.0667
144, -- ,ts-train,5463.5598,ts-config,417.9783,ts-notification,155.13,ts-inside-payment,149.35,ts-food,98.58,ts-cancel,85.38,ts-route,76.8117,ts-price,13.3434,ts-preserve-other,12.16,ts-user,10.6836,ts-food-map,9.13,ts-assurance,8.0533,ts-seat,7.8818,ts-security,7.115,ts-ticketinfo,6.118,ts-travel,4.8032,ts-basic,1.428,ts-consign,0.0667
145, -- ,ts-train,5698.894,ts-config,414.3333,ts-notification,152.825,ts-inside-payment,69.0,ts-cancel,58.0702,ts-seat,43.7687,ts-route,35.505,ts-food-map,27.5851,ts-basic,18.8028,ts-auth,15.7537,ts-preserve-other,12.16,ts-order,11.115,ts-user,7.6709,ts-station,5.891,ts-ticketinfo,2.784,ts-ticket-office,2.6229,ts-travel,1.2133,ts-price,0.66,ts-admin-route,0.42,ts-assurance,0.3,ts-security,0.115
146, -- ,ts-train,5689.5545,ts-config,414.3333,ts-notification,154.51,ts-order,140.8557,ts-security,65.6956,ts-preserve,42.59,ts-seat,39.8226,ts-user,33.1964,ts-travel,18.107,ts-food,15.8233,ts-consign,12.6471,ts-preserve-other,12.37,ts-station,9.3675,ts-basic,8.905,ts-route,3.772,ts-food-map,3.038,ts-execute,1.2958,ts-admin-travel,1.06,ts-ticketinfo,0.72
147, -- ,ts-train,5339.676,ts-config,414.3333,ts-notification,157.6364,ts-food,70.0655,ts-travel,63.0016,ts-user,58.2867,ts-preserve,41.8833,ts-basic,38.8294,ts-station,24.1813,ts-admin-order,18.48,ts-security,15.6841,ts-preserve-other,14.32,ts-seat,9.9886,ts-order,7.1725,ts-food-map,1.643,ts-route,0.5
148, -- ,ts-train,5503.3274,ts-seat,1695.8083,ts-config,454.5729,ts-notification,154.65,ts-route,59.9652,ts-travel,45.5034,ts-food-map,21.669,ts-basic,12.4545,ts-preserve-other,12.28,ts-auth,7.2,ts-consign,6.72,ts-ticketinfo,4.688,ts-preserve,3.3767,ts-security,3.2899,ts-station,2.7067,ts-execute,1.5,ts-cancel,1.1787,ts-rebook,1.05,ts-admin-travel,0.78,ts-order,0.205,ts-assurance,0.2
149, -- ,ts-train,5683.9739,ts-config,444.6962,ts-notification,154.2,ts-security,102.0944,ts-route,97.185,ts-travel,84.145,ts-price,81.3003,ts-auth,56.2682,ts-food-map,47.1746,ts-station,46.2818,ts-user,42.4467,ts-seat,21.4545,ts-basic,20.4258,ts-preserve-other,12.16,ts-ticketinfo,2.784,ts-assurance,2.5543,ts-contacts,1.583,ts-verification-code,0.57,ts-execute,0.32
150, -- ,ts-train,5436.678,ts-config,414.367,ts-notification,152.095,ts-food-map,78.6444,ts-security,59.2124,ts-auth,58.9224,ts-food,35.06,ts-seat,33.6885,ts-route,31.9308,ts-contacts,25.178,ts-preserve-other,12.16,ts-delivery,7.27,ts-travel,6.6688,ts-station,5.5026,ts-consign,5.28,ts-price,2.2271,ts-execute,1.7967,ts-basic,0.0437
151, -- ,ts-train,5512.8947,ts-config,427.16,ts-notification,161.9133,ts-delivery,97.8,ts-security,60.4164,ts-seat,50.8863,ts-travel,47.0448,ts-admin-order,30.78,ts-route,23.8613,ts-food,23.82,ts-cancel,16.8617,ts-preserve-other,16.52,ts-basic,10.7733,ts-station,10.3581,ts-verification-code,8.25,ts-contacts,7.95,ts-assurance,6.51,ts-auth,5.5,ts-payment,1.31,ts-ticketinfo,1.2215,ts-consign,0.42,ts-ui,0.3299,ts-food-map,0.232
152, -- ,ts-train,5547.018,ts-config,414.3333,ts-notification,152.0,ts-route,76.8117,ts-cancel,58.77,ts-security,31.853,ts-seat,30.8251,ts-admin-order,12.4521,ts-preserve-other,12.16,ts-inside-payment,10.4333,ts-food-map,10.3179,ts-travel,8.4024,ts-order,8.1364,ts-basic,6.797,ts-contacts,6.66,ts-food,6.1167,ts-auth,5.5,ts-delivery,3.555,ts-station,2.9733,ts-execute,2.6533,ts-user,1.86,ts-rebook,0.45
153, -- ,ts-train,5779.4111,ts-config,417.3933,ts-notification,161.895,ts-seat,113.1563,ts-price,98.8568,ts-inside-payment,81.8036,ts-security,71.7633,ts-payment,62.74,ts-user,47.0267,ts-travel,37.2733,ts-food,36.88,ts-preserve-other,17.96,ts-basic,13.8759,ts-consign,10.7743,ts-rebook,5.97,ts-auth,5.5,ts-contacts,5.19,ts-station,4.5133,ts-verification-code,3.84,ts-preserve,2.415,ts-food-map,1.7,ts-admin-order,0.56,ts-route,0.5,ts-assurance,0.4433
154, -- ,ts-train,5608.0849,ts-config,441.4261,ts-notification,155.5,ts-food-map,126.7349,ts-route,89.9078,ts-user,64.95,ts-travel,60.9689,ts-contacts,60.75,ts-seat,38.3269,ts-food,37.36,ts-security,36.4905,ts-payment,29.855,ts-consign,19.9071,ts-station,17.958,ts-preserve-other,13.06,ts-auth,8.5009,ts-preserve,7.0527,ts-basic,5.1495,ts-ticket-office,3.9429,ts-ticketinfo,3.323,ts-delivery,2.9,ts-assurance,0.4433
155, -- ,ts-train,5688.0442,ts-food,476.3231,ts-config,414.7783,ts-notification,154.9,ts-preserve,102.32,ts-route,58.2135,ts-delivery,24.0257,ts-contacts,19.9,ts-food-map,19.3465,ts-auth,16.45,ts-security,15.5741,ts-user,13.21,ts-preserve-other,12.16,ts-station,8.8567,ts-seat,7.744,ts-basic,1.7974,ts-price,0.704,ts-travel,0.2833,ts-consign,0.2057
156, -- ,ts-train,5406.9079,ts-config,480.7174,ts-notification,152.02,ts-preserve,96.47,ts-travel,72.8221,ts-food,46.9683,ts-preserve-other,16.52,ts-user,9.47,ts-station,6.6115,ts-seat,3.4531,ts-food-map,2.8275,ts-basic,2.7453,ts-admin-basic-info,2.1637,ts-security,2.1333,ts-execute,1.5,ts-inside-payment,1.305,ts-route,0.5
157, -- ,ts-train,5519.2341,ts-config,414.3683,ts-notification,158.33,ts-seat,99.2395,ts-food,50.9732,ts-admin-order,30.735,ts-travel,29.3399,ts-route,22.8932,ts-preserve-other,12.16,ts-station,9.6074,ts-user,9.43,ts-execute,7.6666,ts-auth,7.2183,ts-security,6.9928,ts-ticketinfo,4.848,ts-inside-payment,3.0127,ts-basic,2.1162,ts-verification-code,1.98,ts-consign,0.6686,ts-order,0.465,ts-assurance,0.2
158, -- ,ts-train,5625.2502,ts-food,529.5713,ts-config,428.9829,ts-notification,153.185,ts-seat,98.0798,ts-travel,63.1868,ts-route,28.1867,ts-station,19.4476,ts-food-map,14.9215,ts-preserve-other,12.16,ts-basic,9.3379,ts-inside-payment,9.118,ts-ticketinfo,8.9885,ts-security,5.9333,ts-consign,3.1329,ts-admin-basic-info,1.6825,ts-price,0.704,ts-order,0.48,ts-assurance,0.08
159, -- ,ts-train,5486.4429,ts-config,414.3333,ts-seat,360.3601,ts-route,256.4108,ts-notification,157.26,ts-food-map,71.182,ts-food,37.35,ts-travel,29.3283,ts-security,24.7838,ts-price,21.5734,ts-preserve-other,12.16,ts-inside-payment,9.6481,ts-ticketinfo,5.166,ts-basic,2.7827,ts-admin-travel,0.78,ts-auth,0.48,ts-station,0.0908
160, -- ,ts-train,5556.3336,ts-config,414.3333,ts-notification,153.02,ts-food-map,137.8069,ts-seat,97.0745,ts-security,81.1326,ts-cancel,49.98,ts-travel,40.8473,ts-basic,27.7448,ts-price,20.3094,ts-route,16.8033,ts-user,13.1733,ts-preserve-other,12.16,ts-rebook,4.5,ts-verification-code,3.21,ts-ticketinfo,2.1871,ts-inside-payment,2.13,ts-food,1.15,ts-execute,0.9358,ts-station,0.68
161, -- ,ts-train,5561.0579,ts-food-map,732.786,ts-config,414.3333,ts-inside-payment,188.7675,ts-notification,155.675,ts-price,116.8887,ts-food,93.355,ts-assurance,81.8667,ts-seat,31.8071,ts-preserve-other,16.52,ts-route,15.4642,ts-ticketinfo,10.404,ts-station,4.63,ts-basic,4.2058,ts-travel,4.0341,ts-consign,2.52,ts-admin-travel,0.78,ts-user,0.72,ts-order,0.625,ts-delivery,0.1886
162, -- ,ts-train,5933.8897,ts-config,415.08,ts-basic,362.88,ts-notification,160.5933,ts-preserve,147.6567,ts-travel,81.5246,ts-seat,50.3427,ts-route,43.4708,ts-food-map,21.9065,ts-user,21.1733,ts-preserve-other,12.16,ts-food,11.1267,ts-verification-code,6.69,ts-security,6.4083,ts-price,4.6383,ts-station,2.6633,ts-assurance,0.0867,ts-inside-payment,0.0425
163, -- ,ts-train,6320.1723,ts-config,414.9871,ts-notification,154.185,ts-seat,100.6512,ts-travel,58.6913,ts-security,39.7955,ts-route,29.6817,ts-basic,22.1685,ts-food,18.485,ts-assurance,14.5714,ts-preserve-other,12.16,ts-inside-payment,10.6733,ts-food-map,10.5039,ts-user,9.8367,ts-ticket-office,2.4857,ts-station,1.8467,ts-rebook,1.35,ts-consign,1.3457,ts-ticketinfo,0.9525,ts-admin-basic-info,0.69,ts-price,0.1083
164, -- ,ts-train,5505.4623,ts-config,414.3333,ts-order,377.3837,ts-notification,155.6,ts-cancel,50.16,ts-preserve,27.36,ts-preserve-other,18.13,ts-security,11.9402,ts-food,9.755,ts-travel,7.255,ts-consign,4.8933,ts-payment,3.38,ts-basic,3.3374,ts-seat,2.01,ts-verification-code,1.86,ts-user,1.83,ts-route,0.5,ts-station,0.0564
165, -- ,ts-train,5350.9101,ts-order,654.0962,ts-config,414.3333,ts-notification,169.8986,ts-seat,42.4975,ts-admin-order,42.24,ts-travel,40.0715,ts-payment,38.16,ts-consign,35.7524,ts-user,24.18,ts-security,23.2792,ts-verification-code,14.91,ts-preserve-other,13.06,ts-basic,12.865,ts-food,8.3033,ts-station,7.315,ts-route,4.1283,ts-rebook,3.09,ts-contacts,2.83,ts-ticket-office,2.2543,ts-ticketinfo,0.88,ts-admin-basic-info,0.72,ts-admin-route,0.62,ts-preserve,0.09
166, -- ,ts-train,5584.629,ts-order,744.1814,ts-config,431.7504,ts-notification,159.1436,ts-security,59.1732,ts-food,58.0,ts-payment,34.55,ts-travel,33.759,ts-food-map,23.38,ts-route,20.9817,ts-user,18.03,ts-contacts,16.41,ts-seat,15.6432,ts-preserve-other,12.16,ts-inside-payment,9.5683,ts-cancel,8.37,ts-basic,8.0072,ts-preserve,5.17,ts-ticketinfo,4.848,ts-station,2.5583,ts-admin-basic-info,1.7
167, -- ,ts-train,6274.4348,ts-order,499.3137,ts-payment,456.545,ts-config,418.4348,ts-preserve,190.6867,ts-cancel,174.396,ts-notification,153.9714,ts-contacts,100.57,ts-travel,64.4286,ts-food-map,51.6916,ts-food,40.8316,ts-station,25.1973,ts-seat,15.2225,ts-preserve-other,14.92,ts-security,9.2666,ts-consign,9.0,ts-route,5.9817,ts-basic,4.979
168, -- ,ts-train,6342.1858,ts-order,469.1471,ts-config,414.3333,ts-notification,168.0576,ts-route,86.3408,ts-contacts,58.94,ts-travel,54.6212,ts-cancel,18.11,ts-basic,16.2819,ts-preserve-other,12.16,ts-ticketinfo,10.0894,ts-station,9.813,ts-user,9.74,ts-seat,8.1559,ts-security,7.2016,ts-delivery,5.485,ts-food,5.1,ts-admin-user,1.92,ts-payment,1.31,ts-execute,0.8675,ts-preserve,0.63,ts-assurance,0.06
169, -- ,ts-train,5517.9668,ts-order,446.2078,ts-config,414.4717,ts-food,246.1563,ts-notification,152.545,ts-seat,71.7868,ts-contacts,60.27,ts-preserve,33.78,ts-security,33.4533,ts-travel,28.8058,ts-route,21.38,ts-basic,19.8744,ts-station,13.8909,ts-food-map,12.6543,ts-preserve-other,12.16,ts-auth,4.5606,ts-ticketinfo,4.372,ts-admin-basic-info,2.88,ts-user,1.14,ts-price,0.704,ts-rebook,0.03
170, -- ,ts-train,5590.1208,ts-security,742.5661,ts-order,433.3546,ts-config,414.4717,ts-notification,162.2583,ts-route,53.9792,ts-seat,42.8374,ts-travel,31.5363,ts-station,24.6058,ts-assurance,20.8833,ts-preserve-other,18.25,ts-auth,16.45,ts-user,14.73,ts-food,14.0415,ts-inside-payment,10.11,ts-food-map,5.2205,ts-verification-code,1.98,ts-execute,1.67
171, -- ,ts-train,5696.4143,ts-config,418.2455,ts-order,417.8533,ts-notification,152.0,ts-travel,60.7717,ts-execute,44.83,ts-station,30.0024,ts-food-map,19.5475,ts-seat,15.921,ts-route,12.6283,ts-preserve-other,12.16,ts-assurance,8.42,ts-food,5.1,ts-delivery,2.82,ts-inside-payment,2.443,ts-basic,1.9003,ts-contacts,1.5,ts-security,0.075
172, -- ,ts-train,5742.7396,ts-order,466.7696,ts-config,417.6752,ts-notification,156.44,ts-security,116.6007,ts-user,50.25,ts-seat,42.2792,ts-food-map,38.7435,ts-execute,38.155,ts-food,32.0633,ts-admin-order,29.8489,ts-travel,26.8589,ts-consign,17.3428,ts-contacts,15.96,ts-preserve-other,12.16,ts-station,11.712,ts-auth,5.5769,ts-inside-payment,5.51,ts-admin-route,3.06,ts-route,0.66,ts-ticket-office,0.5914,ts-rebook,0.24,ts-basic,0.2275
173, -- ,ts-train,6037.7383,ts-config,415.1392,ts-order,414.3333,ts-notification,167.7986,ts-basic,66.87,ts-station,52.7775,ts-security,32.6633,ts-travel,20.5983,ts-preserve,17.6667,ts-preserve-other,16.52,ts-user,15.21,ts-food,10.1197,ts-seat,9.2489,ts-food-map,8.0545,ts-verification-code,2.82,ts-execute,2.4683,ts-ticket-office,1.8171,ts-auth,0.8472,ts-consign,0.78,ts-ticketinfo,0.244,ts-admin-order,0.21,ts-inside-payment,0.12,ts-contacts,0.01
174, -- ,ts-train,5566.4642,ts-config,416.8867,ts-order,414.3333,ts-notification,155.92,ts-seat,63.9412,ts-food,35.9447,ts-travel,35.8839,ts-food-map,27.3075,ts-basic,21.0687,ts-preserve-other,12.16,ts-payment,10.975,ts-cancel,7.9424,ts-admin-order,5.3614,ts-ticketinfo,2.942,ts-admin-route,1.9325,ts-station,1.8913,ts-security,0.2636
175, -- ,ts-train,5592.9123,ts-order,416.1921,ts-config,414.3333,ts-admin-user,180.08,ts-notification,153.07,ts-admin-order,118.5793,ts-travel,62.4906,ts-price,28.658,ts-food-map,16.9971,ts-seat,16.6035,ts-user,13.6667,ts-preserve-other,12.16,ts-food,5.1,ts-admin-travel,4.07,ts-station,3.8617,ts-auth,1.587,ts-cancel,1.44,ts-ticket-office,1.1657,ts-admin-route,0.9712,ts-route,0.5,ts-rebook,0.06
176, -- ,ts-train,5464.264,ts-price,1138.6255,ts-order,453.3333,ts-config,414.3333,ts-notification,156.68,ts-route,78.9395,ts-seat,66.6439,ts-travel,54.6966,ts-ticketinfo,45.6375,ts-food-map,20.1274,ts-basic,16.1269,ts-user,14.6033,ts-preserve-other,14.02,ts-food,13.72,ts-station,5.3632,ts-security,3.8724,ts-auth,2.9345,ts-contacts,0.9,ts-admin-travel,0.26,ts-execute,0.03
177, -- ,ts-train,5887.5174,ts-price,2178.232,ts-config,425.0362,ts-order,414.3333,ts-notification,158.9383,ts-auth,39.93,ts-execute,25.7483,ts-preserve-other,16.57,ts-travel,11.5299,ts-basic,8.9418,ts-payment,8.385,ts-security,7.275,ts-seat,6.6664,ts-ticketinfo,6.1383,ts-station,4.2262,ts-contacts,1.89,ts-route,1.7133,ts-food,0.9833,ts-inside-payment,0.3925
178, -- ,ts-train,6142.9883,ts-price,1200.2023,ts-config,414.3333,ts-order,414.3333,ts-notification,174.6386,ts-security,81.5178,ts-contacts,73.89,ts-travel,51.0986,ts-auth,47.7152,ts-inside-payment,39.0,ts-seat,29.6202,ts-food,27.506,ts-preserve-other,16.52,ts-admin-order,14.7632,ts-user,8.19,ts-consign,7.98,ts-ticketinfo,7.2258,ts-route,7.1,ts-station,6.0544,ts-payment,5.265,ts-preserve,4.34,ts-cancel,2.0891,ts-verification-code,0.84
179, -- ,ts-train,5685.8773,ts-config,417.4217,ts-price,414.3333,ts-order,414.3333,ts-notification,153.5,ts-payment,51.35,ts-admin-order,42.0418,ts-execute,28.6848,ts-user,21.9,ts-route,15.0483,ts-preserve-other,12.16,ts-travel,11.435,ts-cancel,11.34,ts-basic,10.5987,ts-ticket-office,8.82,ts-food-map,8.7451,ts-verification-code,6.42,ts-seat,4.6631,ts-ticketinfo,3.736,ts-auth,2.9345,ts-rebook,2.34,ts-station,1.3671,ts-food,0.852,ts-security,0.575
180, -- ,ts-train,5580.1745,ts-price,414.6993,ts-config,414.3333,ts-order,414.3333,ts-notification,160.405,ts-route,75.9792,ts-station,65.5773,ts-admin-order,49.8825,ts-travel,23.7331,ts-security,19.545,ts-seat,16.3131,ts-user,13.74,ts-preserve-other,12.16,ts-assurance,10.65,ts-food-map,7.608,ts-payment,4.7,ts-auth,3.22,ts-ticket-office,0.96,ts-consign,0.48,ts-basic,0.4029
181, -- ,ts-consign,1824.1425,ts-order,1731.4233,ts-train,1691.4383,ts-travel,1456.3017,ts-voucher,1200.6075,ts-price,1139.1108,ts-ticket-office,1132.3842,ts-route,1025.0025,ts-station,964.7808,ts-contacts,903.7925,ts-news,872.2767,ts-food,870.5917,ts-assurance,859.86,ts-admin-route,833.4075,ts-rebook,815.09,ts-admin-user,802.56,ts-notification,799.0608,ts-avatar,781.5425,ts-config,762.1633,ts-cancel,758.64,ts-admin-basic-info,738.085,ts-preserve-other,733.8525,ts-admin-order,665.939,ts-admin-travel,635.4575,ts-basic,628.1055,ts-payment,602.6283,ts-ticketinfo,568.8825,ts-inside-payment,562.025,ts-verification-code,518.1925,ts-security,506.3817,ts-delivery,501.905,ts-auth,495.6667,ts-food-map,468.8225,ts-user,413.4175,ts-preserve,398.7,ts-execute,397.0207,ts-seat,391.7183,ts-ui,305.6025
