1, -- ,ts-admin-order,215.2286,ts-config,197.6667,ts-order,156.69,ts-notification,152.3733,ts-execute,8.0
2, -- ,ts-travel,4473.0924,ts-admin-order,3943.0821,ts-seat,3329.6229,ts-station,2790.242,ts-train,2596.4693,ts-price,2454.342,ts-basic,2416.3382,ts-route,2242.7273,ts-order,1996.791,ts-config,1743.0514,ts-ticketinfo,1169.7506,ts-inside-payment,477.7333,ts-food,316.54,ts-ui,280.2049,ts-notification,172.4983,ts-auth,88.9551,ts-user,44.295,ts-consign,20.83,ts-admin-route,19.1287,ts-admin-travel,12.895,ts-execute,8.0,ts-admin-basic-info,7.775,ts-contacts,7.14,ts-delivery,3.514,ts-rebook,3.375,ts-payment,1.62,ts-preserve-other,1.5625,ts-security,0.9175
3, -- ,ts-seat,5585.5564,ts-travel,4799.4289,ts-order,4602.591,ts-route,3183.1463,ts-basic,3111.0555,ts-station,3044.7942,ts-assurance,2954.2567,ts-train,2912.0311,ts-security,2715.7902,ts-food,2636.2885,ts-price,2410.5678,ts-ticketinfo,2261.6788,ts-config,1854.9012,ts-admin-order,1143.8128,ts-preserve,1082.39,ts-consign,933.595,ts-ui,667.64,ts-food-map,517.05,ts-contacts,184.17,ts-inside-payment,173.2875,ts-notification,163.3133,ts-auth,152.503,ts-execute,8.0,ts-delivery,5.148,ts-rebook,4.95,ts-preserve-other,3.84,ts-admin-route,1.9325
4, -- ,ts-travel,4762.7527,ts-order,4311.6548,ts-seat,4234.359,ts-price,3460.4662,ts-train,2391.3863,ts-basic,2015.3593,ts-station,1948.9347,ts-route,1932.9798,ts-user,1844.555,ts-ticketinfo,1756.1016,ts-admin-order,1714.578,ts-payment,1655.741,ts-config,1556.4411,ts-execute,1538.5971,ts-security,1410.7633,ts-food,1395.8743,ts-assurance,1336.6442,ts-preserve,932.0125,ts-consign,805.8625,ts-ui,342.45,ts-delivery,271.2849,ts-inside-payment,245.18,ts-food-map,233.27,ts-notification,187.2183,ts-auth,153.1858,ts-contacts,25.38,ts-ticket-office,3.86,ts-verification-code,1.54
5, -- ,ts-order,3686.7476,ts-seat,2802.4042,ts-route,2411.1353,ts-price,2091.43,ts-travel,2021.8065,ts-train,1822.45,ts-ticketinfo,1773.637,ts-basic,1601.9194,ts-food,1578.2167,ts-consign,1426.8725,ts-config,1395.8643,ts-user,1225.8625,ts-station,1186.609,ts-assurance,1084.6392,ts-payment,1068.1408,ts-admin-order,946.1063,ts-inside-payment,903.715,ts-execute,648.6832,ts-auth,495.9472,ts-preserve,420.14,ts-ui,343.425,ts-notification,165.6833,ts-delivery,97.505,ts-security,41.7625,ts-verification-code,19.29,ts-food-map,13.33,ts-ticket-office,9.11
6, -- ,ts-cancel,3556.56,ts-ticketinfo,2813.6693,ts-route,2808.4303,ts-order,2760.8685,ts-seat,2213.0163,ts-food,2083.9967,ts-user,2025.0909,ts-travel,1844.0488,ts-price,1731.256,ts-assurance,1504.775,ts-train,1473.5359,ts-basic,1454.9598,ts-consign,1436.39,ts-config,1417.5471,ts-payment,999.9317,ts-station,895.087,ts-inside-payment,867.9283,ts-preserve,636.24,ts-admin-order,563.4943,ts-auth,418.2467,ts-execute,346.1542,ts-security,195.845,ts-notification,152.0,ts-contacts,143.66,ts-ui,115.18,ts-food-map,21.73,ts-admin-user,15.12,ts-ticket-office,11.67,ts-admin-route,2.1725,ts-delivery,1.81
7, -- ,ts-order,4672.4371,ts-route,3419.4547,ts-cancel,2668.6158,ts-ticketinfo,2506.0648,ts-travel,2344.8972,ts-basic,2236.9781,ts-seat,2117.6363,ts-food,1830.01,ts-assurance,1675.1667,ts-execute,1670.2275,ts-user,1496.9159,ts-config,1396.7344,ts-price,1378.0968,ts-consign,1348.485,ts-inside-payment,1200.4108,ts-train,1132.3205,ts-payment,853.2217,ts-station,697.3387,ts-food-map,591.93,ts-preserve,490.948,ts-admin-order,414.3333,ts-notification,155.775,ts-contacts,151.73,ts-security,50.13,ts-auth,9.352,ts-delivery,4.58,ts-admin-user,1.375
8, -- ,ts-order,4137.139,ts-cancel,3831.05,ts-admin-order,3462.425,ts-route,3061.7226,ts-ticketinfo,3014.4722,ts-payment,2251.465,ts-basic,2129.4823,ts-seat,1984.0176,ts-user,1825.675,ts-travel,1804.4161,ts-food,1770.6033,ts-consign,1557.18,ts-assurance,1540.7833,ts-config,1425.9601,ts-train,1030.1787,ts-price,1025.1413,ts-inside-payment,646.3242,ts-execute,626.5225,ts-station,537.3877,ts-food-map,460.35,ts-preserve,400.175,ts-notification,152.3733,ts-contacts,129.03,ts-security,38.0975,ts-preserve-other,10.02,ts-auth,9.3,ts-verification-code,2.28,ts-delivery,1.1
9, -- ,ts-order,4621.9914,ts-ticketinfo,2617.3387,ts-travel,2234.5871,ts-route,2184.6186,ts-seat,2102.8429,ts-basic,2089.2234,ts-payment,2010.8267,ts-user,1912.705,ts-config,1189.9859,ts-price,1088.614,ts-assurance,994.6042,ts-food,980.7075,ts-cancel,904.8467,ts-train,858.7427,ts-station,563.5266,ts-preserve,555.165,ts-execute,535.1567,ts-admin-order,441.4073,ts-consign,413.4975,ts-inside-payment,264.3757,ts-food-map,159.84,ts-notification,157.715,ts-contacts,65.72,ts-auth,19.8407,ts-security,17.875,ts-delivery,5.39,ts-rebook,3.27,ts-admin-route,3.06
10, -- ,ts-order,4641.1998,ts-travel,3178.1056,ts-ticketinfo,2592.4937,ts-route,2310.3631,ts-seat,2207.2418,ts-basic,2175.2922,ts-admin-order,1550.0319,ts-user,1505.615,ts-config,1217.5095,ts-price,1202.2907,ts-payment,1020.4533,ts-cancel,847.6667,ts-train,768.412,ts-station,575.4789,ts-food,567.2433,ts-preserve,271.15,ts-assurance,217.8,ts-food-map,176.67,ts-inside-payment,162.9287,ts-notification,159.7433,ts-consign,126.54,ts-security,50.325,ts-auth,44.4212,ts-execute,36.695,ts-delivery,11.4,ts-ui,6.09,ts-contacts,1.74
11, -- ,ts-order,4422.0642,ts-travel,3206.4406,ts-route,3156.9301,ts-ticketinfo,2617.95,ts-auth,2443.1457,ts-payment,2220.25,ts-seat,2196.47,ts-basic,2160.4517,ts-admin-order,1245.4972,ts-config,1000.728,ts-user,991.2333,ts-preserve,959.25,ts-price,940.7288,ts-cancel,847.6667,ts-train,610.9591,ts-station,412.218,ts-inside-payment,191.8875,ts-notification,156.24,ts-execute,116.5125,ts-security,115.935,ts-food,104.13,ts-admin-user,92.97,ts-contacts,66.96,ts-food-map,26.33,ts-assurance,16.92,ts-ui,6.09,ts-delivery,5.33,ts-consign,3.18,ts-preserve-other,2.22
12, -- ,ts-order,4357.1265,ts-travel,3254.9962,ts-payment,3055.5675,ts-route,3011.6018,ts-seat,2781.23,ts-ticketinfo,2648.9561,ts-basic,2147.6942,ts-preserve,1198.9475,ts-cancel,1005.9408,ts-config,939.1609,ts-price,911.5957,ts-user,609.0588,ts-train,594.4611,ts-admin-order,546.6105,ts-station,390.5811,ts-inside-payment,200.445,ts-food,196.5133,ts-notification,179.7883,ts-assurance,92.3367,ts-food-map,91.03,ts-security,81.63,ts-auth,67.8887,ts-execute,42.925,ts-contacts,28.32,ts-ui,15.18,ts-admin-route,1.26,ts-delivery,1.06
13, -- ,ts-order,6173.165,ts-route,3099.2634,ts-ticketinfo,2723.5555,ts-travel,2471.213,ts-basic,2170.0067,ts-seat,1286.2417,ts-config,881.1695,ts-price,872.5697,ts-payment,855.9,ts-cancel,828.3633,ts-train,617.1113,ts-preserve,602.91,ts-user,465.2688,ts-admin-order,432.2865,ts-station,304.2476,ts-food,204.886,ts-notification,186.05,ts-security,137.2975,ts-contacts,109.17,ts-food-map,41.3,ts-auth,41.013,ts-execute,38.36,ts-inside-payment,28.9942,ts-assurance,17.73,ts-ui,15.18,ts-preserve-other,2.67,ts-consign,2.58,ts-delivery,1.2
14, -- ,ts-order,3525.7973,ts-route,3086.5265,ts-ticketinfo,2719.3775,ts-travel,2319.1696,ts-basic,1885.1473,ts-seat,1299.9049,ts-price,880.9897,ts-config,804.9983,ts-user,642.3133,ts-train,492.0339,ts-cancel,447.4783,ts-admin-order,417.0098,ts-payment,408.79,ts-preserve,329.2413,ts-station,297.7639,ts-notification,156.265,ts-security,111.7954,ts-delivery,83.5,ts-assurance,68.1,ts-contacts,40.53,ts-auth,35.9167,ts-execute,35.62,ts-food,28.84,ts-inside-payment,18.9475,ts-food-map,10.22,ts-rebook,4.23,ts-preserve-other,3.45,ts-admin-user,2.67
15, -- ,ts-order,3779.558,ts-route,2709.4325,ts-travel,2222.909,ts-basic,1736.9068,ts-ticketinfo,1673.6667,ts-seat,1313.3519,ts-price,914.526,ts-config,666.1733,ts-user,498.4283,ts-admin-order,494.3149,ts-train,431.0647,ts-cancel,414.3333,ts-preserve,342.48,ts-payment,319.15,ts-station,263.1385,ts-notification,157.005,ts-security,62.3442,ts-auth,35.5,ts-assurance,30.36,ts-contacts,29.73,ts-food,19.64,ts-execute,9.1042,ts-food-map,4.23,ts-consign,3.36,ts-rebook,0.76
16, -- ,ts-order,5685.2617,ts-seat,3637.98,ts-route,2832.6433,ts-travel,2681.6164,ts-basic,1816.9429,ts-ticketinfo,1281.88,ts-price,669.8672,ts-cancel,644.5783,ts-config,633.6599,ts-train,438.5948,ts-admin-order,431.9445,ts-payment,341.625,ts-preserve,327.4675,ts-station,267.2677,ts-user,249.5625,ts-notification,168.32,ts-food,148.83,ts-contacts,119.695,ts-security,118.5325,ts-auth,59.742,ts-inside-payment,33.7325,ts-consign,18.54,ts-preserve-other,8.3337,ts-rebook,7.7025,ts-delivery,7.075,ts-food-map,7.03,ts-execute,6.035,ts-assurance,5.76
17, -- ,ts-seat,5474.0375,ts-order,3197.8148,ts-route,1787.69,ts-travel,1323.5153,ts-ticketinfo,1284.578,ts-basic,1215.5355,ts-config,632.9651,ts-train,470.8558,ts-price,418.2467,ts-cancel,415.0733,ts-admin-order,414.4573,ts-payment,319.185,ts-station,262.7811,ts-preserve,213.35,ts-notification,179.755,ts-food,73.2,ts-auth,67.5867,ts-assurance,21.03,ts-consign,18.18,ts-execute,14.14,ts-contacts,13.72,ts-security,12.02,ts-delivery,10.035,ts-inside-payment,8.3975,ts-preserve-other,8.3337,ts-rebook,7.7025,ts-food-map,1.66
18, -- ,ts-order,1862.2201,ts-route,1316.8433,ts-travel,962.9714,ts-ticketinfo,961.5595,ts-basic,852.2227,ts-config,631.0,ts-seat,488.0563,ts-train,451.654,ts-price,426.0193,ts-cancel,414.3333,ts-payment,345.455,ts-preserve,320.535,ts-admin-order,265.334,ts-notification,169.08,ts-station,167.0,ts-inside-payment,126.2875,ts-security,87.9523,ts-user,74.875,ts-food,60.52,ts-contacts,54.52,ts-assurance,11.76,ts-auth,7.3712,ts-execute,4.45,ts-delivery,2.75,ts-food-map,1.64,ts-preserve-other,1.3812,ts-consign,0.28
19, -- ,ts-order,1415.3255,ts-route,1312.0444,ts-cancel,1152.33,ts-travel,1105.0853,ts-ticketinfo,943.6667,ts-basic,852.7922,ts-config,697.6119,ts-seat,553.2138,ts-price,526.1503,ts-train,428.308,ts-payment,292.4683,ts-station,220.1397,ts-food,218.8717,ts-notification,158.0,ts-preserve,149.535,ts-inside-payment,113.1942,ts-admin-order,77.5414,ts-security,63.3475,ts-assurance,45.75,ts-contacts,28.58,ts-user,24.5767,ts-auth,5.5,ts-food-map,4.56,ts-execute,4.16,ts-preserve-other,0.7812,ts-ui,0.4831,ts-delivery,0.325,ts-consign,0.24
20, -- ,ts-route,1678.9843,ts-order,1428.3336,ts-travel,952.1679,ts-basic,847.6667,ts-ticketinfo,705.9393,ts-config,648.2364,ts-price,429.3263,ts-seat,427.0244,ts-train,343.0099,ts-food-map,303.75,ts-preserve,191.565,ts-station,169.0033,ts-payment,166.0467,ts-notification,164.6783,ts-food,80.7833,ts-assurance,79.44,ts-user,28.91,ts-security,23.8725,ts-consign,23.04,ts-contacts,18.54,ts-execute,10.0,ts-admin-order,7.914,ts-auth,5.5,ts-inside-payment,3.9775,ts-preserve-other,2.61,ts-admin-basic-info,1.9225
21, -- ,ts-travel,1596.0841,ts-route,981.2117,ts-order,972.954,ts-basic,847.7917,ts-config,634.78,ts-price,490.5635,ts-ticketinfo,469.6573,ts-admin-order,427.8544,ts-seat,422.3483,ts-train,315.9097,ts-food-map,251.44,ts-notification,174.1717,ts-station,155.0267,ts-payment,152.35,ts-preserve,96.715,ts-food,84.0717,ts-security,51.2278,ts-execute,44.9125,ts-inside-payment,43.1408,ts-ui,33.9912,ts-auth,25.2905,ts-verification-code,7.26,ts-rebook,5.59,ts-consign,4.38,ts-admin-travel,2.81,ts-admin-basic-info,1.9225,ts-user,1.74,ts-contacts,1.53,ts-assurance,1.29,ts-delivery,1.2
22, -- ,ts-basic,1197.1057,ts-route,861.94,ts-travel,762.2306,ts-config,633.1363,ts-order,520.3212,ts-ticketinfo,433.4673,ts-seat,414.9567,ts-admin-order,334.0494,ts-train,327.595,ts-food-map,269.74,ts-food,216.64,ts-assurance,186.2967,ts-payment,169.99,ts-station,164.7986,ts-notification,157.245,ts-security,150.14,ts-contacts,76.44,ts-price,63.248,ts-user,23.79,ts-auth,21.8333,ts-execute,18.05,ts-preserve,14.305,ts-delivery,10.175,ts-inside-payment,3.6258,ts-admin-travel,0.26,ts-rebook,0.25
23, -- ,ts-route,1343.8067,ts-travel,759.5839,ts-config,658.526,ts-basic,545.5208,ts-ticketinfo,527.208,ts-seat,475.451,ts-order,441.8969,ts-train,401.0887,ts-station,246.1318,ts-payment,172.4818,ts-food-map,157.73,ts-notification,155.5133,ts-price,88.6123,ts-consign,34.521,ts-contacts,34.29,ts-food,31.33,ts-execute,26.2325,ts-assurance,13.6433,ts-security,12.955,ts-preserve,12.6883,ts-user,9.06,ts-verification-code,7.03,ts-inside-payment,6.725,ts-preserve-other,4.86,ts-delivery,4.435,ts-auth,2.8433
24, -- ,ts-route,1122.32,ts-travel,702.2608,ts-config,647.8424,ts-order,526.0162,ts-ticketinfo,443.638,ts-seat,442.1458,ts-basic,414.3333,ts-payment,332.6833,ts-train,330.5341,ts-station,320.8522,ts-notification,180.42,ts-user,85.08,ts-food,76.3333,ts-execute,71.3675,ts-price,64.6647,ts-contacts,49.2,ts-assurance,35.97,ts-security,26.495,ts-food-map,24.494,ts-admin-user,23.34,ts-consign,15.12,ts-admin-travel,12.89,ts-admin-basic-info,10.3662,ts-admin-route,7.755,ts-preserve,6.245,ts-auth,5.9333,ts-delivery,4.29,ts-verification-code,0.99,ts-ui,0.274
25, -- ,ts-route,909.0225,ts-config,640.4327,ts-travel,622.4332,ts-inside-payment,574.875,ts-food,513.74,ts-order,464.6751,ts-seat,464.2973,ts-ticketinfo,420.6475,ts-basic,414.5313,ts-train,282.5499,ts-user,241.5358,ts-station,194.9634,ts-notification,180.1,ts-payment,166.4301,ts-execute,129.213,ts-assurance,49.4467,ts-price,48.901,ts-security,41.5375,ts-contacts,28.8,ts-preserve-other,15.7175,ts-rebook,13.9525,ts-consign,11.46,ts-admin-basic-info,10.3362,ts-food-map,7.94,ts-ui,6.5941,ts-admin-travel,5.4687,ts-admin-route,3.8562,ts-verification-code,2.16,ts-preserve,1.4,ts-admin-user,1.375
26, -- ,ts-inside-payment,768.1708,ts-config,714.0924,ts-order,688.1228,ts-travel,677.9032,ts-route,605.6447,ts-seat,499.6092,ts-ticketinfo,455.2904,ts-food,436.7533,ts-basic,421.6737,ts-train,255.0715,ts-station,218.9519,ts-notification,176.465,ts-price,88.296,ts-consign,57.258,ts-assurance,36.48,ts-security,34.5139,ts-user,25.68,ts-payment,25.26,ts-rebook,14.4325,ts-admin-user,12.6,ts-contacts,11.28,ts-food-map,10.34,ts-preserve-other,5.7387,ts-delivery,5.12,ts-auth,5.05,ts-admin-travel,2.6037,ts-preserve,2.55,ts-execute,1.92
27, -- ,ts-inside-payment,1354.6558,ts-travel,554.2287,ts-order,530.8536,ts-config,517.2939,ts-route,470.5195,ts-seat,452.9305,ts-ticketinfo,451.7593,ts-basic,293.4635,ts-train,183.7781,ts-notification,175.2283,ts-station,115.1825,ts-admin-order,94.0649,ts-price,64.659,ts-security,29.51,ts-execute,26.04,ts-payment,17.855,ts-user,15.8667,ts-verification-code,13.835,ts-auth,11.8559,ts-rebook,11.13,ts-assurance,6.1767,ts-food,5.71,ts-preserve,5.6367,ts-consign,2.62,ts-contacts,0.75,ts-delivery,0.59
28, -- ,ts-config,1583.7508,ts-train,1283.3246,ts-inside-payment,914.4375,ts-travel,874.8864,ts-station,755.2642,ts-seat,721.6717,ts-basic,608.1541,ts-order,578.3489,ts-route,415.6833,ts-ticketinfo,414.3333,ts-notification,204.4433,ts-preserve,153.645,ts-auth,130.4845,ts-food,78.74,ts-cancel,75.75,ts-contacts,30.98,ts-security,26.915,ts-price,24.2364,ts-payment,19.365,ts-admin-order,17.2597,ts-user,11.4509,ts-consign,9.0,ts-delivery,6.6067,ts-execute,2.665,ts-preserve-other,1.47,ts-verification-code,1.15
29, -- ,ts-travel,1926.4934,ts-config,1541.4028,ts-train,922.3955,ts-basic,831.5855,ts-station,619.3645,ts-order,516.6071,ts-route,451.5837,ts-seat,434.8717,ts-ticketinfo,417.7533,ts-inside-payment,256.3775,ts-price,172.6317,ts-notification,164.4483,ts-auth,66.1782,ts-preserve,34.655,ts-payment,24.95,ts-security,15.3677,ts-contacts,14.33,ts-execute,10.9325,ts-user,6.6682,ts-consign,3.12,ts-food,2.54,ts-rebook,2.46,ts-preserve-other,1.2
30, -- ,ts-travel,3667.8438,ts-basic,1925.6582,ts-config,798.6972,ts-seat,429.8423,ts-route,426.91,ts-order,417.1355,ts-ticketinfo,414.7373,ts-train,365.3352,ts-station,268.5804,ts-inside-payment,263.345,ts-notification,166.4033,ts-security,146.3933,ts-admin-order,87.9707,ts-user,74.85,ts-contacts,51.66,ts-price,32.8117,ts-food,23.8,ts-payment,12.27,ts-execute,8.2725,ts-preserve,6.135,ts-food-map,3.81,ts-assurance,3.21,ts-auth,0.4167,ts-delivery,0.185
31, -- ,ts-travel,2039.7666,ts-basic,1609.0402,ts-config,705.1277,ts-route,464.7168,ts-order,441.0667,ts-seat,425.9935,ts-ticketinfo,414.3333,ts-price,275.5509,ts-train,270.218,ts-station,252.0761,ts-user,195.0933,ts-inside-payment,173.5687,ts-notification,152.3733,ts-contacts,72.32,ts-food,64.08,ts-security,54.7583,ts-preserve,21.875,ts-payment,21.755,ts-assurance,14.04,ts-food-map,10.6,ts-delivery,6.5,ts-execute,2.93,ts-admin-order,1.692
32, -- ,ts-basic,1338.3545,ts-travel,990.7535,ts-config,694.0006,ts-order,493.9319,ts-ticketinfo,418.7053,ts-route,416.3683,ts-seat,416.0833,ts-train,280.405,ts-station,186.761,ts-inside-payment,183.1871,ts-notification,156.645,ts-assurance,89.01,ts-user,54.66,ts-price,45.796,ts-contacts,34.47,ts-food,28.98,ts-cancel,28.89,ts-payment,27.86,ts-execute,25.23,ts-food-map,10.88,ts-delivery,7.75,ts-security,6.625,ts-admin-order,4.484,ts-admin-user,4.08,ts-preserve,3.855,ts-auth,2.6233
33, -- ,ts-basic,1307.235,ts-travel,1086.4021,ts-config,701.1287,ts-ticketinfo,573.6302,ts-seat,532.2456,ts-route,529.7846,ts-order,509.6306,ts-station,234.724,ts-train,223.9902,ts-inside-payment,175.115,ts-notification,159.3683,ts-price,129.5293,ts-consign,103.29,ts-security,41.305,ts-preserve,32.6637,ts-auth,20.5534,ts-verification-code,18.655,ts-contacts,17.74,ts-payment,10.795,ts-execute,5.9575,ts-assurance,5.88,ts-food,5.83,ts-delivery,5.515,ts-user,3.54,ts-cancel,3.48,ts-admin-order,2.522,ts-food-map,0.62
34, -- ,ts-basic,1286.5825,ts-travel,1205.6905,ts-config,640.0677,ts-order,557.628,ts-route,539.1033,ts-user,479.2,ts-seat,423.5783,ts-inside-payment,201.6385,ts-station,193.5772,ts-train,153.1874,ts-notification,152.3733,ts-price,102.6013,ts-admin-order,55.2387,ts-food,47.9775,ts-contacts,26.69,ts-food-map,20.41,ts-payment,15.755,ts-cancel,13.56,ts-execute,10.67,ts-security,8.9181,ts-ticketinfo,8.38,ts-preserve-other,2.0,ts-verification-code,1.31,ts-preserve,0.995,ts-delivery,0.9
35, -- ,ts-basic,1366.6805,ts-travel,940.0398,ts-config,642.4216,ts-order,516.1503,ts-route,437.4203,ts-seat,419.893,ts-user,286.56,ts-inside-payment,262.5512,ts-notification,162.5,ts-station,156.4473,ts-train,109.0154,ts-admin-order,69.0289,ts-payment,53.785,ts-security,28.5747,ts-price,10.7017,ts-consign,9.0,ts-contacts,6.69,ts-auth,5.9333,ts-delivery,3.905,ts-ticketinfo,3.102,ts-preserve,2.15,ts-food,1.66,ts-execute,1.52,ts-rebook,1.41,ts-cancel,1.23,ts-food-map,0.47
36, -- ,ts-basic,975.2367,ts-config,631.0,ts-travel,582.8542,ts-order,515.4998,ts-seat,417.5317,ts-route,414.3333,ts-inside-payment,191.8475,ts-station,157.8208,ts-notification,154.6183,ts-train,94.3409,ts-admin-order,35.1823,ts-payment,20.35,ts-security,19.415,ts-assurance,19.32,ts-contacts,10.01,ts-auth,6.3767,ts-preserve-other,6.18,ts-user,4.6658,ts-ticketinfo,3.578,ts-preserve,2.615,ts-execute,1.74
37, -- ,ts-preserve,930.525,ts-config,672.5118,ts-travel,470.7087,ts-order,465.4212,ts-basic,450.7698,ts-seat,416.0517,ts-route,414.8467,ts-station,203.9917,ts-notification,181.9117,ts-inside-payment,150.87,ts-train,129.4959,ts-cancel,69.67,ts-security,43.81,ts-food,23.48,ts-consign,20.82,ts-user,16.08,ts-ticketinfo,11.5676,ts-food-map,5.98,ts-payment,4.865,ts-contacts,3.8,ts-price,3.5739,ts-delivery,3.29,ts-execute,2.94,ts-ui,2.148,ts-assurance,0.93
38, -- ,ts-preserve,900.245,ts-config,636.8014,ts-travel,560.8818,ts-order,427.0108,ts-route,420.52,ts-seat,416.7983,ts-basic,416.4313,ts-station,219.9747,ts-notification,162.4233,ts-inside-payment,152.51,ts-train,135.927,ts-payment,87.6142,ts-contacts,77.42,ts-admin-order,53.9595,ts-price,43.7753,ts-security,31.525,ts-consign,10.08,ts-cancel,6.6,ts-user,5.925,ts-food,4.5,ts-admin-user,3.21,ts-rebook,1.5,ts-food-map,1.31,ts-auth,0.6367,ts-execute,0.54,ts-assurance,0.4067,ts-ui,0.09
39, -- ,ts-seat,1433.57,ts-config,648.9094,ts-travel,502.7086,ts-order,450.8201,ts-route,414.8967,ts-basic,414.6708,ts-inside-payment,271.73,ts-notification,169.3033,ts-station,158.1668,ts-train,109.2244,ts-price,51.0397,ts-consign,46.48,ts-food,39.49,ts-payment,28.01,ts-preserve,23.8727,ts-ticket-office,18.67,ts-security,15.4975,ts-preserve-other,12.09,ts-execute,8.705,ts-user,5.97,ts-admin-order,5.3,ts-contacts,3.57,ts-admin-travel,3.15,ts-delivery,0.215
40, -- ,ts-travel,1903.4866,ts-basic,1205.5833,ts-config,635.185,ts-route,417.54,ts-order,171.6625,ts-station,160.984,ts-notification,152.6683,ts-security,117.1806,ts-train,98.3003,ts-assurance,90.3933,ts-food,89.8733,ts-inside-payment,72.32,ts-contacts,44.61,ts-preserve,31.76,ts-cancel,27.9175,ts-ticket-office,15.94,ts-payment,8.82,ts-price,7.216,ts-delivery,6.37,ts-user,6.21,ts-food-map,6.12,ts-consign,2.4,ts-execute,2.3725,ts-seat,0.6005,ts-auth,0.4167
41, -- ,ts-config,633.5253,ts-route,227.7366,ts-order,204.9414,ts-payment,160.9925,ts-station,159.568,ts-travel,158.9088,ts-notification,153.5383,ts-basic,126.0,ts-train,95.044,ts-security,42.4307,ts-delivery,34.8392,ts-contacts,20.28,ts-price,19.6477,ts-user,18.39,ts-preserve,13.148,ts-cancel,11.88,ts-food-map,10.36,ts-food,9.69,ts-admin-travel,6.3125,ts-consign,4.32,ts-assurance,4.04,ts-execute,3.05,ts-inside-payment,2.6125,ts-rebook,1.98,ts-auth,1.2967,ts-seat,0.7883
42, -- ,ts-payment,1220.31,ts-config,632.925,ts-order,503.0998,ts-inside-payment,266.8683,ts-route,200.8382,ts-station,163.0107,ts-notification,152.7283,ts-seat,145.0152,ts-train,135.2606,ts-consign,116.76,ts-travel,85.0556,ts-security,82.5205,ts-food,49.75,ts-contacts,36.82,ts-price,21.6889,ts-user,17.28,ts-admin-order,14.5093,ts-execute,8.1625,ts-preserve-other,4.05,ts-admin-travel,3.6462,ts-food-map,2.65,ts-assurance,2.55,ts-preserve,2.16,ts-basic,2.098,ts-auth,1.7317,ts-ticketinfo,0.9982
43, -- ,ts-payment,1084.315,ts-config,661.7683,ts-order,596.7005,ts-notification,155.0933,ts-station,154.3333,ts-inside-payment,123.475,ts-train,123.4044,ts-admin-order,85.3811,ts-user,77.3175,ts-price,59.4,ts-travel,56.502,ts-route,30.7567,ts-food,20.254,ts-seat,10.6757,ts-delivery,10.155,ts-contacts,8.61,ts-auth,5.05,ts-ui,3.83,ts-execute,3.37,ts-security,1.815,ts-preserve,1.8,ts-consign,1.2667,ts-basic,1.204
44, -- ,ts-config,637.5139,ts-notification,162.2533,ts-station,155.0267,ts-train,141.6971,ts-travel,113.6495,ts-contacts,88.53,ts-order,83.0661,ts-price,56.45,ts-seat,15.2895,ts-consign,13.3267,ts-admin-order,12.7891,ts-food,10.76,ts-security,4.915,ts-payment,4.6,ts-execute,3.765,ts-inside-payment,2.57,ts-delivery,1.795,ts-user,1.2,ts-route,0.35
45, -- ,ts-config,614.3567,ts-notification,166.755,ts-station,164.8296,ts-train,119.7205,ts-price,112.836,ts-payment,89.29,ts-security,81.005,ts-ticketinfo,68.76,ts-cancel,40.5469,ts-inside-payment,34.2983,ts-route,32.0867,ts-execute,26.1525,ts-contacts,24.57,ts-admin-order,20.9269,ts-user,20.04,ts-travel,18.9117,ts-consign,11.79,ts-order,11.5433,ts-preserve,9.02,ts-auth,8.482,ts-admin-route,6.0475,ts-seat,2.0558,ts-basic,1.4625,ts-food,1.44,ts-admin-travel,0.57,ts-ui,0.0667,ts-preserve-other,0.03
46, -- ,ts-config,2290.2469,ts-execute,1252.5725,ts-train,1090.7189,ts-station,949.4436,ts-notification,290.7233,ts-delivery,231.52,ts-travel,156.4173,ts-user,134.28,ts-auth,126.105,ts-order,77.4957,ts-payment,39.505,ts-food,11.4233,ts-price,6.817,ts-admin-order,4.756,ts-assurance,1.9033,ts-admin-route,0.92,ts-seat,0.8033,ts-preserve-other,0.7812,ts-inside-payment,0.7475,ts-basic,0.0275
47, -- ,ts-config,1628.0446,ts-execute,752.0725,ts-train,687.6807,ts-station,535.7725,ts-order,420.472,ts-inside-payment,285.8183,ts-travel,246.9056,ts-notification,163.28,ts-security,101.3424,ts-route,57.918,ts-food,54.4,ts-auth,40.3418,ts-contacts,37.36,ts-user,36.8,ts-seat,36.3118,ts-payment,26.92,ts-assurance,16.05,ts-consign,9.69,ts-price,7.88,ts-admin-order,6.1654,ts-admin-route,3.375,ts-preserve-other,2.865,ts-rebook,1.92,ts-preserve,0.64,ts-delivery,0.01
48, -- ,ts-basic,7220.8687,ts-order,944.0771,ts-config,885.1701,ts-station,291.8606,ts-train,174.4134,ts-inside-payment,167.5975,ts-notification,164.015,ts-travel,80.6828,ts-execute,78.76,ts-security,50.1525,ts-payment,38.6255,ts-route,32.8626,ts-price,29.275,ts-contacts,21.82,ts-assurance,20.61,ts-ticketinfo,17.2757,ts-food,14.6667,ts-user,8.49,ts-auth,7.0367,ts-seat,5.7643,ts-rebook,3.48,ts-food-map,1.43,ts-preserve,0.5
49, -- ,ts-basic,3094.0568,ts-order,929.8509,ts-config,715.9259,ts-route,427.7986,ts-station,212.3108,ts-notification,182.9733,ts-train,150.549,ts-travel,88.6216,ts-seat,47.3561,ts-price,37.0333,ts-food,28.22,ts-contacts,21.3,ts-security,15.3391,ts-inside-payment,15.1275,ts-assurance,13.02,ts-delivery,6.0,ts-user,3.63,ts-preserve,2.88,ts-verification-code,2.42,ts-auth,1.52,ts-admin-order,1.2396,ts-food-map,1.05,ts-execute,0.29,ts-payment,0.22
50, -- ,ts-order,1163.8262,ts-basic,909.6734,ts-config,680.826,ts-payment,220.9868,ts-train,199.1814,ts-route,168.5833,ts-station,166.0714,ts-notification,156.0483,ts-user,81.7,ts-food,71.99,ts-execute,36.34,ts-security,28.7,ts-assurance,25.08,ts-contacts,21.06,ts-seat,6.0171,ts-admin-travel,1.8,ts-food-map,1.51,ts-consign,1.2667,ts-delivery,1.18,ts-travel,1.1002,ts-preserve,0.58,ts-inside-payment,0.0842
51, -- ,ts-order,1215.4777,ts-basic,858.1715,ts-config,653.5053,ts-travel,278.189,ts-station,277.6432,ts-route,209.0358,ts-notification,152.135,ts-train,118.0884,ts-security,71.3039,ts-inside-payment,59.1558,ts-execute,38.36,ts-payment,23.7325,ts-seat,12.3737,ts-admin-order,8.4096,ts-contacts,7.56,ts-user,6.08,ts-consign,4.3747,ts-price,0.4717,ts-preserve-other,0.36,ts-admin-route,0.25
52, -- ,ts-order,991.5154,ts-basic,871.0539,ts-config,658.7462,ts-price,427.7488,ts-travel,331.0281,ts-station,256.0277,ts-notification,154.4683,ts-route,143.148,ts-train,141.4084,ts-assurance,53.96,ts-food,52.56,ts-auth,29.895,ts-payment,26.185,ts-security,20.3125,ts-inside-payment,19.3225,ts-ticketinfo,15.9971,ts-seat,10.8782,ts-contacts,9.66,ts-user,9.1167,ts-consign,8.67,ts-preserve,1.845,ts-admin-order,0.886
53, -- ,ts-order,1292.8804,ts-basic,847.6942,ts-config,639.3024,ts-route,285.3778,ts-price,227.9096,ts-seat,185.8389,ts-station,173.9013,ts-notification,167.6983,ts-train,97.5741,ts-travel,82.923,ts-food,33.32,ts-security,26.1283,ts-execute,17.22,ts-assurance,15.99,ts-rebook,13.62,ts-delivery,12.41,ts-cancel,7.92,ts-contacts,6.69,ts-preserve-other,4.5,ts-consign,1.92,ts-verification-code,1.08,ts-preserve,0.8933,ts-auth,0.404
54, -- ,ts-order,1501.9617,ts-basic,847.6667,ts-config,665.0393,ts-preserve,576.024,ts-station,205.6897,ts-seat,195.8094,ts-train,179.956,ts-notification,152.64,ts-travel,116.4109,ts-execute,74.49,ts-route,58.8957,ts-price,47.2944,ts-payment,42.7968,ts-contacts,35.01,ts-security,29.73,ts-food,21.5,ts-user,8.97,ts-assurance,8.55,ts-consign,3.228,ts-delivery,1.94,ts-ui,0.1525
55, -- ,ts-order,1559.4204,ts-basic,847.6942,ts-config,631.0,ts-travel,360.3445,ts-payment,172.8819,ts-train,163.1851,ts-station,155.0521,ts-notification,152.97,ts-food,36.14,ts-contacts,33.55,ts-security,31.605,ts-inside-payment,25.8267,ts-execute,24.01,ts-seat,19.757,ts-admin-order,13.2289,ts-user,9.15,ts-ticketinfo,5.006,ts-delivery,4.84,ts-consign,4.36,ts-preserve,2.875,ts-assurance,1.36,ts-preserve-other,1.08,ts-price,1.0487,ts-auth,0.2125
56, -- ,ts-travel,4120.2375,ts-order,1358.5128,ts-basic,847.6667,ts-config,641.2875,ts-notification,191.95,ts-station,154.4096,ts-train,121.0466,ts-food,65.2,ts-cancel,40.17,ts-route,28.8367,ts-assurance,16.0067,ts-admin-order,15.1232,ts-contacts,15.11,ts-security,6.755,ts-ticketinfo,5.166,ts-delivery,4.65,ts-payment,3.69,ts-inside-payment,3.5475,ts-seat,3.3333,ts-preserve,3.175,ts-execute,1.37,ts-rebook,0.44,ts-auth,0.128
57, -- ,ts-basic,8234.4763,ts-travel,1952.4872,ts-order,1312.2421,ts-config,667.8879,ts-ticketinfo,599.292,ts-train,178.1368,ts-station,158.3546,ts-notification,154.84,ts-payment,106.06,ts-price,67.7985,ts-security,39.4192,ts-food-map,37.54,ts-contacts,24.3,ts-seat,22.8424,ts-food,11.92,ts-inside-payment,9.5525,ts-delivery,6.59,ts-admin-order,4.2805,ts-consign,3.24,ts-preserve,2.135,ts-user,0.415,ts-route,0.292,ts-cancel,0.09
58, -- ,ts-order,1299.3592,ts-config,644.9143,ts-ticketinfo,602.784,ts-travel,533.4356,ts-basic,414.3333,ts-train,207.7748,ts-notification,156.785,ts-station,154.3333,ts-price,146.0933,ts-security,34.61,ts-preserve,28.155,ts-food,23.76,ts-seat,17.5125,ts-contacts,16.16,ts-assurance,8.25,ts-delivery,8.06,ts-execute,7.175,ts-food-map,6.51,ts-consign,2.8667,ts-payment,0.64
59, -- ,ts-order,1295.3502,ts-config,631.0,ts-travel,460.8689,ts-basic,414.3333,ts-notification,161.0283,ts-station,154.3333,ts-train,128.2855,ts-auth,98.2843,ts-admin-order,42.7179,ts-seat,29.361,ts-price,27.8267,ts-user,25.56,ts-food,24.135,ts-contacts,19.78,ts-security,15.1448,ts-route,14.8387,ts-food-map,4.32,ts-delivery,3.75,ts-execute,2.17,ts-preserve,1.03,ts-inside-payment,0.62
60, -- ,ts-order,1329.6675,ts-config,641.4161,ts-travel,611.0783,ts-basic,414.3608,ts-notification,160.805,ts-station,154.3333,ts-train,90.3915,ts-food,56.18,ts-cancel,34.8521,ts-inside-payment,29.8792,ts-contacts,26.85,ts-price,24.5517,ts-preserve,5.32,ts-consign,5.2,ts-auth,4.9812,ts-seat,4.115,ts-payment,2.885,ts-delivery,1.21,ts-food-map,0.18
61, -- ,ts-order,1290.545,ts-station,683.385,ts-config,632.925,ts-travel,465.6736,ts-basic,438.8158,ts-notification,189.8666,ts-train,89.3333,ts-preserve,56.77,ts-contacts,20.49,ts-execute,17.52,ts-seat,11.1157,ts-inside-payment,11.0592,ts-consign,6.0,ts-payment,5.55,ts-delivery,3.9633,ts-cancel,2.97,ts-security,2.88,ts-preserve-other,1.2,ts-food,0.46
62, -- ,ts-station,4562.2831,ts-basic,1195.875,ts-config,633.9215,ts-order,581.9792,ts-travel,437.9618,ts-route,175.6408,ts-notification,156.1,ts-train,119.4165,ts-preserve,60.505,ts-contacts,57.09,ts-payment,56.98,ts-price,52.1627,ts-food,33.62,ts-user,28.77,ts-seat,14.2228,ts-security,6.8,ts-assurance,5.91,ts-auth,1.6692,ts-rebook,1.59,ts-consign,1.3333,ts-delivery,1.1733,ts-inside-payment,1.0877,ts-execute,0.7575
63, -- ,ts-station,4679.5378,ts-travel,2198.4117,ts-order,773.1132,ts-config,631.0,ts-basic,442.0848,ts-notification,153.9333,ts-food-map,152.629,ts-train,89.3333,ts-price,50.1083,ts-food,49.665,ts-payment,22.155,ts-route,19.8967,ts-seat,12.907,ts-admin-order,11.4,ts-inside-payment,7.0675,ts-consign,5.1133,ts-contacts,4.32,ts-auth,4.0126,ts-verification-code,3.215,ts-admin-travel,1.0412,ts-delivery,0.78,ts-rebook,0.44,ts-security,0.3949,ts-preserve,0.24
64, -- ,ts-station,4014.4996,ts-basic,1184.8417,ts-config,663.0365,ts-order,510.4563,ts-auth,356.0556,ts-notification,153.03,ts-food,142.36,ts-travel,133.9883,ts-user,103.65,ts-train,89.3333,ts-contacts,64.5,ts-ticketinfo,45.0,ts-admin-order,30.3246,ts-security,19.145,ts-inside-payment,17.2367,ts-seat,14.472,ts-preserve,10.51,ts-route,8.6617,ts-execute,4.66,ts-assurance,4.41,ts-cancel,3.72,ts-verification-code,3.215,ts-delivery,1.695,ts-preserve-other,1.68,ts-consign,0.7,ts-avatar,0.17,ts-rebook,0.01
65, -- ,ts-station,3303.2951,ts-config,750.4477,ts-basic,498.038,ts-order,438.1533,ts-auth,226.7965,ts-train,183.4565,ts-notification,157.9933,ts-payment,136.86,ts-consign,62.63,ts-food,62.5733,ts-delivery,25.71,ts-inside-payment,23.5734,ts-user,16.14,ts-contacts,14.505,ts-security,13.235,ts-cancel,12.0,ts-travel,9.1603,ts-seat,8.606,ts-food-map,8.3,ts-route,6.274,ts-preserve-other,6.12,ts-admin-order,2.7554,ts-execute,2.2375,ts-preserve,0.635,ts-rebook,0.44
66, -- ,ts-station,3571.2659,ts-config,660.0987,ts-basic,490.5402,ts-order,460.3806,ts-auth,254.9274,ts-consign,241.82,ts-train,197.632,ts-admin-order,157.5369,ts-notification,154.37,ts-travel,81.5775,ts-contacts,67.29,ts-user,37.83,ts-preserve,28.453,ts-food,24.6067,ts-cancel,18.39,ts-seat,11.712,ts-food-map,11.162,ts-payment,9.62,ts-ticketinfo,6.6332,ts-execute,3.03,ts-preserve-other,1.68,ts-route,1.6217,ts-security,0.635,ts-admin-route,0.62,ts-delivery,0.13
67, -- ,ts-station,4480.582,ts-config,631.3209,ts-basic,509.659,ts-order,436.621,ts-notification,192.4333,ts-train,96.5938,ts-admin-order,73.5396,ts-cancel,50.82,ts-consign,39.06,ts-execute,35.1106,ts-auth,27.7598,ts-rebook,21.2875,ts-inside-payment,16.2058,ts-seat,8.2338,ts-admin-travel,5.31,ts-ticket-office,5.06,ts-admin-basic-info,4.86,ts-contacts,3.84,ts-preserve,3.8275,ts-security,1.8475,ts-food,0.26,ts-ticketinfo,0.244,ts-travel,0.0629
68, -- ,ts-station,4580.2203,ts-config,631.0,ts-order,533.3008,ts-basic,414.3608,ts-notification,169.23,ts-train,93.5416,ts-price,69.2667,ts-auth,52.9984,ts-food,43.24,ts-travel,30.6703,ts-contacts,23.79,ts-preserve-other,21.3012,ts-route,19.8953,ts-consign,19.74,ts-user,12.06,ts-seat,11.317,ts-inside-payment,9.04,ts-execute,7.4625,ts-admin-order,4.266,ts-rebook,3.8562,ts-security,1.4375,ts-assurance,0.0686
69, -- ,ts-station,4632.1719,ts-config,632.925,ts-basic,414.4421,ts-notification,178.5,ts-train,177.6379,ts-order,126.0,ts-verification-code,36.56,ts-price,34.9017,ts-auth,27.9713,ts-preserve,13.335,ts-seat,11.6913,ts-execute,11.1539,ts-travel,7.6,ts-security,5.455,ts-cancel,4.92,ts-food,3.8,ts-contacts,2.91,ts-admin-basic-info,2.0,ts-inside-payment,1.135,ts-route,0.867
70, -- ,ts-station,4581.4594,ts-config,635.15,ts-basic,441.4824,ts-notification,164.3633,ts-payment,152.94,ts-contacts,133.46,ts-delivery,94.44,ts-train,92.9087,ts-admin-order,58.794,ts-inside-payment,41.3425,ts-travel,38.0865,ts-auth,30.45,ts-order,24.0454,ts-food,23.22,ts-preserve,19.781,ts-cancel,10.47,ts-verification-code,9.32,ts-security,3.065,ts-ticketinfo,1.99,ts-admin-user,1.05,ts-seat,0.6267,ts-execute,0.08
71, -- ,ts-station,4523.2304,ts-basic,928.1543,ts-config,634.0277,ts-cancel,171.73,ts-contacts,162.94,ts-notification,153.155,ts-train,96.0698,ts-seat,61.5045,ts-security,51.3975,ts-order,47.2066,ts-travel,32.9091,ts-consign,28.188,ts-food,15.02,ts-auth,14.8338,ts-delivery,6.965,ts-ticketinfo,5.482,ts-preserve,4.575,ts-admin-order,3.448,ts-news,2.72,ts-route,1.2215,ts-execute,0.77
72, -- ,ts-station,4561.6667,ts-basic,1131.2673,ts-config,634.465,ts-assurance,587.0167,ts-travel,533.635,ts-notification,156.555,ts-train,90.5593,ts-route,35.4173,ts-preserve,29.05,ts-contacts,23.19,ts-order,20.0063,ts-admin-user,8.82,ts-security,7.83,ts-cancel,7.23,ts-food,6.5375,ts-auth,5.5,ts-consign,3.48,ts-execute,2.41,ts-seat,1.5852,ts-admin-travel,0.9,ts-food-map,0.47,ts-news,0.333,ts-payment,0.2925
73, -- ,ts-station,4610.78,ts-basic,985.6043,ts-config,631.8788,ts-order,279.5781,ts-assurance,251.67,ts-travel,208.1161,ts-notification,166.635,ts-train,99.3724,ts-user,46.98,ts-price,37.4283,ts-preserve,34.395,ts-seat,29.7944,ts-inside-payment,23.4775,ts-security,18.5542,ts-ticketinfo,17.8816,ts-admin-order,13.7218,ts-contacts,13.16,ts-consign,12.9,ts-food,12.64,ts-preserve-other,11.22,ts-rebook,8.9,ts-execute,8.3562,ts-food-map,7.19,ts-auth,5.5,ts-route,4.9657,ts-news,0.333,ts-delivery,0.065
74, -- ,ts-station,4601.5693,ts-basic,912.5584,ts-config,633.1043,ts-notification,152.71,ts-travel,131.1666,ts-train,115.6275,ts-route,78.7785,ts-price,73.186,ts-security,40.2,ts-contacts,30.66,ts-order,22.1817,ts-consign,11.7,ts-food,8.66,ts-delivery,7.01,ts-ticketinfo,6.0153,ts-news,5.54,ts-auth,5.5,ts-assurance,4.68,ts-payment,3.46,ts-admin-order,2.1294,ts-inside-payment,1.1,ts-preserve,0.665,ts-seat,0.1176,ts-food-map,0.01
75, -- ,ts-station,4557.5828,ts-basic,1704.9849,ts-config,631.0,ts-notification,153.0533,ts-food,141.0483,ts-train,101.2439,ts-travel,61.8192,ts-payment,61.405,ts-security,51.26,ts-admin-user,43.8,ts-order,41.1965,ts-preserve,25.2,ts-execute,18.28,ts-cancel,14.49,ts-route,9.2791,ts-inside-payment,8.8546,ts-seat,7.654,ts-auth,5.5,ts-rebook,4.67,ts-food-map,3.47,ts-price,1.015,ts-delivery,0.325
76, -- ,ts-station,4541.7358,ts-basic,1778.9612,ts-config,634.78,ts-notification,158.945,ts-assurance,155.7433,ts-contacts,152.81,ts-execute,107.3225,ts-train,91.5833,ts-route,79.1742,ts-security,59.955,ts-payment,41.195,ts-auth,35.255,ts-order,24.172,ts-food,20.635,ts-travel,9.8795,ts-inside-payment,8.91,ts-user,6.75,ts-preserve,4.36,ts-seat,3.8433,ts-food-map,3.23,ts-preserve-other,1.68,ts-delivery,0.325,ts-admin-order,0.124
77, -- ,ts-station,4343.2558,ts-basic,1914.3582,ts-config,633.665,ts-travel,308.326,ts-inside-payment,217.5883,ts-train,171.7549,ts-notification,152.095,ts-seat,75.8702,ts-contacts,52.83,ts-assurance,24.4467,ts-route,20.0317,ts-execute,19.38,ts-security,17.21,ts-food,14.78,ts-order,13.8099,ts-admin-order,13.0414,ts-price,10.98,ts-consign,9.72,ts-ticketinfo,9.65,ts-rebook,8.87,ts-auth,3.7783,ts-preserve,0.918,ts-payment,0.49,ts-delivery,0.02
78, -- ,ts-station,4598.4005,ts-basic,1775.8598,ts-config,632.185,ts-inside-payment,444.1579,ts-user,245.2473,ts-notification,158.17,ts-route,155.2866,ts-preserve,147.2717,ts-train,120.3249,ts-travel,80.845,ts-admin-order,58.785,ts-order,48.7805,ts-price,39.394,ts-seat,22.0101,ts-contacts,20.22,ts-execute,14.6,ts-cancel,9.27,ts-payment,2.735,ts-delivery,2.38,ts-security,1.495,ts-ticketinfo,1.034,ts-auth,0.839,ts-assurance,0.3
79, -- ,ts-station,4572.4728,ts-basic,1714.5119,ts-inside-payment,747.4563,ts-config,641.8996,ts-order,162.2807,ts-notification,155.9233,ts-train,91.5628,ts-contacts,45.0,ts-food,44.0633,ts-price,38.515,ts-travel,32.2791,ts-security,29.9533,ts-user,26.2473,ts-seat,20.008,ts-cancel,16.8617,ts-admin-order,11.5618,ts-preserve,7.74,ts-consign,7.32,ts-delivery,4.925,ts-ticketinfo,3.896,ts-route,1.883,ts-auth,0.233,ts-execute,0.2125
80, -- ,ts-station,4495.7439,ts-basic,1714.3333,ts-inside-payment,1124.8425,ts-config,631.0773,ts-notification,155.36,ts-travel,124.8215,ts-train,107.691,ts-user,88.92,ts-contacts,69.81,ts-order,68.5408,ts-seat,40.157,ts-preserve,34.86,ts-food,31.52,ts-security,18.0103,ts-route,15.9493,ts-ticketinfo,14.688,ts-admin-order,10.3779,ts-cancel,9.75,ts-delivery,7.83,ts-food-map,3.975,ts-price,2.3437
81, -- ,ts-station,4476.778,ts-basic,1720.5242,ts-inside-payment,974.0867,ts-config,728.9977,ts-user,286.14,ts-travel,183.2013,ts-notification,154.7933,ts-train,108.5772,ts-food-map,107.472,ts-security,41.265,ts-route,22.1592,ts-price,19.4277,ts-order,15.16,ts-contacts,12.09,ts-food,11.29,ts-auth,7.673,ts-ticketinfo,5.9952,ts-preserve,5.565,ts-seat,5.3,ts-news,2.72,ts-consign,2.55,ts-cancel,1.44,ts-admin-order,1.268,ts-payment,1.1333,ts-delivery,0.21
82, -- ,ts-station,4584.7574,ts-basic,1717.1383,ts-config,637.7827,ts-inside-payment,167.5412,ts-notification,159.7033,ts-train,129.4236,ts-contacts,36.93,ts-ticketinfo,32.58,ts-user,28.92,ts-travel,25.7,ts-seat,23.213,ts-food,10.92,ts-order,7.8708,ts-consign,6.6,ts-preserve-other,6.33,ts-security,4.31,ts-food-map,3.45,ts-preserve,2.668,ts-admin-travel,1.06,ts-admin-order,0.506
83, -- ,ts-station,4603.6655,ts-basic,1726.3586,ts-config,659.5271,ts-inside-payment,259.13,ts-notification,152.17,ts-order,124.1205,ts-train,91.977,ts-security,67.183,ts-food,60.32,ts-price,43.7683,ts-seat,36.2021,ts-preserve,25.405,ts-contacts,24.33,ts-admin-order,23.6646,ts-ticket-office,10.5325,ts-user,9.33,ts-ticketinfo,7.5,ts-delivery,7.459,ts-consign,4.86,ts-travel,3.7698,ts-auth,2.6233,ts-food-map,1.72,ts-rebook,0.93
84, -- ,ts-station,4602.1117,ts-basic,1269.2575,ts-config,631.0,ts-inside-payment,336.4879,ts-notification,158.32,ts-train,89.5433,ts-travel,73.3281,ts-price,43.5867,ts-food,35.0975,ts-seat,25.454,ts-preserve,22.61,ts-contacts,14.66,ts-ticket-office,12.2925,ts-execute,9.25,ts-news,5.54,ts-security,4.79,ts-preserve-other,4.05,ts-consign,3.84,ts-order,2.7848,ts-food-map,2.37,ts-delivery,0.525,ts-route,0.3367
85, -- ,ts-station,4735.2264,ts-assurance,1708.27,ts-basic,847.6667,ts-config,639.999,ts-inside-payment,414.7125,ts-notification,166.5583,ts-train,151.8421,ts-food,23.92,ts-food-map,15.5295,ts-contacts,14.28,ts-travel,13.4684,ts-seat,10.7198,ts-user,8.46,ts-order,7.9353,ts-preserve,5.525,ts-price,4.896,ts-security,4.255,ts-admin-user,3.76,ts-execute,3.1,ts-preserve-other,1.68,ts-auth,1.52,ts-consign,1.08,ts-delivery,0.36,ts-route,0.1967
86, -- ,ts-station,4605.6464,ts-assurance,1144.21,ts-basic,847.6667,ts-config,631.0,ts-notification,164.6483,ts-inside-payment,150.25,ts-consign,131.93,ts-price,105.7553,ts-train,97.7928,ts-contacts,25.56,ts-order,21.0952,ts-seat,20.1875,ts-security,13.7258,ts-route,11.34,ts-food,4.27,ts-travel,3.2394,ts-preserve,2.455,ts-ticketinfo,1.514,ts-execute,1.4125,ts-auth,1.0767
87, -- ,ts-station,4563.2455,ts-basic,850.3209,ts-config,631.445,ts-notification,167.6047,ts-inside-payment,157.7075,ts-food,125.6842,ts-train,111.4413,ts-price,67.5161,ts-seat,61.4979,ts-travel,55.1943,ts-route,40.5098,ts-security,31.075,ts-contacts,30.99,ts-preserve,29.29,ts-user,16.0675,ts-consign,13.32,ts-order,13.2642,ts-ticketinfo,6.1133,ts-rebook,6.07,ts-preserve-other,4.65,ts-payment,1.23,ts-food-map,0.54,ts-execute,0.32
88, -- ,ts-station,4714.5359,ts-basic,847.6667,ts-config,632.185,ts-price,298.68,ts-notification,204.2313,ts-inside-payment,199.1439,ts-train,89.3333,ts-preserve,64.62,ts-order,37.624,ts-assurance,21.45,ts-seat,17.0145,ts-payment,14.8,ts-admin-order,13.1252,ts-admin-route,5.535,ts-travel,3.902,ts-food,2.04,ts-food-map,1.24,ts-route,0.79,ts-security,0.27
89, -- ,ts-station,4685.0978,ts-basic,847.6667,ts-config,632.7571,ts-inside-payment,473.8712,ts-price,247.4267,ts-notification,176.75,ts-food,150.9953,ts-train,129.7395,ts-security,79.2463,ts-order,34.9393,ts-consign,26.22,ts-rebook,17.1037,ts-delivery,11.235,ts-preserve,10.955,ts-preserve-other,8.85,ts-news,5.54,ts-contacts,3.57,ts-avatar,2.58,ts-travel,2.3307,ts-seat,2.2967,ts-admin-route,2.1725,ts-food-map,2.17,ts-execute,0.54,ts-ticketinfo,0.5229
90, -- ,ts-station,4662.1031,ts-basic,848.8133,ts-food,638.28,ts-config,632.0016,ts-price,251.0127,ts-inside-payment,175.2212,ts-notification,168.155,ts-train,92.6295,ts-security,43.7449,ts-contacts,19.44,ts-travel,13.4255,ts-assurance,12.9,ts-order,7.7877,ts-seat,6.628,ts-execute,4.31,ts-preserve,3.2725,ts-payment,2.055,ts-route,0.538,ts-rebook,0.49,ts-preserve-other,0.26,ts-delivery,0.23
91, -- ,ts-station,4650.3555,ts-basic,847.6667,ts-config,672.2044,ts-price,186.156,ts-notification,156.375,ts-inside-payment,149.35,ts-train,132.7532,ts-food,111.44,ts-security,40.595,ts-avatar,36.26,ts-ticketinfo,16.9156,ts-order,13.5913,ts-seat,13.4959,ts-user,13.14,ts-consign,10.4057,ts-auth,7.234,ts-contacts,6.3,ts-execute,3.29,ts-payment,2.895,ts-preserve-other,2.0837,ts-food-map,2.08,ts-travel,2.046,ts-verification-code,1.945,ts-preserve,0.7225,ts-delivery,0.66
92, -- ,ts-station,4615.1234,ts-basic,847.6942,ts-config,666.2513,ts-preserve,241.055,ts-inside-payment,186.7975,ts-notification,155.29,ts-train,91.0571,ts-security,80.96,ts-food,40.075,ts-order,19.1646,ts-price,17.805,ts-contacts,11.55,ts-ticketinfo,5.642,ts-consign,5.5586,ts-news,5.54,ts-ui,4.626,ts-travel,2.3834,ts-preserve-other,2.0837,ts-verification-code,1.945,ts-seat,1.6917,ts-route,1.1123,ts-execute,0.55,ts-user,0.27,ts-food-map,0.03
93, -- ,ts-station,4677.553,ts-basic,847.6667,ts-config,631.0,ts-travel,546.9958,ts-food-map,231.5,ts-preserve,179.512,ts-inside-payment,161.7342,ts-notification,153.195,ts-contacts,131.189,ts-train,89.3333,ts-price,58.721,ts-security,31.8765,ts-seat,19.6853,ts-consign,18.38,ts-route,12.1442,ts-food,9.77,ts-order,7.1165,ts-preserve-other,6.25,ts-user,2.43,ts-execute,0.54
94, -- ,ts-station,4649.2683,ts-basic,850.1999,ts-config,631.0,ts-inside-payment,274.3175,ts-notification,160.495,ts-travel,120.4244,ts-train,95.1083,ts-security,35.8166,ts-route,31.6233,ts-seat,31.1898,ts-preserve,31.06,ts-food-map,21.13,ts-payment,19.535,ts-order,17.4685,ts-user,16.5333,ts-contacts,16.099,ts-admin-order,13.912,ts-cancel,12.0,ts-news,5.54,ts-preserve-other,5.13,ts-consign,3.06,ts-price,1.7383,ts-delivery,1.4667,ts-ticketinfo,0.88,ts-food,0.28
95, -- ,ts-station,4656.7535,ts-basic,838.2533,ts-config,660.2671,ts-inside-payment,411.8325,ts-notification,152.0,ts-train,90.2433,ts-food-map,50.295,ts-admin-order,18.8046,ts-travel,17.2254,ts-order,16.6337,ts-security,7.1932,ts-food,3.2967,ts-contacts,1.74,ts-rebook,1.14,ts-seat,0.3757
96, -- ,ts-station,4497.4474,ts-inside-payment,1208.19,ts-config,642.6249,ts-basic,415.3074,ts-notification,155.125,ts-train,102.3599,ts-contacts,87.26,ts-travel,63.8647,ts-user,39.0,ts-route,33.62,ts-delivery,21.7915,ts-food,19.02,ts-seat,14.8,ts-assurance,11.73,ts-cancel,11.61,ts-security,9.55,ts-consign,2.7,ts-preserve,2.165,ts-ticketinfo,1.4632,ts-payment,1.4
97, -- ,ts-station,4468.4428,ts-inside-payment,1208.115,ts-config,633.665,ts-basic,417.1383,ts-contacts,242.385,ts-notification,172.6533,ts-train,89.3552,ts-food,36.5633,ts-travel,11.5029,ts-food-map,10.59,ts-order,9.4726,ts-price,7.2754,ts-route,3.0054,ts-ticketinfo,1.16,ts-execute,0.6262,ts-delivery,0.46,ts-seat,0.39
98, -- ,ts-station,4583.6621,ts-inside-payment,814.515,ts-config,683.9586,ts-basic,415.8932,ts-notification,157.605,ts-train,91.4387,ts-user,70.11,ts-food-map,63.948,ts-security,58.8797,ts-seat,36.0373,ts-travel,31.9307,ts-cancel,28.08,ts-contacts,27.5,ts-route,23.2123,ts-execute,17.875,ts-news,5.54,ts-order,4.9118,ts-payment,4.575,ts-food,2.338
99, -- ,ts-station,4613.1355,ts-inside-payment,864.795,ts-config,658.9505,ts-basic,414.3333,ts-notification,158.605,ts-travel,137.6649,ts-consign,136.475,ts-train,131.9161,ts-user,92.01,ts-contacts,78.855,ts-food-map,37.57,ts-security,31.2217,ts-ticketinfo,8.538,ts-food,5.4,ts-route,4.3762,ts-preserve,4.355,ts-execute,3.39,ts-price,3.3433,ts-auth,2.268,ts-order,1.8275,ts-seat,0.6671,ts-preserve-other,0.45,ts-rebook,0.44
100, -- ,ts-station,4608.0918,ts-inside-payment,694.09,ts-config,632.562,ts-basic,414.3333,ts-notification,155.67,ts-train,113.3589,ts-food,72.86,ts-preserve,46.335,ts-security,27.7725,ts-route,27.5693,ts-seat,15.4219,ts-order,10.0175,ts-contacts,8.67,ts-consign,7.5,ts-travel,4.1304,ts-execute,3.545,ts-payment,3.48,ts-delivery,2.78,ts-food-map,2.5,ts-ticketinfo,2.435
101, -- ,ts-station,4484.0233,ts-inside-payment,823.9607,ts-config,631.0,ts-basic,414.3333,ts-security,166.4356,ts-notification,152.945,ts-contacts,116.01,ts-train,91.2042,ts-food,58.5683,ts-preserve,48.48,ts-consign,26.04,ts-route,24.6393,ts-travel,16.2349,ts-user,10.89,ts-payment,10.2025,ts-seat,8.4707,ts-execute,8.4052,ts-ticket-office,2.46,ts-auth,2.4514,ts-preserve-other,1.68,ts-food-map,1.0
102, -- ,ts-station,4609.3969,ts-config,631.0,ts-inside-payment,424.195,ts-basic,419.6713,ts-notification,166.93,ts-train,89.3333,ts-order,29.9477,ts-security,18.2933,ts-admin-order,13.912,ts-contacts,9.92,ts-seat,9.8753,ts-delivery,9.7,ts-travel,8.9139,ts-cancel,7.77,ts-preserve,3.67,ts-payment,3.59,ts-rebook,3.11,ts-news,2.89,ts-route,1.94,ts-food-map,1.0,ts-execute,0.96,ts-auth,0.8567
103, -- ,ts-station,4678.5425,ts-config,631.29,ts-basic,421.8775,ts-inside-payment,316.94,ts-notification,163.6133,ts-train,125.5376,ts-consign,99.03,ts-food,55.0967,ts-contacts,39.51,ts-travel,38.1721,ts-security,33.7625,ts-preserve,28.75,ts-assurance,24.9967,ts-seat,19.8003,ts-user,18.96,ts-order,15.7429,ts-cancel,15.45,ts-admin-order,13.802,ts-route,8.7312,ts-price,8.365,ts-verification-code,4.52,ts-delivery,3.36,ts-ticketinfo,2.1989,ts-auth,2.18,ts-preserve-other,2.16,ts-execute,0.6475
104, -- ,ts-station,4638.4101,ts-cancel,1163.6675,ts-config,631.1409,ts-inside-payment,468.225,ts-basic,414.3608,ts-notification,165.24,ts-train,95.8089,ts-payment,34.63,ts-preserve,24.76,ts-route,18.941,ts-order,11.7617,ts-assurance,8.9533,ts-travel,5.6225,ts-seat,4.775,ts-execute,4.5775,ts-food,3.545,ts-auth,2.5958,ts-price,1.195,ts-contacts,0.75,ts-rebook,0.44,ts-security,0.38,ts-user,0.38
105, -- ,ts-station,4657.7483,ts-cancel,2950.22,ts-config,631.0,ts-basic,414.6433,ts-inside-payment,382.805,ts-notification,156.545,ts-train,94.6666,ts-contacts,48.319,ts-order,27.4721,ts-payment,24.4325,ts-food,17.08,ts-security,15.7433,ts-route,13.65,ts-travel,11.4573,ts-user,10.62,ts-ticketinfo,7.704,ts-seat,7.0031,ts-admin-order,5.5499,ts-consign,3.06,ts-execute,2.0675,ts-rebook,1.71,ts-preserve-other,1.68
106, -- ,ts-station,4551.1167,ts-cancel,2277.7683,ts-config,666.4049,ts-basic,414.3333,ts-inside-payment,333.6907,ts-notification,197.2383,ts-train,89.6635,ts-food,37.83,ts-security,23.165,ts-payment,22.7383,ts-ticketinfo,17.586,ts-contacts,17.4,ts-admin-order,10.0479,ts-order,9.7629,ts-delivery,7.0,ts-preserve,3.06,ts-consign,2.82,ts-seat,2.2021,ts-travel,1.3927,ts-auth,0.15
107, -- ,ts-station,6623.9783,ts-cancel,1109.2733,ts-config,639.2699,ts-basic,416.8793,ts-inside-payment,364.375,ts-notification,165.0583,ts-train,89.3333,ts-route,14.9133,ts-food,14.46,ts-security,13.9375,ts-contacts,9.3,ts-payment,6.015,ts-execute,4.66,ts-order,3.8533,ts-travel,2.9754,ts-seat,2.71,ts-avatar,1.78,ts-admin-order,0.6711,ts-delivery,0.42,ts-auth,0.1933
108, -- ,ts-station,6738.3216,ts-config,632.8414,ts-basic,416.5433,ts-cancel,415.0983,ts-inside-payment,316.0,ts-price,232.401,ts-notification,161.7833,ts-train,89.3333,ts-order,34.8814,ts-route,14.9743,ts-travel,5.058,ts-security,4.415,ts-payment,2.97,ts-preserve-other,2.0,ts-consign,0.48,ts-execute,0.1025
109, -- ,ts-station,4737.9833,ts-basic,999.3025,ts-cancel,740.0433,ts-user,690.0,ts-config,641.8212,ts-inside-payment,195.8498,ts-notification,157.585,ts-train,89.3333,ts-price,63.5287,ts-travel,32.6283,ts-contacts,28.14,ts-preserve,27.535,ts-assurance,26.34,ts-food,22.4267,ts-order,18.7118,ts-admin-order,13.53,ts-security,10.6,ts-payment,6.815,ts-seat,6.4213,ts-news,5.54,ts-consign,4.26,ts-admin-travel,2.7625,ts-admin-route,2.4137,ts-route,2.408,ts-ticketinfo,2.15,ts-rebook,0.33
110, -- ,ts-station,4652.7527,ts-config,634.4455,ts-cancel,416.9733,ts-inside-payment,239.84,ts-notification,160.3433,ts-user,123.3133,ts-train,89.3333,ts-route,44.118,ts-execute,32.5475,ts-security,19.83,ts-preserve-other,13.9812,ts-rebook,13.77,ts-consign,11.52,ts-contacts,11.22,ts-admin-order,11.022,ts-ticketinfo,7.5,ts-seat,6.4145,ts-preserve,5.3,ts-admin-route,3.375,ts-order,3.05,ts-food,2.058,ts-admin-travel,0.5212,ts-travel,0.028
111, -- ,ts-station,4709.4093,ts-config,631.0,ts-cancel,414.3333,ts-user,277.5,ts-inside-payment,191.0076,ts-notification,177.63,ts-train,89.3333,ts-food,48.6105,ts-contacts,47.7,ts-food-map,37.298,ts-payment,12.95,ts-order,6.7192,ts-price,3.7317,ts-security,3.725,ts-auth,3.5342,ts-preserve,3.36,ts-preserve-other,2.9825,ts-seat,2.8233,ts-news,2.72,ts-admin-travel,2.7,ts-consign,2.58,ts-route,1.9273,ts-execute,1.59,ts-travel,0.52,ts-voucher,0.44
112, -- ,ts-station,4773.9919,ts-config,641.0894,ts-notification,156.175,ts-cancel,128.415,ts-train,89.3333,ts-delivery,9.62,ts-travel,9.3835,ts-food,9.3,ts-assurance,8.22,ts-ticketinfo,7.5,ts-verification-code,7.23,ts-contacts,6.78,ts-order,2.4775,ts-ticket-office,2.46,ts-preserve,1.3492,ts-execute,0.9625,ts-price,0.2762,ts-security,0.16,ts-seat,0.0167
113, -- ,ts-station,4832.2628,ts-cancel,981.315,ts-config,633.2348,ts-notification,160.1033,ts-train,89.3333,ts-route,28.2413,ts-food,23.56,ts-preserve,20.895,ts-security,19.4545,ts-preserve-other,10.65,ts-consign,9.12,ts-travel,8.6119,ts-rebook,6.11,ts-seat,5.958,ts-verification-code,5.665,ts-contacts,3.6,ts-order,1.77
114, -- ,ts-station,4801.4207,ts-config,631.435,ts-notification,165.3383,ts-train,89.3333,ts-preserve,45.87,ts-contacts,25.98,ts-order,19.302,ts-food,19.02,ts-seat,18.7713,ts-consign,18.72,ts-security,3.055,ts-basic,2.805,ts-admin-basic-info,2.13,ts-admin-order,1.214,ts-route,1.162,ts-admin-travel,0.42,ts-travel,0.385,ts-inside-payment,0.17
115, -- ,ts-station,4649.3186,ts-config,635.6219,ts-notification,156.375,ts-train,89.3333,ts-route,54.8233,ts-travel,47.6753,ts-order,38.8921,ts-food,34.1667,ts-payment,12.365,ts-inside-payment,9.2975,ts-security,5.03,ts-seat,4.4189,ts-execute,1.69,ts-consign,1.11,ts-preserve-other,1.0412
116, -- ,ts-station,4737.7055,ts-config,631.0,ts-consign,292.96,ts-notification,158.18,ts-train,153.8522,ts-security,68.445,ts-route,63.14,ts-order,51.7593,ts-execute,27.43,ts-seat,25.0703,ts-inside-payment,10.325,ts-travel,8.034,ts-payment,7.87,ts-preserve-other,7.36,ts-contacts,4.23,ts-admin-basic-info,3.54,ts-news,2.72,ts-auth,1.52,ts-food,1.44,ts-admin-route,0.6
117, -- ,ts-station,4559.9783,ts-config,632.555,ts-notification,163.9733,ts-train,136.3038,ts-order,58.7344,ts-admin-order,46.9639,ts-security,30.675,ts-travel,25.2083,ts-preserve-other,12.9,ts-seat,12.365,ts-contacts,10.71,ts-admin-route,10.17,ts-consign,8.7,ts-basic,6.8648,ts-rebook,5.82,ts-verification-code,2.46,ts-avatar,2.26,ts-food-map,0.72,ts-delivery,0.34,ts-execute,0.32,ts-food,0.1233
118, -- ,ts-station,4727.5293,ts-config,633.665,ts-order,198.2117,ts-notification,193.435,ts-train,89.3333,ts-food,72.4133,ts-preserve-other,36.4162,ts-consign,35.46,ts-rebook,29.4,ts-contacts,21.51,ts-travel,18.5323,ts-admin-basic-info,17.97,ts-admin-order,13.42,ts-security,9.455,ts-preserve,9.365,ts-inside-payment,6.6625,ts-seat,5.5057,ts-auth,4.4815,ts-cancel,3.57,ts-execute,1.95,ts-route,1.3865
119, -- ,ts-station,4609.2121,ts-config,631.075,ts-notification,157.0,ts-train,89.3333,ts-consign,85.54,ts-payment,58.905,ts-user,57.39,ts-auth,50.4098,ts-order,32.9218,ts-price,17.7631,ts-cancel,12.0,ts-security,6.345,ts-assurance,6.18,ts-execute,5.85,ts-verification-code,5.27,ts-food,3.68,ts-route,3.1383,ts-travel,2.92,ts-contacts,2.22,ts-food-map,1.04,ts-rebook,0.66,ts-preserve,0.17,ts-seat,0.0033
120, -- ,ts-station,4687.3191,ts-config,631.0,ts-notification,169.73,ts-food,144.705,ts-train,89.3333,ts-cancel,49.362,ts-auth,42.5245,ts-travel,41.6731,ts-security,30.2315,ts-order,22.2857,ts-route,14.1013,ts-consign,13.728,ts-admin-order,13.2739,ts-execute,11.8875,ts-ticket-office,10.26,ts-contacts,7.5,ts-preserve-other,6.2587,ts-user,6.0,ts-payment,3.74,ts-seat,3.474,ts-rebook,3.14,ts-assurance,2.82,ts-food-map,0.84
121, -- ,ts-station,4631.1235,ts-config,631.0,ts-notification,152.0,ts-food,135.4733,ts-order,114.0502,ts-train,90.2433,ts-auth,23.7544,ts-contacts,17.3,ts-security,13.6142,ts-ticketinfo,7.5,ts-seat,4.986,ts-preserve,4.945,ts-travel,2.7092,ts-execute,2.6125,ts-inside-payment,1.7,ts-user,1.44,ts-consign,0.69,ts-food-map,0.31
122, -- ,ts-station,4560.7654,ts-config,631.0,ts-notification,175.12,ts-food-map,123.984,ts-train,89.3333,ts-ticket-office,57.25,ts-payment,56.535,ts-ticketinfo,32.2609,ts-order,24.7762,ts-food,24.42,ts-travel,21.911,ts-inside-payment,19.13,ts-contacts,18.87,ts-consign,7.44,ts-seat,7.4193,ts-basic,6.2473,ts-preserve,5.945,ts-auth,5.5,ts-preserve-other,3.87,ts-rebook,3.09,ts-news,2.72,ts-route,0.76
123, -- ,ts-station,4729.8863,ts-config,631.0,ts-price,270.2387,ts-notification,158.8433,ts-travel,152.702,ts-contacts,92.88,ts-train,89.3333,ts-ticket-office,58.11,ts-security,29.9417,ts-food,27.44,ts-inside-payment,18.3575,ts-food-map,15.0,ts-seat,13.3102,ts-order,9.86,ts-auth,5.5,ts-preserve,0.18,ts-route,0.015
124, -- ,ts-station,4736.5524,ts-config,631.0,ts-notification,178.8233,ts-food,145.8467,ts-inside-payment,123.5533,ts-admin-order,122.6534,ts-travel,97.7477,ts-train,90.7373,ts-contacts,77.16,ts-preserve,47.81,ts-price,33.6273,ts-route,28.354,ts-order,26.8942,ts-seat,24.0435,ts-food-map,15.495,ts-basic,14.8364,ts-payment,13.505,ts-delivery,6.58,ts-consign,6.36,ts-security,5.7083,ts-auth,5.5,ts-preserve-other,4.68,ts-execute,3.26,ts-rebook,3.14,ts-ticket-office,2.16
125, -- ,ts-station,4574.1176,ts-config,631.445,ts-user,264.0,ts-travel,180.8486,ts-notification,152.58,ts-train,89.3333,ts-food,31.848,ts-route,29.1529,ts-seat,26.475,ts-preserve,21.805,ts-admin-order,17.1774,ts-consign,16.17,ts-order,10.8767,ts-inside-payment,8.8608,ts-security,6.925,ts-auth,5.5,ts-rebook,1.95,ts-food-map,0.84,ts-price,0.5287
126, -- ,ts-station,4660.7415,ts-config,631.0,ts-notification,152.625,ts-travel,104.3846,ts-train,90.4516,ts-contacts,28.86,ts-route,28.4179,ts-food,27.1467,ts-seat,22.3428,ts-basic,17.1981,ts-order,17.1949,ts-admin-order,16.636,ts-preserve,16.03,ts-security,15.11,ts-inside-payment,10.435,ts-ticketinfo,9.5647,ts-payment,8.09,ts-auth,5.5,ts-ui,2.3846,ts-preserve-other,0.84,ts-delivery,0.25,ts-price,0.2483
127, -- ,ts-station,5499.6804,ts-config,631.0,ts-food,444.36,ts-cancel,163.92,ts-notification,161.84,ts-train,90.0213,ts-seat,69.4127,ts-order,59.6308,ts-inside-payment,51.6638,ts-auth,16.6457,ts-travel,14.4543,ts-consign,6.2,ts-preserve,6.03,ts-contacts,4.83,ts-route,4.3057,ts-preserve-other,1.05,ts-security,0.86,ts-admin-order,0.1912
128, -- ,ts-station,5403.2858,ts-food,1402.1983,ts-config,631.03,ts-notification,175.0333,ts-user,119.94,ts-train,89.3333,ts-inside-payment,40.7225,ts-order,31.3322,ts-cancel,29.8,ts-seat,18.8377,ts-auth,16.6708,ts-contacts,13.86,ts-admin-user,9.5968,ts-security,8.1797,ts-travel,7.8123,ts-admin-travel,3.57,ts-food-map,2.55,ts-preserve-other,1.68,ts-execute,0.124,ts-delivery,0.07,ts-basic,0.0275
129, -- ,ts-station,4615.7592,ts-food,2739.1383,ts-config,631.0,ts-consign,327.1983,ts-notification,173.5433,ts-train,114.032,ts-inside-payment,111.57,ts-preserve,66.58,ts-ticketinfo,34.1429,ts-user,33.2625,ts-route,31.3367,ts-security,27.055,ts-travel,20.258,ts-contacts,12.39,ts-basic,7.9475,ts-food-map,6.32,ts-news,5.54,ts-order,5.0083,ts-preserve-other,3.45,ts-seat,1.8267,ts-execute,0.79,ts-admin-order,0.0667
130, -- ,ts-station,4568.691,ts-food,2798.81,ts-config,631.0,ts-notification,174.39,ts-preserve,98.92,ts-train,89.6028,ts-price,22.3756,ts-order,13.488,ts-contacts,12.06,ts-admin-order,10.7522,ts-security,9.145,ts-seat,8.2439,ts-travel,7.5321,ts-preserve-other,5.16,ts-execute,1.2,ts-consign,0.8667,ts-route,0.32,ts-delivery,0.13
131, -- ,ts-station,4689.9351,ts-food,1031.0053,ts-config,631.0,ts-notification,152.0,ts-delivery,97.0238,ts-train,90.2433,ts-contacts,47.13,ts-cancel,34.62,ts-seat,32.6164,ts-order,29.1875,ts-execute,13.1045,ts-travel,11.032,ts-security,10.1978,ts-price,9.9634,ts-rebook,8.88,ts-route,7.2577,ts-consign,5.4,ts-news,2.72,ts-ui,0.1225
132, -- ,ts-station,4835.49,ts-config,631.0,ts-food,421.58,ts-admin-user,266.535,ts-consign,218.45,ts-notification,172.615,ts-train,90.9583,ts-food-map,67.599,ts-preserve,56.56,ts-cancel,19.605,ts-admin-order,16.8349,ts-preserve-other,10.83,ts-payment,8.52,ts-security,5.1466,ts-order,4.4433,ts-basic,3.998,ts-user,3.95,ts-seat,3.3615,ts-delivery,2.985,ts-rebook,2.61,ts-travel,1.6715,ts-route,0.936,ts-contacts,0.66
133, -- ,ts-station,5047.6051,ts-config,631.0,ts-food,459.3763,ts-admin-user,266.52,ts-notification,156.25,ts-consign,151.44,ts-train,91.4683,ts-travel,70.7167,ts-order,28.3105,ts-admin-order,19.034,ts-seat,7.6824,ts-route,5.1183,ts-contacts,4.11,ts-basic,3.998,ts-inside-payment,2.3592,ts-preserve-other,1.53,ts-preserve,1.17,ts-execute,0.54,ts-price,0.29,ts-delivery,0.21,ts-rebook,0.12,ts-security,0.065
134, -- ,ts-station,4696.1441,ts-config,631.0,ts-notification,201.1033,ts-food,171.658,ts-train,89.3333,ts-food-map,71.9925,ts-seat,57.7036,ts-admin-order,40.5642,ts-inside-payment,20.7233,ts-contacts,14.22,ts-order,11.1347,ts-basic,9.1228,ts-route,7.1343,ts-preserve,6.93,ts-news,5.54,ts-security,2.645,ts-delivery,1.74,ts-execute,1.3025,ts-price,1.015,ts-auth,0.839,ts-travel,0.7559,ts-verification-code,0.355
135, -- ,ts-station,4757.9797,ts-config,631.0,ts-notification,155.425,ts-train,89.3333,ts-food,84.345,ts-travel,56.4855,ts-preserve,30.25,ts-security,26.5055,ts-consign,20.92,ts-delivery,8.55,ts-route,4.21,ts-rebook,3.48,ts-auth,1.4537,ts-contacts,1.34,ts-food-map,1.31,ts-admin-order,1.268,ts-seat,1.065,ts-inside-payment,0.3625,ts-verification-code,0.04
136, -- ,ts-station,4611.3578,ts-config,631.0,ts-notification,159.595,ts-train,89.3333,ts-user,55.5,ts-food,34.848,ts-preserve,31.19,ts-assurance,17.9333,ts-travel,9.455,ts-news,5.54,ts-contacts,3.9,ts-inside-payment,1.2044,ts-seat,0.6833,ts-order,0.6775,ts-auth,0.37
137, -- ,ts-station,4649.112,ts-config,631.0,ts-basic,263.0375,ts-notification,152.42,ts-travel,134.4983,ts-train,91.5833,ts-delivery,69.255,ts-food,34.7,ts-assurance,16.96,ts-security,13.51,ts-seat,10.4374,ts-order,8.3542,ts-consign,6.7333,ts-route,4.5,ts-rebook,0.81
138, -- ,ts-station,4728.1517,ts-config,644.2074,ts-notification,166.8483,ts-train,95.3915,ts-price,74.724,ts-contacts,63.1,ts-travel,51.6584,ts-cancel,40.86,ts-payment,40.735,ts-preserve,26.23,ts-basic,17.9451,ts-seat,11.8823,ts-route,11.5245,ts-delivery,11.02,ts-security,10.435,ts-order,9.6625,ts-consign,9.48,ts-execute,6.5912,ts-food,6.5733,ts-ticketinfo,3.2872,ts-preserve-other,1.29,ts-food-map,0.74,ts-user,0.6258
139, -- ,ts-station,4694.2131,ts-config,631.0,ts-notification,162.1583,ts-train,92.3432,ts-price,61.0,ts-payment,40.635,ts-seat,27.5713,ts-order,26.4598,ts-contacts,23.315,ts-travel,22.2175,ts-security,13.38,ts-consign,8.49,ts-news,5.54,ts-ticketinfo,5.0819,ts-rebook,2.3,ts-execute,0.36,ts-delivery,0.21,ts-route,0.0875
140, -- ,ts-station,4676.8503,ts-config,631.0,ts-notification,152.465,ts-train,100.3143,ts-contacts,63.29,ts-seat,60.9382,ts-order,54.2533,ts-security,47.3707,ts-travel,31.8864,ts-food,29.0,ts-delivery,19.8415,ts-food-map,19.79,ts-consign,14.46,ts-route,10.5817,ts-ticketinfo,7.5,ts-user,4.98,ts-ticket-office,4.74,ts-execute,2.965,ts-basic,2.1032,ts-preserve-other,1.2,ts-preserve,0.738
141, -- ,ts-station,4731.2776,ts-config,632.5514,ts-notification,159.2083,ts-train,89.3333,ts-food,26.9633,ts-preserve,25.92,ts-user,23.28,ts-order,21.6317,ts-seat,21.22,ts-travel,9.407,ts-ticketinfo,7.5,ts-admin-order,5.6995,ts-delivery,5.1967,ts-inside-payment,3.2942,ts-contacts,2.32,ts-security,1.265,ts-route,1.16,ts-execute,0.81,ts-price,0.5876,ts-auth,0.51,ts-basic,0.49
142, -- ,ts-station,7031.5171,ts-config,631.0,ts-inside-payment,431.0012,ts-notification,152.0,ts-user,112.71,ts-payment,103.135,ts-train,89.3333,ts-order,57.0154,ts-food,38.42,ts-price,34.0966,ts-contacts,33.09,ts-admin-order,27.6901,ts-seat,23.269,ts-consign,19.44,ts-cancel,17.25,ts-rebook,15.41,ts-security,12.705,ts-assurance,9.39,ts-travel,7.4458,ts-news,5.54,ts-route,1.774,ts-preserve,1.175,ts-preserve-other,0.75
143, -- ,ts-station,7279.1022,ts-config,631.0,ts-notification,174.3383,ts-food,170.3233,ts-cancel,111.6217,ts-order,101.3793,ts-train,89.8409,ts-user,81.395,ts-contacts,74.22,ts-inside-payment,26.3225,ts-preserve-other,17.1712,ts-basic,15.6648,ts-travel,14.9683,ts-seat,13.4334,ts-admin-order,9.2601,ts-delivery,4.78,ts-payment,3.0,ts-execute,0.81,ts-preserve,0.725,ts-security,0.675,ts-ui,0.1643
144, -- ,ts-station,4747.5722,ts-config,651.0604,ts-notification,152.78,ts-train,95.9933,ts-delivery,46.97,ts-contacts,37.8,ts-route,37.2748,ts-order,34.3895,ts-travel,25.8547,ts-security,25.5218,ts-seat,18.4108,ts-verification-code,6.36,ts-food,2.77,ts-basic,2.0599,ts-payment,1.705,ts-rebook,1.56,ts-user,0.75,ts-preserve,0.67,ts-preserve-other,0.5212,ts-execute,0.08
145, -- ,ts-station,4692.4711,ts-contacts,730.29,ts-config,631.445,ts-notification,164.525,ts-preserve,123.42,ts-train,90.6113,ts-food,74.9133,ts-order,36.9367,ts-seat,15.3033,ts-delivery,8.59,ts-inside-payment,8.3892,ts-voucher,6.18,ts-admin-order,5.898,ts-route,5.7627,ts-news,5.54,ts-travel,3.2175,ts-consign,1.98,ts-security,0.8765,ts-verification-code,0.04
146, -- ,ts-station,4631.5394,ts-config,631.0,ts-travel,191.9457,ts-notification,152.155,ts-security,141.76,ts-contacts,128.3792,ts-train,107.9289,ts-order,103.3668,ts-preserve,28.91,ts-route,21.2527,ts-user,14.1667,ts-basic,11.4204,ts-rebook,7.56,ts-ticketinfo,7.5067,ts-inside-payment,6.8342,ts-consign,3.96,ts-seat,1.3924,ts-admin-user,0.7,ts-admin-order,0.4992,ts-price,0.1083
147, -- ,ts-station,5889.1341,ts-config,631.0,ts-notification,160.94,ts-train,117.576,ts-travel,74.8549,ts-assurance,54.75,ts-security,33.1909,ts-order,25.3425,ts-food-map,21.67,ts-route,20.9181,ts-food,19.2833,ts-seat,16.936,ts-contacts,15.45,ts-payment,7.57,ts-consign,4.92,ts-admin-user,3.96,ts-user,3.72,ts-execute,1.63,ts-auth,1.0767,ts-preserve-other,0.06,ts-basic,0.0275
148, -- ,ts-station,5982.861,ts-config,631.0,ts-notification,152.405,ts-train,89.4033,ts-payment,63.11,ts-order,62.905,ts-travel,34.5492,ts-food-map,21.51,ts-seat,20.1868,ts-food,11.4033,ts-route,4.5423,ts-contacts,2.67,ts-security,1.56,ts-preserve,0.005
149, -- ,ts-station,4671.6132,ts-config,631.0,ts-notification,162.42,ts-train,116.4436,ts-cancel,73.35,ts-order,52.0598,ts-contacts,51.86,ts-security,33.8081,ts-user,19.095,ts-food,17.7,ts-consign,4.38,ts-delivery,2.96,ts-seat,2.4664,ts-admin-order,1.214,ts-travel,1.126,ts-payment,0.4
150, -- ,ts-station,4735.6298,ts-config,631.0,ts-notification,155.0,ts-security,151.685,ts-train,129.293,ts-contacts,39.8,ts-travel,38.0745,ts-order,22.4507,ts-route,16.4795,ts-seat,7.4066,ts-admin-order,6.2409,ts-ticketinfo,1.7162,ts-preserve-other,0.96,ts-admin-basic-info,0.27,ts-admin-route,0.25
151, -- ,ts-station,4723.5206,ts-config,631.0,ts-notification,156.375,ts-consign,116.28,ts-train,94.8076,ts-seat,43.1848,ts-travel,34.5519,ts-security,26.8308,ts-contacts,24.57,ts-order,16.3767,ts-user,15.1775,ts-route,9.3173,ts-inside-payment,6.5233,ts-rebook,3.14,ts-preserve-other,1.68,ts-verification-code,1.54,ts-delivery,1.52,ts-basic,0.4649,ts-payment,0.23
152, -- ,ts-station,5077.927,ts-config,631.0,ts-food-map,202.53,ts-notification,167.3983,ts-food,127.025,ts-train,89.3333,ts-preserve,55.885,ts-travel,46.9321,ts-contacts,21.54,ts-order,12.0542,ts-consign,11.148,ts-seat,10.0607,ts-security,9.965,ts-route,4.599,ts-preserve-other,2.7
153, -- ,ts-station,5228.0654,ts-config,631.8014,ts-cancel,311.82,ts-notification,154.14,ts-food-map,113.08,ts-train,90.3333,ts-order,57.1658,ts-assurance,45.84,ts-travel,27.549,ts-preserve-other,2.37,ts-execute,2.28,ts-seat,1.43,ts-consign,1.38,ts-route,0.8567,ts-inside-payment,0.3625
154, -- ,ts-station,4744.5134,ts-cancel,839.5553,ts-config,631.0,ts-notification,162.695,ts-train,89.3333,ts-order,58.8125,ts-preserve,49.36,ts-security,49.079,ts-food,48.0,ts-contacts,41.13,ts-verification-code,39.15,ts-seat,19.8959,ts-user,18.26,ts-execute,16.62,ts-route,14.138,ts-food-map,3.86,ts-consign,3.66,ts-preserve-other,2.01,ts-rebook,0.39,ts-travel,0.11,ts-assurance,0.0867
155, -- ,ts-station,4645.3758,ts-config,631.0,ts-cancel,579.2075,ts-notification,159.4183,ts-train,91.288,ts-admin-user,61.55,ts-order,61.2087,ts-contacts,54.18,ts-preserve,30.605,ts-route,16.042,ts-seat,11.0736,ts-travel,9.996,ts-user,9.4236,ts-food,7.4333,ts-payment,0.56
156, -- ,ts-station,4656.9238,ts-cancel,2704.3625,ts-config,631.0,ts-notification,154.405,ts-train,89.3333,ts-contacts,77.3,ts-user,60.2936,ts-delivery,58.9267,ts-seat,32.5411,ts-preserve,32.035,ts-food,23.8767,ts-rebook,13.58,ts-route,11.2582,ts-order,10.0917,ts-basic,8.6593,ts-travel,8.3664,ts-news,5.54,ts-admin-order,2.14,ts-security,0.78,ts-ticketinfo,0.16
157, -- ,ts-station,5568.4677,ts-cancel,2609.2908,ts-config,631.0,ts-delivery,219.4399,ts-notification,156.47,ts-train,118.675,ts-food,103.1967,ts-payment,38.4057,ts-contacts,33.56,ts-preserve,28.2,ts-seat,23.0128,ts-order,21.8053,ts-travel,14.5855,ts-security,13.3431,ts-user,8.2125,ts-inside-payment,7.0492,ts-basic,4.444,ts-admin-order,4.32,ts-preserve-other,2.67,ts-verification-code,1.54
158, -- ,ts-station,5744.9223,ts-cancel,1272.7733,ts-config,636.8083,ts-notification,269.1782,ts-train,91.2433,ts-delivery,69.925,ts-travel,54.7788,ts-inside-payment,27.0924,ts-security,22.4348,ts-user,15.12,ts-food,10.04,ts-news,5.54,ts-contacts,4.41,ts-consign,2.7,ts-verification-code,2.58,ts-route,2.567,ts-basic,2.098,ts-admin-order,1.89,ts-preserve-other,1.68,ts-auth,0.6367,ts-order,0.135,ts-seat,0.0467
159, -- ,ts-station,4707.6424,ts-config,631.0,ts-cancel,414.3333,ts-notification,153.24,ts-train,90.1851,ts-travel,58.4677,ts-user,41.73,ts-contacts,40.14,ts-food-map,21.669,ts-consign,12.96,ts-seat,12.23,ts-ticketinfo,7.5,ts-security,6.475,ts-news,5.75,ts-basic,4.2999,ts-payment,2.48,ts-route,1.42,ts-rebook,0.44,ts-order,0.316
160, -- ,ts-station,4695.1738,ts-config,631.0,ts-cancel,414.3333,ts-notification,176.7667,ts-food,131.58,ts-train,90.35,ts-news,6.583,ts-security,5.805,ts-delivery,4.88,ts-order,3.7447,ts-seat,3.3852,ts-route,3.088,ts-travel,3.0033,ts-verification-code,1.31,ts-basic,1.1029,ts-contacts,0.61,ts-admin-route,0.15
161, -- ,ts-station,4706.5435,ts-config,631.0,ts-cancel,414.3333,ts-contacts,170.09,ts-notification,168.3733,ts-train,89.3333,ts-delivery,86.06,ts-food,67.8133,ts-payment,65.155,ts-security,36.7598,ts-seat,10.7717,ts-travel,8.3883,ts-preserve-other,4.53,ts-order,2.125,ts-preserve,1.73,ts-basic,0.8577,ts-admin-order,0.832,ts-verification-code,0.04
162, -- ,ts-station,4970.3916,ts-config,631.0,ts-cancel,418.5483,ts-notification,163.26,ts-contacts,120.81,ts-train,89.5243,ts-consign,86.08,ts-travel,55.6891,ts-food,39.84,ts-preserve,26.44,ts-seat,21.1227,ts-inside-payment,13.7983,ts-order,12.5817,ts-ticketinfo,7.5,ts-security,7.105,ts-news,5.54,ts-route,4.3417,ts-user,2.2675,ts-payment,1.26,ts-execute,0.35,ts-delivery,0.1,ts-basic,0.0275
163, -- ,ts-station,5099.0621,ts-config,635.5557,ts-cancel,414.3333,ts-notification,156.595,ts-train,91.1772,ts-admin-user,62.58,ts-food,14.68,ts-user,11.22,ts-ticket-office,7.66,ts-contacts,5.71,ts-travel,5.0205,ts-order,4.6575,ts-admin-order,3.302,ts-seat,3.1517,ts-rebook,3.14,ts-delivery,3.01,ts-preserve-other,1.68,ts-consign,0.78,ts-ui,0.2285,ts-route,0.16
164, -- ,ts-station,4677.139,ts-cancel,1106.265,ts-config,631.0,ts-notification,157.22,ts-train,89.5243,ts-auth,24.7417,ts-travel,19.1598,ts-contacts,13.65,ts-food,13.06,ts-user,11.1375,ts-security,5.385,ts-rebook,2.01,ts-seat,1.8683,ts-admin-order,1.432,ts-execute,0.93,ts-preserve,0.495
165, -- ,ts-station,4722.7831,ts-config,631.0,ts-notification,155.17,ts-preserve,146.71,ts-train,103.284,ts-seat,34.5355,ts-security,17.595,ts-order,15.005,ts-route,11.5024,ts-food,9.8567,ts-ticketinfo,7.5,ts-contacts,2.7,ts-travel,2.2475,ts-consign,0.66,ts-admin-order,0.5133,ts-basic,0.088,ts-execute,0.07
166, -- ,ts-station,4678.2915,ts-config,631.0,ts-notification,152.0,ts-train,99.0744,ts-preserve,96.47,ts-price,60.934,ts-seat,52.6677,ts-inside-payment,28.9242,ts-security,23.145,ts-route,12.1458,ts-consign,6.96,ts-travel,6.5054,ts-order,6.1192,ts-ticketinfo,3.1123,ts-execute,2.5433,ts-preserve-other,1.68,ts-basic,1.1969,ts-contacts,1.08,ts-food,0.9833,ts-rebook,0.44
167, -- ,ts-station,5428.7944,ts-config,631.0,ts-notification,163.84,ts-travel,96.8396,ts-train,89.3333,ts-inside-payment,66.2658,ts-seat,32.97,ts-security,22.1681,ts-basic,20.8802,ts-order,19.2089,ts-route,15.5112,ts-news,5.54,ts-contacts,4.77,ts-payment,3.345,ts-preserve-other,1.41,ts-consign,0.3,ts-delivery,0.12
168, -- ,ts-station,5618.0655,ts-config,631.0,ts-notification,158.8433,ts-food,127.7,ts-train,92.4724,ts-travel,40.7853,ts-preserve,27.0,ts-order,18.6067,ts-seat,16.3527,ts-payment,13.23,ts-execute,11.015,ts-auth,2.6233,ts-security,1.695,ts-ui,1.28,ts-ticketinfo,0.7443,ts-route,0.5377,ts-inside-payment,0.23,ts-cancel,0.15
169, -- ,ts-station,4729.7319,ts-config,631.8267,ts-notification,157.6633,ts-cancel,93.72,ts-train,89.3333,ts-seat,27.709,ts-food,22.94,ts-payment,17.33,ts-delivery,16.42,ts-travel,16.0773,ts-consign,12.12,ts-assurance,6.99,ts-security,5.2585,ts-order,4.2958,ts-rebook,3.81,ts-food-map,2.5,ts-contacts,1.29,ts-auth,0.8567,ts-route,0.84,ts-execute,0.24,ts-preserve-other,0.06,ts-admin-travel,0.06
170, -- ,ts-station,4696.8029,ts-config,631.0,ts-notification,188.675,ts-travel,134.9885,ts-train,89.3333,ts-food,58.1808,ts-consign,44.965,ts-payment,24.9461,ts-seat,17.3777,ts-order,10.2705,ts-basic,8.2192,ts-ticketinfo,3.2933,ts-security,2.99,ts-route,2.876,ts-execute,1.5225,ts-food-map,1.464,ts-price,1.02,ts-inside-payment,0.48
171, -- ,ts-station,4691.0838,ts-config,631.075,ts-notification,156.405,ts-inside-payment,124.4983,ts-train,93.5804,ts-payment,47.0793,ts-seat,21.7017,ts-contacts,13.53,ts-price,13.3993,ts-travel,10.2715,ts-basic,8.2059,ts-order,6.5158,ts-security,3.52,ts-news,2.72,ts-preserve,1.6125,ts-user,0.5191,ts-preserve-other,0.36
172, -- ,ts-station,8049.4061,ts-config,636.2575,ts-notification,163.2183,ts-travel,123.9307,ts-train,89.3333,ts-security,72.725,ts-seat,52.9161,ts-route,20.4524,ts-order,15.4683,ts-basic,9.3396,ts-contacts,6.48,ts-ticketinfo,4.7533,ts-preserve-other,3.27,ts-consign,2.82,ts-user,2.73,ts-delivery,1.8,ts-ticket-office,1.68,ts-inside-payment,1.07
173, -- ,ts-station,8126.8839,ts-config,633.0286,ts-notification,160.0083,ts-order,121.2513,ts-consign,116.04,ts-seat,107.4692,ts-train,89.6378,ts-route,61.5376,ts-travel,29.146,ts-food-map,15.44,ts-security,6.205,ts-contacts,4.24,ts-admin-order,4.1392,ts-price,1.75,ts-auth,0.1933
174, -- ,ts-station,4684.5839,ts-config,631.0,ts-notification,172.3883,ts-train,89.3333,ts-auth,68.7018,ts-order,20.9715,ts-route,19.7233,ts-preserve-other,16.3337,ts-food-map,15.11,ts-travel,9.3326,ts-consign,8.1,ts-basic,2.9667,ts-news,2.72,ts-seat,2.6633,ts-assurance,1.35,ts-payment,0.49
175, -- ,ts-station,4676.4298,ts-config,633.7695,ts-notification,160.3433,ts-train,101.3648,ts-contacts,97.84,ts-seat,96.1179,ts-travel,35.783,ts-preserve,26.2125,ts-route,24.1765,ts-user,21.45,ts-consign,7.56,ts-security,6.84,ts-preserve-other,5.2087,ts-order,3.6812,ts-auth,3.4442,ts-rebook,0.25,ts-ticketinfo,0.1645,ts-basic,0.1015
176, -- ,ts-station,4690.2905,ts-config,631.0,ts-notification,153.48,ts-train,89.3333,ts-travel,71.832,ts-contacts,45.1,ts-food,37.5,ts-seat,13.2863,ts-security,12.0638,ts-price,11.25,ts-basic,8.2623,ts-auth,7.8042,ts-order,7.5492,ts-execute,6.9877,ts-user,2.4333,ts-verification-code,1.89,ts-route,0.962,ts-preserve,0.0333
177, -- ,ts-station,7804.4305,ts-config,631.075,ts-seat,606.2507,ts-notification,153.89,ts-travel,101.5459,ts-train,100.9418,ts-auth,59.0908,ts-order,53.7913,ts-route,43.4302,ts-inside-payment,21.3607,ts-basic,19.5977,ts-food,9.69,ts-contacts,5.765,ts-consign,5.52,ts-ticketinfo,1.6073,ts-admin-travel,1.0412
178, -- ,ts-station,7826.2189,ts-notification,1922.2125,ts-config,633.5575,ts-auth,134.1584,ts-admin-user,118.08,ts-train,94.2413,ts-preserve,66.315,ts-seat,41.5676,ts-execute,14.4768,ts-travel,11.7213,ts-security,4.435,ts-admin-travel,3.125,ts-price,2.1772,ts-ticketinfo,2.15,ts-order,2.0275,ts-food,1.935,ts-payment,1.0775,ts-route,0.9245,ts-assurance,0.4067,ts-user,0.36
179, -- ,ts-station,4631.4957,ts-config,631.0471,ts-notification,152.615,ts-admin-order,133.9898,ts-cancel,93.6,ts-train,91.1873,ts-seat,76.0409,ts-auth,50.7472,ts-inside-payment,50.0805,ts-execute,48.86,ts-assurance,25.89,ts-price,24.7616,ts-food-map,17.95,ts-contacts,16.26,ts-delivery,15.75,ts-travel,12.1275,ts-order,6.7433,ts-payment,6.4025,ts-news,5.54,ts-food,4.88,ts-verification-code,4.2,ts-consign,3.78,ts-security,2.989,ts-rebook,2.64,ts-preserve,2.575,ts-ticketinfo,0.404
180, -- ,ts-station,4750.8022,ts-cancel,977.4364,ts-config,631.0,ts-notification,153.995,ts-train,89.3333,ts-admin-order,20.5586,ts-user,12.1,ts-consign,8.85,ts-price,8.2443,ts-travel,6.1738,ts-security,4.95,ts-assurance,3.93,ts-payment,3.7,ts-seat,2.295,ts-order,1.9812,ts-execute,1.65,ts-preserve-other,0.15
181, -- ,ts-travel,5464.0652,ts-cancel,2870.8483,ts-seat,2281.95,ts-basic,2252.705,ts-assurance,2126.325,ts-order,2123.7225,ts-consign,1926.9025,ts-station,1792.1117,ts-price,1736.9058,ts-voucher,1327.925,ts-route,1263.8141,ts-config,1254.7567,ts-ticket-office,1053.2242,ts-contacts,959.185,ts-food,950.81,ts-payment,894.0567,ts-train,885.6975,ts-news,857.1417,ts-admin-route,826.4475,ts-inside-payment,818.6875,ts-rebook,806.2875,ts-admin-user,799.4425,ts-notification,784.9983,ts-admin-basic-info,734.1,ts-avatar,727.91,ts-preserve-other,720.92,ts-security,669.8308,ts-admin-order,662.352,ts-user,638.2875,ts-admin-travel,628.2825,ts-auth,588.5912,ts-ticketinfo,563.312,ts-verification-code,517.4,ts-delivery,509.5533,ts-preserve,500.4,ts-execute,498.0124,ts-food-map,465.6,ts-ui,305.9775
