1, -- ,ts-admin-order,306.1029,ts-travel,270.4157,ts-station,257.4008,ts-order,235.575,ts-route,120.2333,ts-inside-payment,50.445,ts-notification,46.5733,ts-basic,30.4575,ts-preserve-other,14.0,ts-train,5.4541
2, -- ,ts-admin-order,6785.3589,ts-config,6021.8001,ts-train,5130.3073,ts-station,4706.1396,ts-ticketinfo,2938.7404,ts-price,2555.4947,ts-travel,2456.5663,ts-seat,2129.7565,ts-basic,2002.399,ts-route,1924.0906,ts-order,1724.9042,ts-food,1394.42,ts-auth,1065.3202,ts-assurance,879.72,ts-food-map,634.0775,ts-ui,278.82,ts-preserve-other,14.26,ts-payment,11.11,ts-consign,7.74,ts-contacts,5.13,ts-security,4.005,ts-rebook,0.49
3, -- ,ts-config,5759.8425,ts-train,4493.1545,ts-security,4456.7839,ts-admin-order,3286.0988,ts-order,3152.8745,ts-price,2573.678,ts-travel,2361.4753,ts-station,1892.0541,ts-ticketinfo,1743.8077,ts-payment,1716.3875,ts-route,1466.0427,ts-seat,1336.5531,ts-user,1278.65,ts-consign,1188.3,ts-preserve,963.845,ts-basic,901.4765,ts-food,806.08,ts-delivery,348.1399,ts-food-map,267.25,ts-contacts,256.34,ts-assurance,243.7833,ts-ui,215.18,ts-inside-payment,210.5183,ts-auth,40.1554,ts-preserve-other,14.04,ts-execute,10.86
4, -- ,ts-station,5017.7936,ts-order,2875.7845,ts-config,2232.3338,ts-security,1949.0675,ts-train,1839.0189,ts-price,1762.834,ts-ticketinfo,1557.9281,ts-travel,1325.489,ts-execute,1216.2241,ts-payment,883.8358,ts-seat,834.9627,ts-route,798.8514,ts-basic,705.4645,ts-preserve,584.0217,ts-admin-order,510.6205,ts-inside-payment,474.6108,ts-food,274.9275,ts-notification,268.7632,ts-ui,251.55,ts-consign,211.89,ts-user,206.73,ts-delivery,149.33,ts-auth,53.8079,ts-contacts,26.51,ts-food-map,15.92,ts-preserve-other,14.04
5, -- ,ts-security,6272.0033,ts-cancel,3029.65,ts-consign,2453.3442,ts-food,2121.175,ts-payment,1994.5008,ts-assurance,1992.015,ts-config,1794.8554,ts-price,1603.9727,ts-train,1519.4371,ts-station,1492.5179,ts-inside-payment,1353.4648,ts-execute,1189.035,ts-order,818.6055,ts-seat,708.914,ts-travel,668.8051,ts-route,622.8485,ts-ui,316.095,ts-ticketinfo,302.6517,ts-basic,228.946,ts-preserve,220.91,ts-user,145.8,ts-food-map,57.68,ts-delivery,22.72,ts-contacts,17.28,ts-preserve-other,14.04,ts-auth,13.88,ts-admin-order,10.385
6, -- ,ts-security,5385.445,ts-consign,2374.4417,ts-assurance,2374.38,ts-food,2016.9033,ts-config,1556.8935,ts-payment,1388.9933,ts-inside-payment,1194.3625,ts-food-map,885.25,ts-execute,845.155,ts-train,836.7762,ts-price,767.9087,ts-station,574.1172,ts-travel,496.3105,ts-order,461.7002,ts-route,423.9363,ts-seat,381.0669,ts-cancel,317.39,ts-basic,205.6044,ts-preserve,130.0,ts-ticketinfo,60.365,ts-contacts,38.07,ts-user,24.535,ts-admin-order,14.2611,ts-preserve-other,14.04,ts-delivery,12.7417,ts-verification-code,5.82,ts-notification,0.3733
7, -- ,ts-assurance,1687.2167,ts-food,1536.8833,ts-payment,1250.57,ts-inside-payment,968.5867,ts-food-map,616.82,ts-order,544.065,ts-security,501.0073,ts-execute,446.55,ts-station,411.8843,ts-route,357.6583,ts-consign,238.65,ts-basic,158.3431,ts-train,119.5137,ts-price,111.174,ts-travel,56.8135,ts-config,51.8197,ts-ticketinfo,51.5859,ts-user,44.9,ts-cancel,44.32,ts-preserve,42.805,ts-preserve-other,14.64,ts-seat,8.4067,ts-notification,4.375,ts-auth,3.6767
8, -- ,ts-assurance,1802.4233,ts-payment,650.7017,ts-inside-payment,510.4125,ts-station,420.7714,ts-route,417.4182,ts-order,275.8352,ts-travel,273.6088,ts-security,168.0092,ts-config,140.2418,ts-train,122.6954,ts-ticketinfo,122.5044,ts-cancel,92.31,ts-basic,85.9297,ts-food,81.2667,ts-price,67.278,ts-execute,55.2975,ts-auth,42.3397,ts-user,37.74,ts-preserve,36.85,ts-admin-order,22.5805,ts-seat,21.4502,ts-ui,20.0833,ts-consign,18.75,ts-preserve-other,14.04,ts-contacts,10.77,ts-food-map,7.12,ts-verification-code,6.45,ts-notification,4.1583,ts-delivery,2.22
9, -- ,ts-assurance,877.0717,ts-station,423.5014,ts-inside-payment,418.1683,ts-route,247.9603,ts-travel,243.4467,ts-order,238.6575,ts-train,228.7044,ts-security,126.295,ts-ticketinfo,112.4195,ts-execute,96.8025,ts-config,73.4216,ts-seat,73.1619,ts-food,53.4533,ts-basic,51.0449,ts-consign,49.9,ts-payment,29.5517,ts-admin-order,28.0018,ts-price,22.8607,ts-user,16.13,ts-preserve-other,14.04,ts-delivery,9.62,ts-auth,8.053,ts-contacts,6.42,ts-notification,3.8733,ts-food-map,3.1475,ts-preserve,1.975,ts-cancel,0.42
10, -- ,ts-admin-order,1679.7965,ts-inside-payment,427.24,ts-assurance,354.355,ts-user,322.35,ts-travel,319.0746,ts-payment,310.99,ts-order,271.8807,ts-station,263.5385,ts-route,257.7563,ts-config,217.6527,ts-preserve,214.5962,ts-train,170.7256,ts-ticketinfo,118.4748,ts-food,107.3267,ts-security,102.3371,ts-execute,95.6675,ts-seat,67.1575,ts-delivery,41.9152,ts-price,39.1033,ts-basic,36.5978,ts-food-map,24.25,ts-consign,14.28,ts-preserve-other,14.04,ts-ticket-office,7.4,ts-notification,5.3733,ts-contacts,4.56,ts-auth,2.6233,ts-verification-code,1.47
11, -- ,ts-travel,1414.0795,ts-preserve,410.16,ts-contacts,405.54,ts-user,259.47,ts-station,205.0683,ts-order,151.3166,ts-security,149.1558,ts-payment,120.0683,ts-train,108.4601,ts-inside-payment,106.6,ts-route,96.5225,ts-admin-order,77.7428,ts-ticketinfo,73.2513,ts-config,69.871,ts-price,26.089,ts-execute,21.36,ts-preserve-other,14.82,ts-seat,11.7893,ts-assurance,10.9342,ts-food,10.77,ts-basic,6.515,ts-cancel,5.07,ts-food-map,3.98,ts-ticket-office,0.56
12, -- ,ts-travel,436.5761,ts-admin-order,182.3771,ts-order,172.0199,ts-train,149.0458,ts-price,139.6348,ts-station,111.7704,ts-execute,62.715,ts-preserve,61.095,ts-contacts,59.62,ts-route,58.9255,ts-security,48.695,ts-basic,32.0205,ts-inside-payment,25.34,ts-ui,15.18,ts-preserve-other,14.04,ts-config,13.6246,ts-ticket-office,11.38,ts-ticketinfo,7.6334,ts-seat,7.1257,ts-auth,5.4933,ts-food,4.99,ts-consign,4.5,ts-food-map,4.12,ts-admin-travel,3.125,ts-assurance,2.34,ts-user,1.82,ts-payment,1.2183
13, -- ,ts-travel,581.2143,ts-preserve,314.3,ts-inside-payment,130.04,ts-admin-order,84.5444,ts-security,78.5614,ts-order,33.1187,ts-train,30.7383,ts-route,19.8273,ts-payment,16.655,ts-price,16.5517,ts-ui,15.18,ts-preserve-other,14.04,ts-execute,13.3125,ts-config,13.0568,ts-user,6.2075,ts-station,5.8526,ts-notification,4.375,ts-food-map,2.59,ts-cancel,2.55,ts-seat,1.6014,ts-admin-travel,1.5625,ts-consign,0.72,ts-verification-code,0.675,ts-auth,0.4167,ts-assurance,0.3,ts-basic,0.0275
14, -- ,ts-travel,1052.7506,ts-auth,121.4283,ts-config,119.411,ts-contacts,91.0,ts-payment,80.1567,ts-basic,78.138,ts-station,70.7888,ts-assurance,69.96,ts-route,68.9367,ts-security,62.6608,ts-order,55.1486,ts-user,54.21,ts-admin-order,53.7951,ts-execute,49.7983,ts-food,28.92,ts-train,27.4868,ts-consign,22.635,ts-inside-payment,19.7925,ts-preserve,14.7,ts-preserve-other,14.04,ts-price,13.697,ts-cancel,12.99,ts-ticketinfo,11.8105,ts-food-map,8.2843,ts-ticket-office,4.14,ts-notification,1.8733,ts-rebook,1.6925
15, -- ,ts-travel,2779.7699,ts-order,1058.6711,ts-food-map,276.35,ts-seat,245.3975,ts-price,91.511,ts-contacts,66.26,ts-admin-order,60.8139,ts-security,46.8225,ts-config,44.15,ts-notification,21.0083,ts-route,20.2953,ts-basic,16.7635,ts-station,14.78,ts-preserve-other,14.04,ts-execute,11.13,ts-consign,7.56,ts-voucher,4.9,ts-ticketinfo,3.736,ts-payment,1.96,ts-train,1.89,ts-assurance,1.55,ts-rebook,0.49
16, -- ,ts-order,2822.8486,ts-travel,2139.0851,ts-seat,542.5433,ts-payment,291.535,ts-food-map,255.15,ts-route,128.2958,ts-station,126.6876,ts-inside-payment,102.605,ts-assurance,90.5567,ts-price,75.448,ts-config,60.1957,ts-train,47.9523,ts-security,46.9805,ts-user,42.5,ts-execute,41.4425,ts-admin-order,39.9707,ts-basic,31.2872,ts-food,30.08,ts-cancel,23.01,ts-preserve-other,14.04,ts-consign,8.61,ts-auth,5.4933,ts-ui,3.881,ts-preserve,2.505,ts-rebook,2.1725,ts-contacts,1.35,ts-ticketinfo,0.8219
17, -- ,ts-order,634.0828,ts-travel,225.898,ts-price,199.2252,ts-basic,131.6675,ts-seat,70.7136,ts-config,50.1947,ts-security,43.5625,ts-inside-payment,41.94,ts-execute,38.05,ts-food,36.6167,ts-user,27.78,ts-ticketinfo,25.7785,ts-ticket-office,23.475,ts-route,21.6483,ts-payment,16.505,ts-station,16.0993,ts-preserve-other,14.04,ts-admin-order,13.4846,ts-assurance,8.4,ts-train,8.2634,ts-notification,6.5,ts-preserve,4.215,ts-food-map,3.76,ts-rebook,1.9325,ts-admin-basic-info,0.9612,ts-consign,0.78,ts-admin-route,0.49
18, -- ,ts-admin-order,9633.2761,ts-execute,341.805,ts-food-map,189.4645,ts-order,182.4621,ts-payment,146.26,ts-food,72.62,ts-config,50.9038,ts-security,43.27,ts-travel,43.0849,ts-assurance,32.19,ts-basic,24.5137,ts-train,21.6927,ts-price,18.144,ts-preserve-other,14.04,ts-inside-payment,13.8883,ts-route,11.4383,ts-station,10.4703,ts-ticketinfo,8.856,ts-seat,6.5317,ts-contacts,4.98,ts-notification,4.375,ts-consign,3.3,ts-auth,3.0633,ts-preserve,2.075,ts-verification-code,0.15
19, -- ,ts-admin-order,1204.247,ts-voucher,648.355,ts-travel,446.8244,ts-order,446.3564,ts-rebook,381.1925,ts-basic,324.2395,ts-route,304.89,ts-payment,273.81,ts-admin-user,266.61,ts-execute,237.2742,ts-inside-payment,234.99,ts-food-map,222.845,ts-train,222.0891,ts-consign,200.43,ts-config,153.6152,ts-ticket-office,120.72,ts-assurance,118.935,ts-delivery,105.065,ts-user,76.86,ts-price,75.6215,ts-ticketinfo,50.697,ts-security,42.07,ts-station,37.6728,ts-notification,35.6266,ts-auth,28.531,ts-contacts,22.31,ts-preserve-other,21.0,ts-preserve,14.748,ts-food,12.06,ts-verification-code,1.38,ts-seat,0.985
20, -- ,ts-cancel,2685.375,ts-seat,1499.1367,ts-travel,1260.3128,ts-train,1069.7599,ts-price,682.6996,ts-consign,641.41,ts-notification,547.205,ts-route,525.46,ts-auth,465.2118,ts-avatar,441.705,ts-preserve-other,408.2037,ts-admin-basic-info,399.4237,ts-admin-travel,395.6575,ts-admin-route,387.5975,ts-execute,350.7375,ts-ticket-office,347.505,ts-basic,301.2133,ts-assurance,291.1483,ts-verification-code,264.87,ts-news,264.0,ts-user,262.8573,ts-contacts,251.035,ts-station,228.7961,ts-food,205.355,ts-food-map,193.19,ts-security,178.3475,ts-ui,171.075,ts-config,167.4775,ts-order,140.32,ts-preserve,128.18,ts-inside-payment,114.705,ts-delivery,114.04,ts-payment,73.74,ts-ticketinfo,52.15
21, -- ,ts-train,966.3775,ts-basic,511.988,ts-travel,289.455,ts-order,268.61,ts-station,243.3133,ts-security,169.1742,ts-ticketinfo,143.74,ts-execute,131.6242,ts-notification,21.0083,ts-price,3.8047,ts-food-map,0.466,ts-seat,0.37
22, -- ,ts-food,185.234,ts-order,118.135,ts-travel,52.8397,ts-price,49.6356,ts-admin-order,36.1071,ts-station,27.8608,ts-train,26.4657,ts-payment,25.63,ts-food-map,23.12,ts-consign,20.61,ts-seat,12.7492,ts-execute,8.87,ts-inside-payment,7.49,ts-security,6.01,ts-route,4.4067,ts-preserve,2.84,ts-contacts,2.55,ts-user,1.8,ts-delivery,1.8,ts-config,1.3757
23, -- ,ts-order,125.1847,ts-travel,107.9265,ts-price,47.315,ts-food,42.86,ts-admin-order,36.1071,ts-user,31.98,ts-food-map,31.793,ts-station,27.8608,ts-train,26.4657,ts-payment,25.63,ts-seat,16.192,ts-execute,8.62,ts-inside-payment,7.49,ts-route,7.0917,ts-security,6.01,ts-preserve,4.7375,ts-contacts,2.55,ts-config,1.3757
24, -- ,ts-cancel,2698.0367,ts-travel,1712.3255,ts-seat,1563.8105,ts-admin-order,1242.5529,ts-order,1068.7514,ts-train,840.0729,ts-consign,831.33,ts-basic,807.5295,ts-price,709.1148,ts-station,698.1161,ts-voucher,648.355,ts-notification,526.7533,ts-auth,505.6743,ts-security,471.69,ts-ticket-office,465.87,ts-avatar,441.705,ts-preserve-other,405.655,ts-assurance,404.94,ts-admin-basic-info,396.795,ts-admin-travel,394.155,ts-admin-route,386.16,ts-route,380.814,ts-rebook,378.99,ts-payment,371.72,ts-ticketinfo,368.799,ts-inside-payment,353.0675,ts-execute,352.7833,ts-food-map,338.415,ts-news,266.745,ts-admin-user,266.625,ts-verification-code,264.885,ts-config,253.9811,ts-food,253.51,ts-contacts,245.19,ts-user,242.065,ts-delivery,194.12,ts-ui,171.015,ts-preserve,129.43
25, -- ,ts-admin-order,1157.8032,ts-inside-payment,872.7275,ts-food,566.76,ts-station,306.4755,ts-payment,234.535,ts-train,200.3566,ts-price,175.2335,ts-order,158.0529,ts-ticketinfo,146.8888,ts-travel,141.6271,ts-basic,106.568,ts-security,66.6189,ts-execute,58.12,ts-preserve-other,20.2,ts-route,14.0803,ts-seat,12.4767,ts-consign,8.07,ts-assurance,4.5733,ts-config,4.15,ts-contacts,3.12,ts-delivery,2.18,ts-admin-user,2.04,ts-food-map,2.0,ts-user,1.2536,ts-rebook,0.9712,ts-auth,0.6367
26, -- ,ts-admin-order,869.932,ts-inside-payment,671.606,ts-food,405.27,ts-food-map,207.8785,ts-travel,152.2826,ts-price,79.9454,ts-preserve,60.3778,ts-user,37.3655,ts-security,34.42,ts-seat,33.0679,ts-train,18.5618,ts-station,14.1505,ts-preserve-other,14.08,ts-basic,13.718,ts-payment,10.01,ts-ticketinfo,9.45,ts-execute,6.5175,ts-config,2.3879,ts-delivery,1.645,ts-ticket-office,1.1225,ts-order,1.0396,ts-route,1.0137
27, -- ,ts-inside-payment,491.265,ts-cancel,387.0,ts-seat,287.7695,ts-payment,262.95,ts-travel,223.4064,ts-admin-order,118.5291,ts-basic,88.395,ts-train,86.2634,ts-auth,69.0314,ts-route,62.3129,ts-verification-code,49.205,ts-consign,29.52,ts-security,29.3221,ts-price,26.195,ts-contacts,23.17,ts-notification,21.0083,ts-preserve-other,18.045,ts-config,13.2389,ts-food,11.4,ts-ticketinfo,9.637,ts-user,7.2,ts-order,4.3275,ts-execute,2.715,ts-station,1.7289,ts-preserve,1.445,ts-ticket-office,1.075,ts-food-map,1.0,ts-assurance,0.81
28, -- ,ts-inside-payment,1596.845,ts-price,313.0707,ts-order,239.0457,ts-train,116.1568,ts-payment,86.145,ts-assurance,80.01,ts-consign,54.06,ts-seat,38.6748,ts-user,27.4383,ts-cancel,25.11,ts-preserve-other,17.205,ts-ticketinfo,14.53,ts-route,12.4283,ts-travel,11.9073,ts-food-map,11.3955,ts-preserve,5.95,ts-security,5.4383,ts-station,5.2796,ts-contacts,2.94,ts-verification-code,2.26,ts-auth,1.96,ts-execute,0.31,ts-basic,0.0275
29, -- ,ts-inside-payment,770.0458,ts-security,65.89,ts-assurance,44.8,ts-admin-order,36.9257,ts-seat,29.6333,ts-food,29.02,ts-order,28.2625,ts-travel,24.926,ts-preserve-other,14.08,ts-route,10.3265,ts-cancel,9.57,ts-consign,9.03,ts-train,8.2678,ts-verification-code,7.62,ts-food-map,5.93,ts-payment,5.24,ts-config,4.4751,ts-price,3.7317,ts-auth,0.6367,ts-notification,0.3733
30, -- ,ts-travel,408.875,ts-basic,169.895,ts-price,95.7648,ts-inside-payment,88.46,ts-security,61.1622,ts-order,48.2071,ts-seat,32.75,ts-admin-order,30.7725,ts-payment,26.785,ts-user,25.89,ts-rebook,17.79,ts-ticketinfo,16.493,ts-preserve-other,14.08,ts-execute,11.72,ts-cancel,9.66,ts-station,9.3519,ts-assurance,7.67,ts-food-map,7.16,ts-auth,1.74,ts-verification-code,1.47,ts-admin-route,1.2112,ts-admin-basic-info,0.9612,ts-preserve,0.88,ts-train,0.7368,ts-delivery,0.23
31, -- ,ts-user,663.16,ts-travel,164.9407,ts-preserve-other,88.12,ts-price,83.5704,ts-train,45.2371,ts-payment,34.47,ts-route,32.439,ts-seat,29.805,ts-security,27.505,ts-food,24.5,ts-ticketinfo,16.752,ts-contacts,12.63,ts-station,10.595,ts-delivery,7.59,ts-order,4.2675,ts-verification-code,3.3,ts-preserve,2.99,ts-notification,2.5,ts-execute,2.47,ts-food-map,2.34,ts-consign,1.32,ts-inside-payment,1.26,ts-admin-route,1.2112,ts-admin-basic-info,0.9612,ts-basic,0.646
32, -- ,ts-preserve,758.0767,ts-user,464.0,ts-travel,317.0598,ts-train,67.6844,ts-security,60.3598,ts-admin-order,49.2832,ts-config,31.6813,ts-seat,24.4517,ts-consign,24.21,ts-station,22.4199,ts-preserve-other,19.33,ts-food,15.73,ts-ticketinfo,9.7743,ts-route,8.8683,ts-notification,7.3433,ts-price,5.94,ts-food-map,5.0845,ts-payment,3.055,ts-execute,1.65,ts-order,0.3493,ts-basic,0.1525
33, -- ,ts-seat,1037.1726,ts-preserve,663.97,ts-basic,406.875,ts-travel,169.9177,ts-admin-order,150.9871,ts-route,115.6728,ts-payment,68.855,ts-security,42.915,ts-price,26.9485,ts-assurance,26.1933,ts-ticketinfo,23.0797,ts-order,20.3349,ts-consign,18.99,ts-execute,18.5975,ts-food,18.2117,ts-preserve-other,14.08,ts-food-map,13.0555,ts-cancel,12.39,ts-user,11.1018,ts-notification,2.5,ts-admin-basic-info,1.6825,ts-inside-payment,0.9275,ts-station,0.4067,ts-admin-route,0.01
34, -- ,ts-route,358.2155,ts-travel,224.6022,ts-ticketinfo,161.7842,ts-price,80.5272,ts-seat,79.3286,ts-security,39.7675,ts-payment,24.39,ts-preserve,22.405,ts-train,18.5145,ts-basic,18.3087,ts-user,18.0482,ts-admin-order,15.874,ts-preserve-other,14.08,ts-order,10.7625,ts-food,9.12,ts-execute,7.5975,ts-station,6.7967,ts-config,5.2316,ts-food-map,3.03,ts-assurance,2.97,ts-admin-route,0.9712,ts-admin-basic-info,0.7212
35, -- ,ts-train,2006.0749,ts-execute,1196.215,ts-travel,530.0025,ts-security,375.18,ts-basic,320.7112,ts-station,251.9732,ts-food-map,131.66,ts-seat,106.1541,ts-route,100.1067,ts-price,87.3752,ts-preserve,48.5158,ts-order,19.0783,ts-user,18.99,ts-cancel,17.25,ts-preserve-other,14.08,ts-ticketinfo,13.815,ts-auth,13.674,ts-notification,2.5,ts-delivery,1.4667,ts-payment,1.4325,ts-config,1.1282
36, -- ,ts-security,7561.0675,ts-execute,1958.4547,ts-travel,1554.8994,ts-train,1362.5291,ts-basic,800.1207,ts-station,678.8955,ts-seat,106.8536,ts-payment,42.7625,ts-preserve,41.9,ts-admin-order,30.4202,ts-order,27.0783,ts-price,20.7683,ts-ticketinfo,18.908,ts-route,18.7108,ts-preserve-other,14.08,ts-config,13.2374,ts-food-map,1.2435,ts-news,1.167,ts-inside-payment,0.8787
37, -- ,ts-security,797.6098,ts-basic,307.0991,ts-order,140.0618,ts-auth,96.8532,ts-train,96.1681,ts-food,88.03,ts-assurance,80.0367,ts-station,70.122,ts-travel,61.2674,ts-seat,49.0541,ts-inside-payment,42.5217,ts-consign,32.34,ts-price,25.8179,ts-payment,24.5305,ts-contacts,22.07,ts-execute,21.26,ts-preserve-other,14.08,ts-food-map,10.13,ts-preserve,8.42,ts-ticketinfo,7.5,ts-route,6.805,ts-notification,4.7483,ts-news,1.167
38, -- ,ts-travel,514.5049,ts-route,243.7945,ts-basic,225.7096,ts-train,161.0931,ts-admin-order,138.6212,ts-order,128.6239,ts-auth,114.1061,ts-station,103.4608,ts-security,92.4774,ts-inside-payment,88.3283,ts-payment,68.45,ts-price,64.7177,ts-seat,60.0507,ts-food,38.92,ts-delivery,28.3833,ts-preserve-other,14.08,ts-ticketinfo,12.8462,ts-food-map,10.55,ts-preserve,4.577,ts-config,1.9321,ts-execute,0.82,ts-assurance,0.7267
39, -- ,ts-payment,593.315,ts-user,503.52,ts-order,398.6809,ts-travel,352.6889,ts-basic,207.97,ts-security,120.0658,ts-route,117.94,ts-train,86.7089,ts-food,71.52,ts-contacts,65.17,ts-price,55.8083,ts-seat,42.3724,ts-inside-payment,37.5645,ts-assurance,21.96,ts-admin-order,20.0674,ts-food-map,14.558,ts-preserve-other,14.08,ts-consign,11.64,ts-execute,9.7775,ts-notification,8.6833,ts-preserve,4.83,ts-ui,3.3125,ts-admin-travel,2.3437,ts-station,2.1595,ts-ticketinfo,1.196,ts-verification-code,1.14,ts-delivery,0.13
40, -- ,ts-seat,623.2101,ts-order,602.5306,ts-payment,304.205,ts-travel,213.9261,ts-security,109.1447,ts-contacts,96.27,ts-user,86.71,ts-price,62.7377,ts-food-map,38.044,ts-train,36.1793,ts-consign,26.44,ts-food,24.77,ts-execute,19.2,ts-route,19.13,ts-preserve-other,15.1212,ts-verification-code,9.57,ts-config,8.0288,ts-notification,7.8433,ts-auth,6.81,ts-basic,4.2812,ts-inside-payment,2.4765,ts-admin-travel,2.3437,ts-station,0.2562,ts-admin-order,0.02
41, -- ,ts-seat,571.9682,ts-price,202.6181,ts-security,152.2275,ts-contacts,110.17,ts-order,109.7279,ts-payment,89.98,ts-travel,71.4743,ts-consign,30.21,ts-notification,18.8033,ts-preserve-other,17.23,ts-train,17.04,ts-inside-payment,16.1225,ts-delivery,14.98,ts-execute,13.6525,ts-user,11.7,ts-ticketinfo,10.404,ts-route,5.7945,ts-config,4.15,ts-admin-basic-info,4.0862,ts-admin-route,3.8562,ts-station,2.166,ts-food,1.94,ts-admin-order,1.54,ts-auth,0.8567,ts-food-map,0.32
42, -- ,ts-payment,400.395,ts-food-map,149.74,ts-order,122.3083,ts-food,95.9808,ts-seat,73.348,ts-security,56.545,ts-travel,53.3954,ts-station,36.8694,ts-auth,29.5533,ts-preserve-other,26.495,ts-verification-code,25.18,ts-notification,21.375,ts-execute,15.6792,ts-ticketinfo,9.3477,ts-inside-payment,7.755,ts-train,7.6316,ts-basic,5.4355,ts-admin-basic-info,4.8075,ts-delivery,4.435,ts-admin-route,3.8562,ts-route,3.095,ts-admin-travel,2.865,ts-price,2.484,ts-contacts,1.35,ts-preserve,1.03,ts-rebook,0.49
43, -- ,ts-order,269.5361,ts-payment,202.23,ts-food-map,141.0275,ts-route,104.7993,ts-inside-payment,103.6083,ts-admin-order,46.5332,ts-auth,45.4842,ts-config,39.6505,ts-travel,34.0945,ts-seat,28.212,ts-notification,24.8817,ts-security,24.2845,ts-preserve-other,17.585,ts-price,12.912,ts-user,5.19,ts-verification-code,4.325,ts-consign,3.42,ts-station,2.6762,ts-admin-travel,2.3437,ts-rebook,1.9325,ts-execute,0.6825,ts-train,0.3544,ts-contacts,0.214,ts-basic,0.0275
44, -- ,ts-order,448.2665,ts-execute,63.05,ts-travel,57.6987,ts-security,50.175,ts-payment,43.27,ts-train,40.1155,ts-price,37.4797,ts-inside-payment,26.6404,ts-admin-order,21.8676,ts-preserve-other,14.2,ts-station,12.6234,ts-food,11.785,ts-cancel,7.62,ts-seat,6.9493,ts-notification,5.2486,ts-config,4.6296,ts-consign,0.84,ts-contacts,0.664,ts-ticketinfo,0.565,ts-food-map,0.27,ts-route,0.1967
45, -- ,ts-travel,1238.0149,ts-route,589.0258,ts-payment,157.0775,ts-order,82.0916,ts-price,58.1858,ts-execute,44.64,ts-security,37.0994,ts-seat,22.1903,ts-admin-order,19.8739,ts-station,16.3086,ts-food,15.34,ts-preserve-other,14.2,ts-notification,10.4507,ts-consign,8.7,ts-config,5.3284,ts-contacts,4.35,ts-basic,4.11,ts-assurance,3.84,ts-train,3.8333,ts-food-map,3.62,ts-auth,2.655,ts-verification-code,0.04
46, -- ,ts-route,2582.5915,ts-user,442.99,ts-basic,208.6515,ts-travel,147.796,ts-execute,74.9,ts-order,55.1639,ts-train,38.2448,ts-preserve,30.5067,ts-assurance,30.48,ts-payment,28.325,ts-food,28.06,ts-station,25.8671,ts-cancel,22.29,ts-preserve-other,14.2,ts-security,14.0917,ts-contacts,12.15,ts-price,8.658,ts-config,7.9582,ts-seat,6.6619,ts-notification,1.9,ts-admin-order,1.05,ts-verification-code,0.81,ts-delivery,0.31
47, -- ,ts-route,463.2344,ts-travel,322.4847,ts-user,256.29,ts-order,171.9623,ts-security,120.0007,ts-admin-order,103.8349,ts-config,82.4487,ts-price,79.0424,ts-seat,75.5101,ts-execute,46.58,ts-train,20.4786,ts-payment,17.145,ts-preserve-other,16.3,ts-cancel,11.76,ts-ticketinfo,11.356,ts-station,8.953,ts-contacts,5.82,ts-inside-payment,4.8525,ts-auth,4.4275,ts-notification,4.375,ts-basic,2.098
48, -- ,ts-order,437.0464,ts-travel,270.7586,ts-payment,74.4342,ts-price,69.7612,ts-security,62.8714,ts-execute,58.9975,ts-config,49.7603,ts-seat,35.2485,ts-inside-payment,29.8012,ts-admin-order,24.045,ts-route,23.075,ts-consign,18.3,ts-contacts,15.03,ts-preserve-other,14.2,ts-food,7.22,ts-station,6.898,ts-ticketinfo,6.752,ts-basic,5.338,ts-ui,4.8752,ts-cancel,1.5,ts-food-map,0.48,ts-notification,0.3733
49, -- ,ts-price,372.639,ts-order,164.5908,ts-food-map,67.7005,ts-config,50.229,ts-security,36.7974,ts-travel,26.6745,ts-user,25.41,ts-assurance,25.0867,ts-food,21.6426,ts-seat,16.0117,ts-preserve-other,14.2,ts-inside-payment,13.28,ts-execute,5.67,ts-basic,4.78,ts-route,3.3742,ts-admin-order,1.868,ts-ui,1.09,ts-auth,0.4167,ts-ticketinfo,0.086,ts-payment,0.08,ts-train,0.052
50, -- ,ts-price,334.4637,ts-basic,258.0,ts-travel,169.5378,ts-config,160.9102,ts-cancel,115.71,ts-order,72.6633,ts-food-map,59.2905,ts-seat,42.0522,ts-execute,38.3146,ts-food,31.8,ts-route,28.9523,ts-inside-payment,21.0675,ts-security,15.02,ts-preserve-other,14.2,ts-train,9.4162,ts-notification,6.8433,ts-auth,5.7133,ts-station,5.6211,ts-assurance,3.0767,ts-verification-code,1.29,ts-contacts,1.02,ts-delivery,0.325,ts-admin-order,0.134
51, -- ,ts-basic,547.5275,ts-seat,284.9935,ts-consign,145.5,ts-travel,109.0211,ts-train,53.438,ts-preserve,50.6037,ts-order,43.5942,ts-admin-order,29.9346,ts-security,27.015,ts-food,26.56,ts-payment,18.005,ts-preserve-other,15.7625,ts-route,13.464,ts-food-map,11.401,ts-config,10.445,ts-delivery,5.0233,ts-ticketinfo,4.53,ts-notification,4.375,ts-station,3.94,ts-assurance,1.0467,ts-inside-payment,0.8829,ts-price,0.3383,ts-execute,0.31,ts-verification-code,0.04
52, -- ,ts-travel,83.5014,ts-admin-order,81.2486,ts-order,75.8246,ts-train,70.8415,ts-seat,58.3441,ts-food,41.1,ts-inside-payment,33.66,ts-security,27.8717,ts-execute,20.3975,ts-preserve-other,15.7625,ts-delivery,12.43,ts-payment,5.485,ts-notification,4.7483,ts-ticketinfo,4.372,ts-price,2.0649,ts-auth,1.74,ts-assurance,0.94,ts-cancel,0.09,ts-config,0.075,ts-verification-code,0.04
53, -- ,ts-food-map,384.77,ts-preserve,62.37,ts-train,44.7649,ts-travel,42.2883,ts-price,28.37,ts-order,28.2875,ts-security,23.245,ts-inside-payment,21.7244,ts-food,19.9033,ts-execute,16.5875,ts-preserve-other,15.28,ts-payment,12.605,ts-assurance,12.0,ts-admin-order,11.1429,ts-seat,10.0473,ts-verification-code,7.48,ts-route,6.685,ts-config,3.3242,ts-auth,1.65,ts-contacts,1.32,ts-admin-travel,0.75,ts-ticketinfo,0.72,ts-notification,0.36
54, -- ,ts-order,94.2064,ts-price,78.9841,ts-preserve,66.31,ts-food-map,62.948,ts-travel,52.374,ts-admin-order,35.1664,ts-inside-payment,25.4048,ts-seat,15.4408,ts-preserve-other,14.2,ts-security,9.9867,ts-config,8.59,ts-route,3.35,ts-consign,2.04,ts-execute,1.63,ts-contacts,1.35,ts-food,1.148,ts-payment,0.49,ts-notification,0.3733,ts-verification-code,0.2,ts-ui,0.1662
55, -- ,ts-travel,85.7763,ts-security,80.0425,ts-seat,34.7306,ts-order,21.3475,ts-ticket-office,19.93,ts-verification-code,17.61,ts-preserve-other,14.2,ts-config,11.8054,ts-food-map,9.922,ts-price,3.9975,ts-food,3.918,ts-route,2.58,ts-ui,2.2752,ts-execute,2.17,ts-station,0.2267,ts-payment,0.22
56, -- ,ts-security,105.6575,ts-route,67.5167,ts-order,26.4186,ts-admin-order,23.5824,ts-ticket-office,20.5,ts-preserve-other,14.2,ts-travel,13.0556,ts-consign,9.6,ts-seat,7.2587,ts-notification,4.7483,ts-food,3.74,ts-food-map,3.06,ts-basic,2.805,ts-auth,2.18,ts-config,1.555,ts-contacts,1.35,ts-station,1.1633,ts-execute,0.975,ts-assurance,0.0867
57, -- ,ts-basic,173.068,ts-travel,82.2997,ts-security,67.0075,ts-price,64.3822,ts-seat,61.784,ts-route,51.38,ts-notification,48.0432,ts-order,31.5625,ts-preserve-other,14.2,ts-food-map,6.803,ts-payment,3.735,ts-train,2.891,ts-verification-code,2.7,ts-contacts,2.24,ts-consign,1.68,ts-inside-payment,1.6529,ts-ticketinfo,1.514,ts-admin-order,1.05,ts-preserve,0.23,ts-ui,0.1333
58, -- ,ts-food-map,123.146,ts-price,64.2021,ts-security,62.035,ts-travel,51.2546,ts-route,47.1648,ts-payment,42.1385,ts-config,41.8552,ts-order,40.5692,ts-train,34.2576,ts-food,27.5883,ts-seat,23.0728,ts-consign,15.96,ts-preserve-other,14.2,ts-preserve,8.78,ts-inside-payment,8.075,ts-assurance,6.12,ts-basic,4.859,ts-execute,1.85,ts-admin-order,0.645,ts-delivery,0.1,ts-auth,0.006
59, -- ,ts-consign,601.92,ts-inside-payment,130.9875,ts-seat,44.8741,ts-travel,42.4961,ts-admin-order,28.5872,ts-route,27.6033,ts-notification,24.4067,ts-payment,22.775,ts-order,21.4388,ts-security,17.555,ts-execute,14.8,ts-preserve-other,14.2,ts-auth,4.61,ts-config,4.15,ts-food-map,1.6005,ts-train,0.8235
60, -- ,ts-preserve,53.58,ts-seat,51.3002,ts-security,39.75,ts-notification,38.0499,ts-inside-payment,27.5125,ts-travel,16.7602,ts-config,15.7558,ts-cancel,15.12,ts-preserve-other,14.2,ts-food,14.0,ts-order,13.4773,ts-verification-code,11.85,ts-route,11.463,ts-user,10.92,ts-station,9.6807,ts-consign,7.74,ts-price,7.2911,ts-food-map,1.2655,ts-execute,1.195,ts-delivery,1.11,ts-train,0.0544
61, -- ,ts-station,1621.4872,ts-consign,539.04,ts-travel,527.0199,ts-assurance,172.8033,ts-payment,76.51,ts-user,75.99,ts-seat,70.5503,ts-cancel,58.745,ts-inside-payment,55.4022,ts-train,54.8828,ts-order,45.3407,ts-price,20.3005,ts-food,17.48,ts-config,16.545,ts-security,14.575,ts-preserve-other,14.2,ts-preserve,10.0267,ts-admin-order,7.5825,ts-notification,5.375,ts-delivery,3.95,ts-route,1.651,ts-ticketinfo,1.514,ts-food-map,0.53,ts-contacts,0.48,ts-verification-code,0.42
62, -- ,ts-station,3410.144,ts-consign,94.83,ts-security,65.6225,ts-travel,55.69,ts-seat,41.3058,ts-price,39.421,ts-notification,25.36,ts-preserve-other,14.2,ts-admin-order,7.4068,ts-user,4.44,ts-assurance,3.5033,ts-basic,2.768,ts-train,2.6544,ts-payment,2.5167,ts-inside-payment,2.0125,ts-admin-route,1.9325,ts-auth,1.52,ts-food,1.5,ts-config,1.185,ts-route,1.0433,ts-ticketinfo,0.404
63, -- ,ts-station,2930.9623,ts-user,97.07,ts-food,43.5,ts-travel,33.5922,ts-price,32.8983,ts-security,27.27,ts-train,19.3508,ts-preserve-other,14.2,ts-news,12.0,ts-notification,6.5,ts-basic,4.444,ts-admin-travel,3.385,ts-verification-code,2.62,ts-admin-route,1.9325,ts-seat,1.5267,ts-auth,1.2967,ts-order,1.2625,ts-rebook,1.2112,ts-ticketinfo,0.88,ts-contacts,0.45,ts-admin-order,0.17
64, -- ,ts-station,1619.9991,ts-travel,337.8438,ts-user,60.95,ts-train,26.6116,ts-config,18.4914,ts-admin-order,18.4768,ts-notification,17.3433,ts-preserve-other,15.8425,ts-inside-payment,15.6417,ts-security,12.205,ts-ticketinfo,10.244,ts-seat,8.5454,ts-food,7.84,ts-order,4.4938,ts-auth,3.9467,ts-contacts,3.35,ts-basic,3.328,ts-admin-travel,3.125,ts-route,2.969,ts-verification-code,2.105,ts-payment,0.33,ts-rebook,0.25
65, -- ,ts-station,608.3188,ts-travel,363.1441,ts-preserve,28.24,ts-preserve-other,15.8425,ts-notification,13.745,ts-seat,13.1707,ts-ticketinfo,13.102,ts-train,5.6833,ts-consign,3.96,ts-payment,2.665,ts-ui,2.2085,ts-price,1.5367,ts-route,1.255,ts-auth,0.8812,ts-order,0.015
66, -- ,ts-station,1200.6028,ts-travel,224.2041,ts-ui,42.45,ts-preserve,26.9,ts-order,26.402,ts-seat,24.1407,ts-preserve-other,14.28,ts-security,12.605,ts-route,11.7167,ts-train,8.1022,ts-price,4.5144,ts-notification,4.375,ts-ticketinfo,0.88,ts-config,0.815,ts-inside-payment,0.14,ts-basic,0.0275
67, -- ,ts-station,2972.4519,ts-consign,751.63,ts-delivery,267.44,ts-basic,135.8302,ts-contacts,68.84,ts-travel,56.0194,ts-ui,42.45,ts-food,34.375,ts-security,31.81,ts-inside-payment,26.5008,ts-route,21.23,ts-preserve-other,14.28,ts-seat,11.6942,ts-train,8.3479,ts-execute,3.815,ts-food-map,1.006,ts-payment,0.68
68, -- ,ts-station,3187.5555,ts-delivery,255.595,ts-admin-order,228.3679,ts-seat,120.4666,ts-consign,83.38,ts-contacts,40.32,ts-travel,39.45,ts-security,23.3742,ts-inside-payment,17.8392,ts-preserve-other,14.28,ts-food,12.4395,ts-notification,7.2483,ts-payment,5.4525,ts-execute,3.595,ts-user,2.93,ts-ticketinfo,2.466,ts-route,2.325,ts-train,1.5156,ts-preserve,0.23
69, -- ,ts-station,2964.2076,ts-travel,44.8064,ts-security,22.4425,ts-preserve-other,14.28,ts-payment,10.64,ts-execute,6.997,ts-train,5.0006,ts-notification,2.8733,ts-route,0.4
70, -- ,ts-station,3022.4127,ts-price,38.695,ts-cancel,23.01,ts-travel,17.4311,ts-ui,15.18,ts-preserve-other,14.28,ts-seat,5.0976,ts-route,5.0957,ts-train,4.6414,ts-order,0.96,ts-config,0.8116,ts-auth,0.4167
71, -- ,ts-station,3017.0734,ts-train,98.0009,ts-price,37.9717,ts-travel,25.7954,ts-ui,15.18,ts-preserve-other,14.28,ts-order,10.5533,ts-basic,7.908,ts-notification,4.7483,ts-seat,4.705,ts-route,4.0533,ts-ticketinfo,2.942,ts-contacts,1.57,ts-security,1.2429,ts-execute,0.1025,ts-assurance,0.0867
72, -- ,ts-station,2965.6218,ts-auth,57.9331,ts-security,47.34,ts-seat,29.1932,ts-preserve-other,14.28,ts-travel,11.6083,ts-ticketinfo,11.514,ts-price,9.605,ts-route,9.0367,ts-basic,7.908,ts-food-map,3.821,ts-execute,2.6125
73, -- ,ts-station,2955.1496,ts-seat,24.789,ts-preserve-other,14.28,ts-route,12.2855,ts-ticketinfo,9.926,ts-execute,9.3725,ts-consign,8.25,ts-order,8.202,ts-price,7.8983,ts-train,6.101,ts-security,4.0425,ts-notification,0.3733
74, -- ,ts-station,3163.188,ts-travel,421.1537,ts-contacts,86.29,ts-preserve-other,14.28,ts-security,13.535,ts-seat,5.395,ts-execute,4.62,ts-ticketinfo,3.42,ts-food,3.3833,ts-inside-payment,0.84,ts-notification,0.3733
75, -- ,ts-station,3107.2609,ts-payment,103.65,ts-travel,56.5727,ts-admin-order,22.98,ts-preserve-other,14.28,ts-notification,12.075,ts-inside-payment,11.9542,ts-contacts,6.47,ts-ui,3.9317,ts-seat,3.8767,ts-ticketinfo,3.736,ts-basic,2.805,ts-execute,1.74,ts-security,1.705,ts-auth,1.5725,ts-order,0.0725
76, -- ,ts-station,2912.3935,ts-order,80.2629,ts-notification,28.7817,ts-admin-order,28.0939,ts-price,18.7802,ts-preserve-other,14.28,ts-security,9.83,ts-travel,6.0356,ts-inside-payment,2.4375,ts-auth,2.21,ts-payment,0.8,ts-seat,0.725,ts-food,0.37,ts-execute,0.32
77, -- ,ts-station,2973.1174,ts-inside-payment,227.2225,ts-preserve,207.4692,ts-consign,142.0,ts-user,126.3567,ts-food-map,25.9945,ts-preserve-other,14.28,ts-security,13.865,ts-payment,6.98,ts-seat,3.0467,ts-order,1.3007,ts-travel,1.0807,ts-config,0.2775,ts-price,0.1083
78, -- ,ts-station,3123.2701,ts-preserve,184.34,ts-inside-payment,36.1558,ts-admin-order,20.7266,ts-preserve-other,14.28,ts-travel,7.399,ts-consign,5.0,ts-payment,4.29,ts-seat,2.4176,ts-security,0.67
79, -- ,ts-station,3129.3973,ts-route,47.279,ts-security,22.375,ts-notification,22.0083,ts-preserve-other,14.28,ts-inside-payment,11.995,ts-travel,8.745,ts-ui,6.09,ts-seat,4.891,ts-config,2.5392,ts-order,2.154,ts-preserve,1.57,ts-execute,0.7575,ts-food-map,0.61,ts-admin-order,0.472,ts-basic,0.0275
80, -- ,ts-station,3084.4855,ts-notification,557.4073,ts-travel,132.4995,ts-price,77.0164,ts-preserve-other,14.28,ts-payment,7.3804,ts-ui,6.09,ts-food,5.58,ts-security,1.9575,ts-seat,1.765,ts-user,1.2536,ts-execute,1.195,ts-inside-payment,1.005,ts-ticketinfo,0.562,ts-order,0.1
81, -- ,ts-station,2969.1506,ts-consign,142.5,ts-route,81.5333,ts-price,42.5,ts-preserve-other,14.28,ts-ticketinfo,6.912,ts-security,4.8675,ts-inside-payment,4.1635,ts-delivery,4.002,ts-travel,1.26,ts-user,1.2536
82, -- ,ts-station,2914.6213,ts-notification,184.2283,ts-security,72.685,ts-price,39.6017,ts-train,17.386,ts-preserve-other,14.28,ts-payment,9.28,ts-seat,3.9945,ts-delivery,3.655,ts-contacts,2.25,ts-route,2.17,ts-ticketinfo,0.404
83, -- ,ts-station,3026.3158,ts-travel,24.7208,ts-ui,15.185,ts-preserve-other,14.32,ts-assurance,12.03,ts-notification,10.905,ts-inside-payment,8.9882,ts-admin-route,6.74,ts-seat,6.17,ts-ticketinfo,2.626,ts-consign,2.04,ts-security,0.69,ts-order,0.035
84, -- ,ts-station,3149.5342,ts-notification,21.8983,ts-food-map,17.7335,ts-ui,15.18,ts-preserve-other,14.32,ts-ticketinfo,5.324,ts-admin-route,5.0575,ts-seat,4.63,ts-rebook,1.89,ts-delivery,1.89,ts-order,1.1525
85, -- ,ts-station,3154.3847,ts-assurance,48.72,ts-admin-order,41.9914,ts-preserve-other,39.185,ts-notification,25.5,ts-basic,23.742,ts-admin-travel,22.5475,ts-preserve,21.01,ts-verification-code,16.605,ts-consign,6.48,ts-execute,2.1775,ts-food-map,1.93,ts-delivery,1.695,ts-train,1.6756,ts-inside-payment,0.685,ts-seat,0.2267,ts-order,0.09,ts-security,0.075,ts-travel,0.06
86, -- ,ts-station,2912.5822,ts-route,28.0175,ts-order,26.1255,ts-preserve-other,23.1137,ts-preserve,21.14,ts-basic,12.49,ts-seat,10.6157,ts-admin-travel,9.635,ts-consign,6.39,ts-ui,6.09,ts-ticketinfo,5.642,ts-travel,4.9908,ts-payment,2.09,ts-train,1.6756,ts-auth,1.0767,ts-verification-code,0.675
87, -- ,ts-station,2982.2256,ts-travel,148.8517,ts-preserve,115.9333,ts-order,35.4368,ts-notification,21.0083,ts-security,18.39,ts-route,17.29,ts-preserve-other,14.52,ts-train,8.5258,ts-ui,6.09,ts-ticketinfo,5.958,ts-auth,1.2967,ts-basic,1.204,ts-food-map,0.61,ts-seat,0.4669
88, -- ,ts-station,3130.2648,ts-admin-order,62.685,ts-inside-payment,42.5292,ts-consign,29.34,ts-travel,14.5417,ts-preserve-other,14.52,ts-train,12.1112,ts-auth,4.5917,ts-seat,3.985,ts-basic,2.768,ts-food,1.02
89, -- ,ts-station,3205.3014,ts-order,48.4671,ts-preserve-other,14.52,ts-security,11.03,ts-user,9.93,ts-ui,2.9924,ts-admin-order,1.974,ts-food,1.5,ts-ticketinfo,1.196,ts-inside-payment,0.6823
90, -- ,ts-station,3008.3322,ts-seat,17.4017,ts-preserve-other,14.52,ts-cancel,4.92,ts-notification,4.375,ts-travel,2.8917,ts-ticketinfo,1.674,ts-route,0.8033,ts-execute,0.5,ts-auth,0.3525
91, -- ,ts-station,2998.1559,ts-order,208.1486,ts-admin-order,52.6179,ts-preserve,46.012,ts-food,24.12,ts-preserve-other,14.52,ts-inside-payment,11.7467,ts-travel,1.7343,ts-ui,0.35,ts-basic,0.0275
92, -- ,ts-station,3063.2081,ts-order,29.02,ts-admin-order,14.5254,ts-preserve-other,14.52,ts-inside-payment,13.6324,ts-travel,2.2583,ts-ticketinfo,1.99,ts-user,1.275,ts-seat,0.9117
93, -- ,ts-station,2988.532,ts-route,248.8333,ts-assurance,97.3667,ts-preserve-other,14.52,ts-inside-payment,11.545,ts-travel,5.996,ts-price,4.4106,ts-notification,4.375,ts-seat,0.2067
94, -- ,ts-station,3038.9845,ts-route,201.1833,ts-train,48.7843,ts-security,24.6,ts-travel,16.0283,ts-preserve-other,14.52,ts-food,2.7133,ts-assurance,1.58,ts-price,0.7975
95, -- ,ts-station,3151.6482,ts-preserve,97.26,ts-notification,70.0483,ts-consign,37.14,ts-admin-order,22.0854,ts-preserve-other,14.52,ts-auth,9.3225,ts-food,6.78,ts-travel,4.427,ts-basic,3.216,ts-route,1.7157,ts-ui,1.3916
96, -- ,ts-station,2951.7308,ts-admin-route,64.4575,ts-route,24.2967,ts-preserve-other,14.52,ts-notification,8.875,ts-food,7.96,ts-auth,2.2125,ts-ui,1.9242,ts-delivery,1.17,ts-basic,1.092
97, -- ,ts-station,2947.4206,ts-preserve-other,14.52,ts-consign,8.19,ts-assurance,8.04,ts-security,7.1675,ts-admin-route,5.0575,ts-ticketinfo,4.848,ts-travel,1.1167,ts-contacts,0.23
98, -- ,ts-station,3173.3935,ts-price,49.59,ts-train,31.7153,ts-preserve-other,14.52,ts-delivery,13.61,ts-travel,6.7792,ts-security,6.125,ts-ticketinfo,5.482,ts-order,1.9887,ts-basic,1.428,ts-contacts,1.35,ts-config,1.1192,ts-verification-code,0.12
99, -- ,ts-station,3084.9675,ts-ticketinfo,107.87,ts-consign,45.8667,ts-auth,22.3095,ts-order,21.5786,ts-travel,18.982,ts-security,17.1025,ts-preserve-other,14.52,ts-basic,2.434
100, -- ,ts-station,3112.0395,ts-notification,66.6417,ts-preserve-other,14.52,ts-security,13.9375,ts-user,13.855,ts-travel,2.4467,ts-consign,2.2,ts-route,0.6667,ts-delivery,0.61,ts-ui,0.305
101, -- ,ts-station,2961.0234,ts-auth,43.1892,ts-price,41.05,ts-preserve-other,14.52,ts-travel,13.6667,ts-route,6.3713,ts-ticketinfo,5.166,ts-consign,3.0,ts-verification-code,2.85,ts-delivery,2.0767,ts-security,0.9175
102, -- ,ts-station,3118.4853,ts-price,41.4133,ts-preserve-other,14.52,ts-order,10.2933,ts-auth,8.4375,ts-notification,4.375,ts-travel,3.8587,ts-assurance,0.6267
103, -- ,ts-station,3142.9108,ts-preserve-other,14.52,ts-security,4.125,ts-news,2.89,ts-assurance,0.6267,ts-notification,0.3733
104, -- ,ts-station,3027.2192,ts-auth,81.43,ts-preserve-other,14.52,ts-consign,14.4,ts-ticketinfo,1.196,ts-notification,0.3733
105, -- ,ts-station,3037.424,ts-auth,83.86,ts-notification,20.6483,ts-security,16.75,ts-preserve-other,14.52,ts-admin-route,3.615,ts-travel,1.6883,ts-ui,1.6833,ts-seat,1.1883,ts-preserve,1.014
106, -- ,ts-station,2987.6624,ts-order,35.5607,ts-notification,18.89,ts-preserve-other,18.8462,ts-admin-travel,6.25,ts-admin-route,4.5775,ts-travel,2.9992,ts-delivery,1.795,ts-seat,1.5,ts-admin-order,1.374,ts-ui,0.825,ts-rebook,0.21
107, -- ,ts-station,3057.4353,ts-user,179.79,ts-config,25.5094,ts-travel,23.1865,ts-security,22.98,ts-notification,21.5,ts-preserve-other,19.1075,ts-route,10.07,ts-admin-travel,7.2912,ts-delivery,2.48
108, -- ,ts-station,3105.1129,ts-travel,23.995,ts-preserve-other,14.68,ts-route,11.2,ts-execute,1.5,ts-notification,0.3733,ts-train,0.2344
109, -- ,ts-station,3163.9448,ts-preserve-other,14.68,ts-travel,7.46,ts-consign,1.5333,ts-price,0.9262,ts-train,0.2344
110, -- ,ts-station,3013.9621,ts-food,361.93,ts-auth,16.6025,ts-preserve-other,14.68,ts-travel,6.255,ts-consign,1.5333,ts-price,0.9262,ts-security,0.385,ts-notification,0.3733,ts-ticketinfo,0.244,ts-basic,0.0275
111, -- ,ts-station,2948.5297,ts-auth,54.3583,ts-food,27.01,ts-preserve-other,14.68,ts-travel,6.255,ts-notification,4.375,ts-basic,1.652,ts-admin-order,0.8481
112, -- ,ts-station,3117.4281,ts-preserve-other,14.68,ts-order,11.05,ts-travel,7.61,ts-notification,4.375,ts-ticketinfo,4.212,ts-basic,2.992
113, -- ,ts-station,3068.845,ts-notification,15.3483,ts-preserve-other,14.68,ts-travel,5.24,ts-basic,2.88,ts-ticketinfo,2.626,ts-train,1.1956,ts-auth,0.6367
114, -- ,ts-station,3001.0995,ts-consign,17.76,ts-auth,15.3516,ts-preserve-other,14.68,ts-food,8.28,ts-notification,4.7483,ts-security,4.1075,ts-ticketinfo,1.674,ts-train,1.1956
115, -- ,ts-station,3178.6481,ts-preserve-other,14.68,ts-security,5.0825,ts-seat,1.505,ts-order,1.33,ts-contacts,0.01
116, -- ,ts-station,2930.3224,ts-notification,20.6483,ts-travel,20.3353,ts-preserve-other,14.68,ts-contacts,0.23
117, -- ,ts-station,3130.0554,ts-route,25.355,ts-preserve-other,14.68,ts-seat,1.765,ts-travel,0.1667,ts-auth,0.0833
118, -- ,ts-station,2980.7663,ts-auth,265.3167,ts-admin-order,30.1303,ts-preserve-other,14.68,ts-travel,9.7167,ts-order,0.475,ts-notification,0.3733,ts-seat,0.1933
119, -- ,ts-station,3218.465,ts-auth,382.1658,ts-inside-payment,26.6925,ts-travel,17.561,ts-ui,15.18,ts-preserve-other,14.68,ts-order,12.3952,ts-route,7.2988,ts-consign,6.0,ts-seat,2.0867,ts-admin-order,1.922
120, -- ,ts-station,2934.369,ts-travel,50.8267,ts-ui,15.18,ts-preserve-other,14.68,ts-security,11.4993,ts-seat,6.7233,ts-preserve,6.66,ts-contacts,6.03,ts-order,3.029,ts-execute,0.7575,ts-food-map,0.432,ts-notification,0.3733
121, -- ,ts-station,2894.6468,ts-price,417.018,ts-user,39.99,ts-order,31.7673,ts-travel,16.7658,ts-preserve-other,14.68,ts-notification,6.8433,ts-preserve,4.92,ts-seat,4.4933,ts-security,2.48
122, -- ,ts-station,3102.8969,ts-price,1219.9617,ts-preserve-other,14.68,ts-consign,11.28,ts-security,8.9181,ts-seat,7.7755,ts-travel,5.6153,ts-ticketinfo,1.356,ts-execute,1.195,ts-notification,0.7983
123, -- ,ts-station,3052.1929,ts-price,390.9537,ts-consign,174.92,ts-security,63.325,ts-route,20.7548,ts-preserve-other,14.68,ts-seat,4.7943,ts-order,0.46
124, -- ,ts-station,3063.5395,ts-travel,32.268,ts-route,27.673,ts-preserve-other,14.68,ts-notification,4.375,ts-payment,4.2625,ts-price,3.3191,ts-security,2.2,ts-food,1.5,ts-seat,0.655
125, -- ,ts-station,3069.7767,ts-security,87.995,ts-verification-code,29.1,ts-inside-payment,22.0817,ts-preserve-other,14.68,ts-price,13.236,ts-admin-order,10.914,ts-route,7.2033,ts-admin-travel,4.95,ts-ticketinfo,1.674,ts-execute,1.08,ts-seat,0.755
126, -- ,ts-station,2900.7401,ts-assurance,1746.65,ts-admin-user,129.0,ts-user,54.9,ts-price,50.284,ts-food,24.5433,ts-admin-order,19.8351,ts-travel,18.7937,ts-inside-payment,15.2067,ts-preserve-other,14.68,ts-security,5.605,ts-ticketinfo,4.848,ts-seat,2.95,ts-contacts,0.48,ts-admin-route,0.25
127, -- ,ts-station,2940.9594,ts-assurance,1244.1033,ts-price,180.0,ts-consign,59.55,ts-auth,58.5624,ts-preserve,53.88,ts-travel,42.2708,ts-user,17.4656,ts-preserve-other,14.68,ts-verification-code,10.77,ts-inside-payment,8.7825,ts-rebook,8.1475,ts-notification,5.5,ts-admin-travel,5.2087,ts-config,3.66,ts-route,2.98,ts-admin-route,0.7312,ts-order,0.44,ts-seat,0.0833,ts-contacts,0.01
128, -- ,ts-station,3105.0876,ts-price,96.0993,ts-delivery,75.075,ts-train,44.0435,ts-preserve-other,20.48,ts-notification,10.375,ts-preserve,5.19,ts-seat,5.0643,ts-admin-travel,4.1662,ts-config,3.66,ts-rebook,1.6925,ts-user,1.2536,ts-order,1.115
129, -- ,ts-station,3026.1619,ts-travel,22.8067,ts-admin-order,19.8225,ts-preserve-other,14.68,ts-notification,12.7183,ts-route,11.7333,ts-price,2.645,ts-food,2.1375,ts-train,1.7532,ts-rebook,0.01
130, -- ,ts-station,3014.8619,ts-consign,629.27,ts-travel,17.1767,ts-preserve-other,14.68,ts-train,5.9764,ts-seat,1.1757,ts-payment,0.93,ts-execute,0.1025
131, -- ,ts-station,2943.6251,ts-consign,92.21,ts-preserve,31.06,ts-travel,27.1317,ts-preserve-other,14.72,ts-food-map,7.888,ts-notification,4.7483,ts-ui,1.8133,ts-security,1.0198,ts-food,0.495,ts-ticketinfo,0.244,ts-price,0.2
132, -- ,ts-station,2938.4363,ts-preserve,29.85,ts-auth,15.5817,ts-preserve-other,14.72,ts-travel,14.665,ts-security,11.0075,ts-food,9.86,ts-consign,4.0,ts-execute,3.595,ts-route,0.684,ts-notification,0.3733,ts-seat,0.2917,ts-ui,0.095
133, -- ,ts-station,2982.3202,ts-price,161.898,ts-admin-order,57.4821,ts-preserve-other,14.72,ts-security,6.1775,ts-train,4.5591,ts-execute,4.0325,ts-seat,2.9467,ts-verification-code,0.675,ts-admin-travel,0.26,ts-admin-route,0.25,ts-notification,0.115
134, -- ,ts-station,3068.6775,ts-cancel,204.6275,ts-consign,23.16,ts-assurance,19.47,ts-preserve-other,18.65,ts-food,17.7,ts-verification-code,12.03,ts-ticketinfo,5.166,ts-notification,5.145,ts-security,4.625,ts-execute,3.2675,ts-order,3.2036,ts-food-map,1.2555,ts-ui,0.315,ts-seat,0.2033,ts-basic,0.0275
135, -- ,ts-station,3006.0503,ts-rebook,34.4525,ts-preserve-other,30.35,ts-notification,22.3817,ts-admin-travel,14.5025,ts-consign,6.42,ts-verification-code,2.665,ts-admin-route,2.4137,ts-food-map,1.96,ts-seat,1.5,ts-execute,1.42,ts-contacts,1.38,ts-payment,0.41,ts-price,0.3037,ts-cancel,0.18
136, -- ,ts-station,2992.9032,ts-security,31.13,ts-preserve-other,14.68,ts-admin-order,12.548,ts-order,8.4814,ts-travel,6.92,ts-admin-travel,2.6037,ts-rebook,2.1725,ts-execute,1.195,ts-verification-code,0.99,ts-inside-payment,0.015
137, -- ,ts-station,2979.1005,ts-price,87.7173,ts-preserve-other,14.72,ts-admin-order,13.258,ts-security,12.895,ts-travel,11.9117,ts-preserve,2.2685,ts-execute,0.43,ts-ticketinfo,0.404,ts-route,0.1033
138, -- ,ts-station,3023.4818,ts-price,145.602,ts-ticket-office,55.83,ts-payment,15.36,ts-preserve-other,14.72,ts-travel,1.4583,ts-notification,0.3733,ts-inside-payment,0.3
139, -- ,ts-station,2981.7695,ts-user,87.0,ts-ticket-office,54.69,ts-travel,26.018,ts-security,19.64,ts-preserve-other,14.72,ts-route,13.9933,ts-ticketinfo,7.388,ts-price,6.9933,ts-consign,3.78,ts-verification-code,2.73,ts-auth,2.355,ts-execute,0.975,ts-notification,0.499,ts-order,0.265,ts-seat,0.1233
140, -- ,ts-station,2981.6155,ts-preserve,532.98,ts-food-map,194.14,ts-payment,109.16,ts-seat,42.8631,ts-admin-order,34.0114,ts-preserve-other,15.2412,ts-route,14.35,ts-cancel,8.88,ts-travel,5.8653,ts-ticketinfo,4.212,ts-execute,3.815,ts-notification,0.1257
141, -- ,ts-station,2976.0517,ts-auth,123.8495,ts-inside-payment,120.895,ts-preserve-other,14.72,ts-food-map,5.52,ts-seat,5.14,ts-food,5.05,ts-ui,4.4716,ts-order,1.44,ts-execute,1.3025,ts-travel,0.8267,ts-payment,0.08
142, -- ,ts-station,3090.9044,ts-notification,24.4067,ts-inside-payment,19.1275,ts-preserve-other,14.72,ts-seat,13.142,ts-food,5.94,ts-travel,4.27,ts-consign,4.0,ts-contacts,3.35,ts-basic,2.805,ts-config,1.8927,ts-security,0.395,ts-auth,0.3933,ts-execute,0.32,ts-route,0.036
143, -- ,ts-station,2999.7391,ts-travel,97.326,ts-security,39.745,ts-consign,15.15,ts-preserve-other,14.72,ts-seat,14.6056,ts-inside-payment,7.71,ts-price,4.5464,ts-payment,3.665,ts-contacts,2.51,ts-ticketinfo,2.308,ts-order,1.14,ts-train,0.35,ts-delivery,0.23,ts-route,0.21,ts-config,0.075
144, -- ,ts-station,3018.0646,ts-security,150.4575,ts-order,108.7436,ts-user,34.06,ts-preserve-other,14.72,ts-food,9.8167,ts-payment,9.55,ts-seat,7.4433,ts-notification,4.375,ts-travel,3.0608,ts-cancel,3.0,ts-execute,1.5,ts-delivery,0.23
145, -- ,ts-station,2970.5582,ts-route,102.0,ts-contacts,73.06,ts-travel,38.8892,ts-user,22.44,ts-preserve-other,14.72,ts-cancel,6.3733,ts-seat,6.1145,ts-order,2.775,ts-execute,2.395,ts-auth,1.96,ts-food-map,1.519,ts-ticketinfo,0.086
146, -- ,ts-station,2869.3641,ts-contacts,70.83,ts-auth,61.7219,ts-security,57.675,ts-consign,33.705,ts-travel,22.8799,ts-train,22.0714,ts-route,14.7908,ts-preserve-other,14.72,ts-seat,14.6861,ts-admin-order,6.5357,ts-order,5.6702,ts-notification,4.375,ts-payment,4.29,ts-ticketinfo,1.038,ts-config,0.5341,ts-user,0.51,ts-execute,0.1025
147, -- ,ts-station,2912.3402,ts-order,146.3136,ts-travel,76.7437,ts-seat,38.7989,ts-preserve-other,14.72,ts-notification,4.375,ts-security,3.77,ts-price,2.3767,ts-train,2.0356,ts-ui,1.9657,ts-execute,1.78,ts-food-map,1.48,ts-inside-payment,0.84,ts-admin-order,0.6,ts-config,0.445
148, -- ,ts-station,2979.0218,ts-auth,157.7223,ts-notification,109.7882,ts-preserve,45.105,ts-travel,37.2295,ts-preserve-other,14.72,ts-train,11.4786,ts-security,10.015,ts-food,2.1975,ts-seat,1.8433,ts-contacts,1.35,ts-user,1.23,ts-food-map,0.786,ts-ui,0.6142,ts-order,0.36,ts-basic,0.0275
149, -- ,ts-station,3038.0101,ts-inside-payment,192.9058,ts-auth,156.283,ts-order,126.0607,ts-notification,28.7817,ts-route,15.5233,ts-preserve-other,14.76,ts-user,13.77,ts-security,13.6425,ts-verification-code,11.31,ts-admin-order,11.132,ts-preserve,11.0945,ts-consign,7.2,ts-travel,6.0203,ts-seat,5.647,ts-payment,2.755,ts-contacts,2.719,ts-food,2.595,ts-price,1.3305
150, -- ,ts-station,2901.6324,ts-auth,173.0433,ts-travel,116.3182,ts-config,82.4294,ts-preserve,42.505,ts-price,40.7568,ts-order,35.6117,ts-contacts,33.829,ts-route,25.3755,ts-inside-payment,19.0315,ts-preserve-other,14.76,ts-security,13.015,ts-notification,11.8,ts-admin-order,10.914,ts-seat,9.126,ts-execute,0.7575,ts-assurance,0.2633
151, -- ,ts-station,2961.0265,ts-contacts,157.62,ts-travel,78.508,ts-seat,52.7545,ts-preserve-other,14.76,ts-inside-payment,6.5325,ts-route,6.4366,ts-payment,6.29,ts-price,3.4815,ts-auth,3.0633,ts-basic,2.805,ts-order,1.9586,ts-security,1.95,ts-ui,0.9045,ts-assurance,0.2633,ts-execute,0.05
152, -- ,ts-station,2852.876,ts-security,264.9,ts-travel,116.9533,ts-route,53.5401,ts-inside-payment,33.2301,ts-food,22.1403,ts-preserve-other,14.76,ts-seat,13.9865,ts-train,5.6824,ts-contacts,5.27,ts-price,3.8175,ts-execute,3.815,ts-basic,0.5036,ts-order,0.225
153, -- ,ts-station,2991.4327,ts-travel,162.766,ts-seat,56.5224,ts-inside-payment,22.62,ts-ui,17.3666,ts-order,15.2249,ts-preserve-other,14.76,ts-notification,11.2183,ts-food,8.72,ts-execute,5.4525,ts-route,5.2316,ts-security,5.105,ts-price,1.92,ts-food-map,1.4185,ts-contacts,0.69
154, -- ,ts-station,2915.1196,ts-travel,142.5095,ts-security,51.435,ts-route,40.4653,ts-preserve,23.5593,ts-seat,17.107,ts-preserve-other,14.76,ts-order,8.562,ts-assurance,6.9233,ts-inside-payment,2.9867,ts-admin-order,1.6651,ts-ui,1.4033,ts-price,0.7362,ts-notification,0.3733,ts-train,0.22
155, -- ,ts-station,3006.5737,ts-preserve,52.2725,ts-seat,52.1379,ts-travel,40.3984,ts-preserve-other,15.18,ts-order,12.0483,ts-cancel,10.56,ts-assurance,7.99,ts-inside-payment,5.978,ts-security,4.405,ts-price,4.1928,ts-route,3.1898,ts-contacts,2.16,ts-rebook,1.2112,ts-food,0.56,ts-consign,0.12,ts-basic,0.0275
156, -- ,ts-station,2808.3859,ts-security,158.6024,ts-contacts,118.14,ts-travel,65.5189,ts-user,61.86,ts-preserve,51.5517,ts-seat,17.8128,ts-preserve-other,14.76,ts-order,10.405,ts-route,3.465,ts-food-map,2.598,ts-price,0.7575,ts-execute,0.58
157, -- ,ts-station,2961.8163,ts-price,248.2787,ts-travel,58.3052,ts-seat,48.3686,ts-route,40.4427,ts-preserve-other,14.76,ts-security,8.425,ts-rebook,2.8937,ts-order,1.5542,ts-notification,1.0,ts-contacts,0.68,ts-auth,0.597,ts-config,0.445
158, -- ,ts-station,2956.1427,ts-inside-payment,138.3117,ts-travel,131.5515,ts-seat,27.0012,ts-route,19.3493,ts-preserve-other,14.76,ts-admin-order,11.732,ts-price,7.3635,ts-payment,5.835,ts-order,2.4008,ts-notification,1.0,ts-security,0.6,ts-auth,0.597,ts-config,0.5703,ts-user,0.19
159, -- ,ts-station,2974.3182,ts-seat,151.6644,ts-payment,46.215,ts-travel,41.9944,ts-security,28.25,ts-food-map,27.8675,ts-inside-payment,26.393,ts-preserve,19.8,ts-food,17.48,ts-preserve-other,16.08,ts-contacts,13.8,ts-admin-order,13.42,ts-rebook,10.12,ts-order,4.4417,ts-train,3.055,ts-execute,2.6125,ts-route,1.154,ts-consign,0.66,ts-price,0.5625
160, -- ,ts-station,2997.7007,ts-travel,84.5815,ts-payment,84.08,ts-food-map,72.214,ts-security,67.7225,ts-seat,25.1979,ts-preserve,20.34,ts-preserve-other,14.76,ts-order,14.0333,ts-basic,13.9175,ts-train,11.232,ts-price,9.7882,ts-food,6.06,ts-admin-user,3.42,ts-route,0.5733,ts-rebook,0.49,ts-auth,0.3929,ts-execute,0.32
161, -- ,ts-station,2804.3833,ts-travel,87.6887,ts-seat,57.2233,ts-security,34.0975,ts-food-map,20.896,ts-assurance,15.4467,ts-preserve-other,14.76,ts-order,9.6617,ts-admin-user,5.13,ts-config,3.3919,ts-price,2.8044,ts-preserve,1.185,ts-execute,1.14,ts-payment,1.01,ts-route,0.705,ts-basic,0.0275
162, -- ,ts-station,2996.4008,ts-consign,150.15,ts-travel,71.9849,ts-execute,49.24,ts-seat,31.4064,ts-route,25.678,ts-order,24.3292,ts-food-map,16.648,ts-preserve-other,14.76,ts-config,2.2426,ts-price,1.8525,ts-food,1.5,ts-assurance,0.7267,ts-security,0.47,ts-notification,0.115
163, -- ,ts-station,3002.3504,ts-travel,160.3747,ts-security,67.07,ts-seat,47.1494,ts-food-map,36.872,ts-price,32.1815,ts-cancel,21.0,ts-route,18.8723,ts-preserve-other,14.76,ts-order,11.4611,ts-consign,3.21,ts-inside-payment,2.155,ts-execute,1.195,ts-train,0.2618
164, -- ,ts-station,2961.8492,ts-inside-payment,456.75,ts-food,46.2,ts-food-map,37.9,ts-travel,19.6887,ts-preserve-other,14.76,ts-payment,12.2445,ts-delivery,8.88,ts-consign,4.0,ts-seat,3.7314,ts-price,1.9967,ts-basic,1.092,ts-notification,0.9686,ts-security,0.9,ts-execute,0.7575,ts-contacts,0.63,ts-ui,0.2425
165, -- ,ts-station,3037.2082,ts-inside-payment,213.9875,ts-food-map,40.968,ts-travel,30.1466,ts-execute,25.07,ts-notification,21.0083,ts-seat,16.3859,ts-security,15.695,ts-assurance,14.79,ts-preserve-other,14.76,ts-food,9.72,ts-basic,2.992,ts-route,1.6,ts-price,1.0062,ts-contacts,0.869,ts-train,0.0544
166, -- ,ts-station,2826.0736,ts-contacts,557.62,ts-inside-payment,38.0875,ts-security,33.325,ts-preserve-other,14.76,ts-seat,13.23,ts-travel,12.0393,ts-execute,5.9166,ts-notification,4.375,ts-consign,4.0,ts-price,3.7253,ts-payment,2.93,ts-order,2.84,ts-basic,2.108,ts-auth,1.74,ts-train,0.0544
167, -- ,ts-station,2935.6417,ts-security,76.355,ts-travel,66.8876,ts-user,42.72,ts-inside-payment,36.16,ts-seat,21.487,ts-preserve-other,14.76,ts-contacts,4.69,ts-train,4.6735,ts-preserve,4.39,ts-notification,4.375,ts-price,3.7733,ts-auth,2.8433,ts-route,2.7883,ts-order,2.565,ts-cancel,2.25,ts-food-map,1.333,ts-basic,1.316,ts-admin-basic-info,0.24
168, -- ,ts-station,3028.8922,ts-consign,214.26,ts-route,148.8461,ts-contacts,122.33,ts-seat,38.3806,ts-order,22.2875,ts-admin-order,17.18,ts-preserve-other,14.76,ts-travel,14.2933,ts-admin-basic-info,6.42,ts-security,3.795,ts-price,2.7512,ts-config,2.6367,ts-delivery,2.3,ts-payment,2.1,ts-verification-code,1.17,ts-train,1.1356
169, -- ,ts-station,2992.9197,ts-route,145.304,ts-food-map,95.183,ts-order,62.0473,ts-preserve-other,41.3737,ts-travel,40.8498,ts-payment,31.38,ts-verification-code,26.31,ts-admin-travel,24.8825,ts-consign,16.95,ts-admin-order,16.146,ts-seat,12.5031,ts-security,9.945,ts-notification,8.725,ts-admin-user,7.5,ts-contacts,3.35,ts-execute,1.75,ts-price,1.5712,ts-ui,0.2567,ts-assurance,0.2486
170, -- ,ts-station,3032.521,ts-travel,106.4309,ts-route,69.3575,ts-security,51.1283,ts-seat,44.3072,ts-order,40.4714,ts-price,34.1378,ts-preserve,20.87,ts-preserve-other,16.4025,ts-contacts,9.12,ts-notification,6.875,ts-auth,5.9333,ts-food-map,3.018,ts-train,2.2415,ts-config,1.344,ts-admin-travel,1.0412,ts-rebook,0.9712
171, -- ,ts-station,2810.696,ts-price,110.6463,ts-travel,71.0468,ts-contacts,68.01,ts-consign,41.88,ts-order,28.0333,ts-preserve,23.94,ts-user,20.6236,ts-seat,15.6658,ts-preserve-other,14.84,ts-payment,14.36,ts-notification,8.6833,ts-security,6.2414,ts-execute,3.595,ts-food-map,2.06,ts-auth,1.2967,ts-rebook,0.9712,ts-train,0.6241,ts-ticketinfo,0.562,ts-inside-payment,0.3486,ts-config,0.1375
172, -- ,ts-station,2968.5692,ts-travel,79.2757,ts-contacts,74.66,ts-seat,49.804,ts-consign,45.0,ts-route,19.5295,ts-preserve-other,14.84,ts-user,10.2136,ts-order,10.1158,ts-security,6.015,ts-execute,4.89,ts-delivery,3.94,ts-price,2.4633,ts-payment,0.39
173, -- ,ts-station,2965.516,ts-seat,58.8929,ts-security,35.84,ts-contacts,35.64,ts-travel,35.0814,ts-food,27.44,ts-notification,26.16,ts-execute,24.105,ts-price,17.0618,ts-preserve-other,14.84,ts-order,7.6158,ts-route,0.4333,ts-ui,0.0828
174, -- ,ts-station,2954.548,ts-food,407.34,ts-security,78.5057,ts-food-map,44.116,ts-notification,27.4466,ts-seat,19.7739,ts-preserve-other,14.84,ts-order,13.1341,ts-payment,4.9725,ts-contacts,4.83,ts-basic,1.204,ts-route,0.705,ts-travel,0.296,ts-price,0.0825
175, -- ,ts-station,2916.4625,ts-seat,48.7525,ts-order,29.0842,ts-admin-user,27.84,ts-travel,27.4329,ts-security,17.4581,ts-preserve-other,14.84,ts-contacts,11.88,ts-route,7.9232,ts-price,7.0838,ts-food-map,4.3085,ts-payment,3.775,ts-inside-payment,3.75,ts-food,3.458,ts-train,2.335,ts-cancel,2.28,ts-preserve,1.26,ts-notification,0.3733,ts-config,0.2573
176, -- ,ts-station,2879.7581,ts-travel,77.6438,ts-seat,65.0066,ts-order,24.7203,ts-payment,19.995,ts-preserve-other,14.84,ts-preserve,3.26,ts-price,2.26,ts-inside-payment,1.7775
177, -- ,ts-station,2866.1151,ts-inside-payment,113.5892,ts-seat,98.2425,ts-config,93.54,ts-admin-order,85.7261,ts-auth,61.8079,ts-travel,47.1174,ts-security,39.3367,ts-route,33.3032,ts-price,32.5555,ts-order,26.7533,ts-preserve-other,14.84,ts-food,1.592,ts-ui,1.195
178, -- ,ts-station,2999.7619,ts-seat,74.7996,ts-inside-payment,60.9312,ts-travel,49.8124,ts-security,45.28,ts-config,29.1109,ts-admin-order,15.382,ts-preserve-other,14.84,ts-food,9.105,ts-auth,1.9275,ts-route,0.4867,ts-food-map,0.432,ts-ui,0.0233
179, -- ,ts-station,2979.6772,ts-config,106.9452,ts-security,27.2375,ts-payment,23.585,ts-travel,20.8199,ts-seat,20.138,ts-admin-order,19.4295,ts-preserve-other,14.84,ts-food,14.51,ts-inside-payment,13.22,ts-notification,8.6833,ts-auth,4.325,ts-price,2.3236,ts-route,1.12,ts-order,0.62,ts-basic,0.534,ts-train,0.3725,ts-food-map,0.25,ts-ui,0.2499
180, -- ,ts-station,2884.5544,ts-preserve,30.52,ts-security,30.3742,ts-travel,30.1204,ts-preserve-other,14.84,ts-food,8.975,ts-food-map,7.26,ts-admin-order,6.4243,ts-seat,4.8575,ts-assurance,4.74,ts-inside-payment,3.7817,ts-verification-code,3.15,ts-ui,2.724,ts-train,2.307,ts-contacts,1.68,ts-basic,1.652
