1, -- ,ts-admin-order,96.0,ts-avatar,96.0,ts-cancel,96.0,ts-config,96.0,ts-news,96.0,ts-price,96.0,ts-route,96.0
2, -- ,ts-consign,6805.2525,ts-order,6714.2875,ts-route,6507.8475,ts-travel,5682.4636,ts-voucher,3759.4125,ts-ticket-office,3503.0317,ts-contacts,3484.2775,ts-avatar,3455.7625,ts-admin-route,3451.1825,ts-admin-basic-info,3408.06,ts-admin-travel,3403.4475,ts-news,3400.985,ts-admin-order,3399.515,ts-preserve-other,3390.5775,ts-rebook,3385.7175,ts-assurance,3375.79,ts-price,3299.252,ts-verification-code,3279.2725,ts-admin-user,3264.7275,ts-basic,3249.1425,ts-user,3242.9525,ts-cancel,3223.94,ts-seat,3222.305,ts-food,3192.8317,ts-ticketinfo,3144.9283,ts-config,1918.4285,ts-inside-payment,1768.5525,ts-food-map,1746.22,ts-delivery,1705.6017,ts-payment,1688.3633,ts-execute,1627.8525,ts-preserve,1608.675,ts-train,1210.1666,ts-notification,1144.8783,ts-station,1039.7281,ts-security,1036.2275,ts-auth,609.4645,ts-ui,173.0325
3, -- ,ts-station,7279.6044,ts-travel,4176.1529,ts-config,4046.2903,ts-route,2717.1238,ts-admin-order,2541.9024,ts-basic,2483.5652,ts-train,1803.9869,ts-ticketinfo,1730.9826,ts-inside-payment,1201.01,ts-seat,974.6731,ts-price,937.2814,ts-order,837.575,ts-auth,484.0824,ts-ui,333.36,ts-food,250.2,ts-user,125.8809,ts-preserve,86.945,ts-food-map,85.61,ts-contacts,39.9,ts-security,36.8275,ts-delivery,5.46,ts-notification,0.3733
4, -- ,ts-station,4739.7496,ts-security,4731.8408,ts-travel,4144.0445,ts-basic,3173.217,ts-route,2944.3143,ts-assurance,2456.8733,ts-train,2222.076,ts-food-map,2044.264,ts-config,1964.4978,ts-food,1774.6405,ts-price,1717.614,ts-inside-payment,1631.9025,ts-order,1475.144,ts-preserve,1327.1525,ts-ticketinfo,1268.7985,ts-seat,1162.2768,ts-consign,1144.2,ts-admin-order,1003.7574,ts-user,802.8336,ts-auth,435.4589,ts-ui,197.0,ts-contacts,175.2,ts-delivery,134.365,ts-payment,124.17,ts-execute,116.32,ts-notification,0.3733
5, -- ,ts-config,4429.4043,ts-station,4386.5239,ts-travel,4165.3547,ts-assurance,3876.855,ts-basic,2800.0681,ts-train,2746.0685,ts-price,2648.783,ts-food,2566.1355,ts-security,2348.6265,ts-order,2202.8389,ts-food-map,2074.6885,ts-route,1754.6037,ts-seat,1721.3642,ts-payment,1552.5359,ts-preserve,1357.895,ts-inside-payment,1258.2583,ts-execute,957.925,ts-ticketinfo,752.2757,ts-cancel,682.705,ts-ui,297.0,ts-user,283.0804,ts-admin-order,146.3986,ts-delivery,118.2549,ts-consign,96.3075,ts-contacts,29.214
6, -- ,ts-order,4156.5264,ts-security,3849.1425,ts-travel,3145.9409,ts-food,2627.8308,ts-consign,1972.04,ts-payment,1921.6717,ts-assurance,1864.4033,ts-cancel,1669.72,ts-train,1582.5592,ts-station,1512.1201,ts-basic,1436.337,ts-price,1414.001,ts-config,1266.1729,ts-execute,1130.16,ts-preserve,615.43,ts-route,600.49,ts-food-map,597.82,ts-ui,433.36,ts-inside-payment,362.055,ts-seat,299.7447,ts-ticketinfo,292.6746,ts-admin-order,82.7159,ts-user,76.7527,ts-delivery,67.225,ts-contacts,30.58,ts-auth,10.57,ts-notification,5.6583
7, -- ,ts-travel,1793.0536,ts-security,1672.5,ts-consign,1585.295,ts-payment,1301.2333,ts-execute,1175.6266,ts-order,1063.9737,ts-cancel,879.015,ts-station,800.1057,ts-train,594.5066,ts-config,296.085,ts-seat,254.4117,ts-ticketinfo,122.453,ts-food,91.94,ts-route,90.6356,ts-basic,83.6591,ts-auth,76.5133,ts-admin-order,71.8909,ts-price,68.1393,ts-user,63.42,ts-food-map,53.581,ts-contacts,33.18,ts-preserve,30.04,ts-inside-payment,20.8475,ts-assurance,6.71,ts-notification,6.45,ts-delivery,0.34
8, -- ,ts-payment,1360.0217,ts-travel,1291.0892,ts-config,1052.8099,ts-execute,941.1625,ts-consign,878.185,ts-security,782.0675,ts-order,729.5946,ts-station,668.2323,ts-assurance,440.59,ts-cancel,315.0267,ts-train,306.092,ts-price,263.5497,ts-route,197.3973,ts-inside-payment,172.5133,ts-seat,146.4839,ts-admin-order,131.5127,ts-ticketinfo,110.8623,ts-food-map,99.16,ts-auth,95.7617,ts-food,79.3467,ts-basic,71.3719,ts-contacts,49.98,ts-user,46.23,ts-preserve,37.86,ts-delivery,1.021
9, -- ,ts-travel,1501.8411,ts-station,934.5494,ts-config,919.6344,ts-payment,705.7483,ts-route,440.0597,ts-order,257.4334,ts-security,236.2675,ts-execute,176.46,ts-assurance,168.6767,ts-cancel,165.395,ts-train,159.5842,ts-ticketinfo,156.8764,ts-seat,133.2207,ts-inside-payment,118.625,ts-admin-order,108.66,ts-price,100.624,ts-basic,92.4244,ts-contacts,68.85,ts-user,35.61,ts-preserve,15.53,ts-food,14.4033,ts-notification,8.6833,ts-consign,1.5867
10, -- ,ts-assurance,1668.2183,ts-travel,1329.1518,ts-station,747.1029,ts-order,400.003,ts-payment,270.5383,ts-train,218.7887,ts-route,206.2928,ts-auth,128.8087,ts-security,97.545,ts-config,94.887,ts-food-map,90.04,ts-ticketinfo,79.6922,ts-execute,72.67,ts-preserve,58.745,ts-inside-payment,50.605,ts-food,45.99,ts-basic,42.9481,ts-notification,38.4799,ts-price,37.8613,ts-user,30.06,ts-cancel,23.5392,ts-contacts,23.52,ts-ui,6.09,ts-delivery,3.25,ts-consign,2.655,ts-admin-basic-info,1.6825,ts-rebook,0.9712,ts-verification-code,0.675,ts-seat,0.5933,ts-admin-travel,0.5212,ts-admin-order,0.1343
11, -- ,ts-admin-order,1451.1375,ts-payment,729.475,ts-assurance,472.45,ts-admin-user,430.5,ts-route,369.6594,ts-security,330.27,ts-station,318.2681,ts-train,278.8765,ts-seat,245.63,ts-travel,197.1929,ts-food,180.8,ts-order,139.5779,ts-user,129.48,ts-config,107.2955,ts-contacts,81.42,ts-execute,76.64,ts-price,69.4523,ts-preserve,60.14,ts-inside-payment,54.7871,ts-consign,40.17,ts-food-map,35.444,ts-ticketinfo,21.0511,ts-delivery,17.6083,ts-basic,12.0156,ts-voucher,10.94,ts-notification,6.135,ts-ui,6.09,ts-auth,4.61,ts-rebook,1.9325
12, -- ,ts-basic,1156.587,ts-travel,710.953,ts-assurance,521.9667,ts-payment,500.62,ts-security,357.76,ts-route,336.4695,ts-admin-order,268.3064,ts-seat,234.75,ts-inside-payment,195.3133,ts-food,133.1817,ts-station,104.5264,ts-train,87.9714,ts-config,72.2334,ts-price,45.4017,ts-notification,44.4799,ts-food-map,40.454,ts-execute,34.18,ts-contacts,34.17,ts-order,5.9171,ts-delivery,5.025,ts-auth,4.4545,ts-preserve,4.33,ts-ticketinfo,3.2379,ts-admin-travel,1.0412,ts-rebook,0.9712,ts-consign,0.935
13, -- ,ts-travel,354.4267,ts-assurance,226.0233,ts-security,169.6275,ts-price,131.7557,ts-admin-order,121.3837,ts-route,113.3537,ts-food,99.54,ts-train,94.3445,ts-config,91.9487,ts-station,65.0296,ts-inside-payment,57.0675,ts-order,47.4386,ts-user,45.51,ts-food-map,30.35,ts-execute,29.8417,ts-preserve,25.51,ts-contacts,24.78,ts-auth,5.6575,ts-consign,4.125,ts-ticketinfo,3.736,ts-admin-travel,3.125,ts-seat,2.5533,ts-payment,2.315,ts-verification-code,0.99,ts-admin-basic-info,0.7212,ts-delivery,0.23,ts-basic,0.0275
14, -- ,ts-price,414.6412,ts-security,304.5825,ts-user,260.2,ts-food-map,247.56,ts-station,117.9066,ts-route,111.7267,ts-food,108.04,ts-travel,105.6083,ts-inside-payment,105.035,ts-config,99.6719,ts-preserve,88.045,ts-assurance,85.0033,ts-order,82.8661,ts-train,78.8115,ts-consign,57.8042,ts-admin-order,53.1544,ts-contacts,48.75,ts-payment,43.48,ts-execute,36.89,ts-basic,20.9689,ts-auth,18.8817,ts-seat,8.1393,ts-admin-route,4.8175,ts-ticketinfo,3.5343,ts-notification,0.42,ts-delivery,0.4
15, -- ,ts-user,290.425,ts-admin-order,267.2769,ts-order,244.9248,ts-security,217.6548,ts-price,177.7437,ts-payment,150.51,ts-route,128.5153,ts-travel,104.3533,ts-preserve,98.41,ts-config,87.0439,ts-food-map,79.173,ts-train,74.9021,ts-station,68.5251,ts-food,51.3133,ts-basic,41.2385,ts-inside-payment,38.89,ts-seat,15.1006,ts-execute,13.8767,ts-ticketinfo,9.768,ts-contacts,5.43,ts-admin-route,0.9712,ts-delivery,0.26,ts-consign,0.03
16, -- ,ts-basic,4585.0693,ts-travel,563.7266,ts-payment,328.0,ts-security,322.7191,ts-notification,188.31,ts-config,161.1235,ts-train,142.9834,ts-execute,85.68,ts-assurance,80.82,ts-price,75.1834,ts-station,71.0411,ts-inside-payment,70.6275,ts-food,55.6307,ts-route,54.7266,ts-preserve,53.095,ts-food-map,43.67,ts-cancel,37.47,ts-user,32.73,ts-contacts,27.36,ts-order,13.3237,ts-admin-order,13.2234,ts-seat,11.0178,ts-ticketinfo,10.707,ts-consign,8.76,ts-auth,5.27,ts-delivery,2.9683,ts-verification-code,1.14,ts-rebook,0.01,ts-admin-route,0.01
17, -- ,ts-security,274.6358,ts-travel,168.2115,ts-basic,115.9239,ts-config,99.449,ts-admin-order,96.6895,ts-auth,67.7433,ts-inside-payment,60.4358,ts-train,60.3979,ts-station,49.6288,ts-payment,42.355,ts-user,36.6483,ts-food,35.74,ts-route,32.1186,ts-price,25.2753,ts-contacts,18.03,ts-order,15.9775,ts-seat,14.6272,ts-preserve,10.875,ts-assurance,9.7967,ts-food-map,9.51,ts-execute,6.94,ts-delivery,6.355,ts-consign,2.1,ts-notification,2.0,ts-admin-route,1.9325,ts-rebook,0.01
18, -- ,ts-travel,571.8249,ts-train,278.9682,ts-route,230.97,ts-security,203.3363,ts-basic,132.644,ts-config,101.9438,ts-payment,100.31,ts-order,90.1679,ts-admin-order,82.5101,ts-auth,61.12,ts-inside-payment,58.5158,ts-food,36.07,ts-station,35.1017,ts-price,35.0155,ts-user,20.6133,ts-seat,19.3119,ts-preserve,14.65,ts-contacts,14.25,ts-execute,11.7783,ts-ticketinfo,9.92,ts-assurance,3.93,ts-admin-route,2.8937,ts-preserve-other,2.0837,ts-food-map,1.21,ts-notification,1.2083
19, -- ,ts-travel,976.4586,ts-order,245.2832,ts-notification,184.2283,ts-security,160.3845,ts-execute,151.075,ts-inside-payment,138.2083,ts-config,119.4237,ts-seat,105.9051,ts-route,97.146,ts-train,88.149,ts-food,73.6841,ts-contacts,67.59,ts-user,65.21,ts-food-map,49.39,ts-payment,37.3718,ts-station,33.0427,ts-assurance,31.59,ts-price,30.4787,ts-basic,18.634,ts-preserve,13.35,ts-ticketinfo,5.642,ts-auth,1.2967,ts-delivery,0.24
20, -- ,ts-travel,881.1881,ts-food-map,362.327,ts-food,244.9562,ts-config,151.5869,ts-security,147.0547,ts-consign,139.02,ts-execute,126.3766,ts-route,103.1793,ts-price,95.3577,ts-payment,77.7225,ts-train,71.8143,ts-order,71.6727,ts-assurance,67.74,ts-inside-payment,67.2758,ts-user,59.7,ts-basic,54.0385,ts-contacts,32.69,ts-cancel,28.5317,ts-station,21.9426,ts-seat,14.9275,ts-preserve,9.0975,ts-ticketinfo,4.835,ts-verification-code,2.58,ts-delivery,1.86,ts-admin-order,0.645,ts-notification,0.3733
21, -- ,ts-travel,705.002,ts-food-map,285.2905,ts-security,150.5463,ts-basic,142.7495,ts-user,126.73,ts-train,113.5077,ts-ticketinfo,107.394,ts-route,88.05,ts-config,68.52,ts-food,67.7375,ts-payment,39.595,ts-auth,37.5885,ts-order,36.6907,ts-seat,30.6752,ts-price,27.891,ts-execute,25.6267,ts-station,23.8497,ts-admin-order,12.4757,ts-contacts,4.37,ts-inside-payment,3.2333,ts-verification-code,1.945,ts-notification,1.2933,ts-preserve,0.375
22, -- ,ts-admin-user,674.25,ts-order,398.0626,ts-train,262.6209,ts-admin-order,227.7111,ts-travel,151.3939,ts-security,148.855,ts-user,139.44,ts-assurance,123.1067,ts-food,91.91,ts-inside-payment,86.175,ts-route,56.6383,ts-execute,51.6042,ts-config,46.225,ts-seat,39.9877,ts-ticketinfo,32.503,ts-contacts,18.78,ts-price,13.776,ts-station,12.0842,ts-food-map,11.14,ts-preserve,5.268,ts-payment,3.6,ts-voucher,2.84,ts-rebook,2.4137,ts-auth,1.0767,ts-delivery,1.028,ts-cancel,0.75,ts-notification,0.3733,ts-basic,0.125
23, -- ,ts-inside-payment,778.6325,ts-order,282.5788,ts-food,167.4167,ts-food-map,124.949,ts-train,105.7968,ts-security,104.6764,ts-admin-order,101.7776,ts-travel,87.3303,ts-config,64.8434,ts-assurance,47.7767,ts-execute,43.0225,ts-route,31.3933,ts-seat,30.4113,ts-ticketinfo,27.704,ts-auth,16.0867,ts-station,15.083,ts-price,14.895,ts-user,11.52,ts-consign,7.41,ts-payment,7.33,ts-rebook,1.9325,ts-preserve,1.875,ts-basic,1.092,ts-notification,1.0,ts-contacts,0.9
24, -- ,ts-travel,3938.5125,ts-inside-payment,1338.6608,ts-basic,277.3793,ts-security,269.5491,ts-route,165.6991,ts-config,148.7504,ts-order,131.5973,ts-seat,114.2108,ts-auth,112.894,ts-assurance,96.12,ts-train,92.1801,ts-admin-order,91.666,ts-ticketinfo,51.1389,ts-food-map,48.227,ts-food,44.28,ts-notification,38.3899,ts-station,30.1912,ts-execute,28.31,ts-user,25.41,ts-price,13.414,ts-consign,9.15,ts-payment,8.715,ts-preserve,6.015
25, -- ,ts-inside-payment,1942.6425,ts-travel,851.9635,ts-security,146.43,ts-auth,98.6638,ts-price,92.508,ts-food,91.44,ts-seat,80.2,ts-execute,61.9233,ts-train,61.1302,ts-preserve,57.19,ts-assurance,54.84,ts-config,53.7857,ts-ticketinfo,52.942,ts-order,38.1162,ts-route,29.5875,ts-payment,25.575,ts-station,21.9931,ts-delivery,13.61,ts-user,12.72,ts-contacts,9.51,ts-food-map,8.294,ts-notification,6.8433,ts-rebook,0.01
26, -- ,ts-travel,481.2782,ts-inside-payment,291.3035,ts-food,278.285,ts-price,129.3617,ts-security,116.8259,ts-train,102.4488,ts-route,68.6266,ts-user,66.39,ts-config,64.595,ts-food-map,47.3575,ts-contacts,44.7,ts-ticketinfo,40.8223,ts-seat,33.203,ts-payment,28.605,ts-station,24.7611,ts-assurance,22.77,ts-execute,21.99,ts-order,12.0887,ts-basic,7.238,ts-admin-order,5.792,ts-preserve,5.4,ts-notification,4.375,ts-consign,2.85,ts-admin-user,1.375,ts-auth,0.708,ts-delivery,0.39
27, -- ,ts-auth,180.7667,ts-security,112.848,ts-food,79.19,ts-travel,58.0534,ts-config,47.3337,ts-order,37.5739,ts-seat,25.4633,ts-basic,11.223,ts-price,10.2533,ts-train,10.1187,ts-route,9.8,ts-contacts,9.15,ts-station,7.7367,ts-payment,6.86,ts-preserve,3.885,ts-execute,3.735,ts-admin-basic-info,2.6437,ts-food-map,1.51,ts-assurance,0.94,ts-inside-payment,0.7525,ts-admin-order,0.75
28, -- ,ts-auth,186.0667,ts-security,103.8383,ts-contacts,75.59,ts-inside-payment,72.6575,ts-route,59.6867,ts-order,51.7883,ts-seat,51.5133,ts-config,46.0,ts-admin-order,36.8046,ts-assurance,33.3733,ts-user,26.07,ts-train,25.0476,ts-ticketinfo,23.42,ts-cancel,19.35,ts-preserve,12.975,ts-travel,12.0758,ts-payment,10.765,ts-execute,8.95,ts-price,7.602,ts-food,1.63,ts-consign,0.6,ts-food-map,0.47,ts-basic,0.0275
29, -- ,ts-route,207.3817,ts-train,106.3524,ts-security,104.4975,ts-payment,83.155,ts-travel,73.7242,ts-order,73.6871,ts-ticketinfo,67.704,ts-config,50.5882,ts-contacts,41.21,ts-auth,28.8933,ts-seat,26.5567,ts-admin-order,25.6918,ts-inside-payment,19.6575,ts-cancel,11.04,ts-food,10.94,ts-execute,7.4,ts-price,7.355,ts-preserve,7.3367,ts-user,6.75,ts-food-map,2.92,ts-basic,1.7915,ts-delivery,1.5983,ts-station,0.7017,ts-admin-basic-info,0.24
30, -- ,ts-seat,352.1363,ts-order,98.4898,ts-user,82.4,ts-ticketinfo,68.498,ts-price,63.126,ts-config,62.7851,ts-travel,58.1269,ts-inside-payment,47.365,ts-route,43.8533,ts-payment,38.205,ts-security,35.6783,ts-train,31.5785,ts-auth,24.4767,ts-assurance,17.37,ts-food,16.4575,ts-cancel,13.98,ts-contacts,7.5,ts-consign,3.75,ts-execute,3.47,ts-admin-travel,3.125,ts-station,2.893,ts-delivery,1.205,ts-food-map,0.28
31, -- ,ts-travel,1151.0006,ts-user,682.98,ts-seat,296.6536,ts-security,167.2291,ts-route,111.1356,ts-order,107.2526,ts-price,84.138,ts-payment,74.9475,ts-ticketinfo,71.99,ts-config,50.15,ts-notification,38.01,ts-execute,22.99,ts-train,21.5407,ts-food,20.18,ts-preserve,19.35,ts-station,11.7858,ts-inside-payment,8.6775,ts-auth,7.1737,ts-assurance,6.3,ts-admin-travel,5.2087,ts-admin-order,5.1954,ts-food-map,1.27,ts-contacts,0.54,ts-verification-code,0.04,ts-delivery,0.035,ts-basic,0.0275
32, -- ,ts-travel,494.3953,ts-user,487.1867,ts-station,443.9211,ts-order,425.3445,ts-security,357.375,ts-execute,309.145,ts-price,183.713,ts-food-map,155.4835,ts-inside-payment,148.97,ts-payment,99.455,ts-seat,55.3119,ts-config,46.0,ts-admin-order,33.3574,ts-preserve,14.005,ts-route,12.2033,ts-auth,9.1239,ts-contacts,3.22,ts-train,2.6,ts-notification,1.0,ts-food,0.8925
33, -- ,ts-security,5490.8675,ts-travel,2012.7478,ts-execute,1232.055,ts-station,1161.3034,ts-order,670.2816,ts-inside-payment,258.6987,ts-ticketinfo,164.4738,ts-seat,102.1974,ts-assurance,76.6533,ts-config,50.0441,ts-admin-order,35.5114,ts-contacts,35.31,ts-route,33.5423,ts-price,15.3267,ts-food,14.4833,ts-auth,5.27,ts-payment,2.235,ts-food-map,1.92,ts-consign,0.78,ts-basic,0.5615,ts-notification,0.3733
34, -- ,ts-travel,701.3178,ts-basic,669.375,ts-inside-payment,455.8962,ts-food,249.0261,ts-order,187.1962,ts-ticketinfo,173.2701,ts-train,152.9635,ts-security,113.2475,ts-station,84.0988,ts-config,58.247,ts-admin-order,23.0537,ts-payment,18.755,ts-route,16.41,ts-execute,12.11,ts-food-map,9.8745,ts-auth,9.6867,ts-admin-travel,2.0837,ts-assurance,1.7933,ts-admin-basic-info,0.7212,ts-seat,0.49,ts-consign,0.36,ts-notification,0.17,ts-verification-code,0.04,ts-rebook,0.01
35, -- ,ts-travel,1633.8961,ts-inside-payment,1071.5817,ts-ticketinfo,379.6356,ts-price,106.6872,ts-order,102.48,ts-security,75.4999,ts-train,75.0332,ts-config,58.2256,ts-food,56.23,ts-station,37.2216,ts-payment,35.2,ts-route,15.5273,ts-cancel,11.82,ts-food-map,10.318,ts-admin-order,8.5489,ts-delivery,6.6067,ts-auth,6.3767,ts-preserve,4.455,ts-execute,4.1425,ts-admin-travel,2.0837,ts-notification,1.0,ts-admin-basic-info,0.24,ts-contacts,0.12
36, -- ,ts-travel,2563.1492,ts-payment,506.78,ts-ticketinfo,336.4116,ts-food-map,130.852,ts-security,74.3498,ts-price,70.9417,ts-order,66.1682,ts-inside-payment,63.3,ts-assurance,55.85,ts-config,46.0,ts-preserve,40.925,ts-station,34.7217,ts-user,28.78,ts-food,24.05,ts-train,18.2172,ts-contacts,14.67,ts-execute,10.55,ts-basic,2.88,ts-notification,2.395,ts-route,2.36,ts-admin-order,0.5829
37, -- ,ts-payment,232.8,ts-auth,174.6453,ts-security,146.9975,ts-food-map,118.804,ts-travel,116.4456,ts-food,93.88,ts-train,85.1206,ts-order,55.6459,ts-config,49.5814,ts-admin-order,43.2895,ts-inside-payment,34.2,ts-preserve,13.775,ts-user,13.77,ts-route,10.0933,ts-assurance,7.29,ts-execute,3.99,ts-rebook,3.8562,ts-seat,2.9817,ts-cancel,2.79,ts-station,2.4412,ts-basic,0.5615,ts-ticketinfo,0.5257,ts-contacts,0.36,ts-admin-user,0.1
38, -- ,ts-security,229.2725,ts-travel,101.9547,ts-order,82.7569,ts-route,76.2524,ts-config,63.88,ts-auth,44.3936,ts-inside-payment,38.585,ts-price,24.7681,ts-contacts,22.02,ts-train,20.01,ts-payment,13.66,ts-food,12.4233,ts-cancel,11.52,ts-user,10.53,ts-execute,6.63,ts-ticketinfo,5.958,ts-preserve-other,5.04,ts-food-map,4.72,ts-station,3.4872,ts-admin-order,2.7725,ts-seat,2.0267,ts-preserve,1.17,ts-rebook,0.9712,ts-notification,0.5433
39, -- ,ts-travel,319.2143,ts-seat,256.3317,ts-price,91.218,ts-security,84.825,ts-user,80.76,ts-station,74.3779,ts-config,61.152,ts-route,55.133,ts-notification,40.8666,ts-train,38.5094,ts-inside-payment,33.38,ts-contacts,31.83,ts-food,23.82,ts-order,22.3925,ts-assurance,19.29,ts-food-map,10.93,ts-basic,4.7721,ts-ticketinfo,4.5967,ts-rebook,2.8937,ts-payment,2.22,ts-execute,1.87,ts-admin-travel,1.0412,ts-verification-code,0.675,ts-delivery,0.34,ts-preserve,0.29
40, -- ,ts-seat,493.7267,ts-ticketinfo,260.6377,ts-travel,186.153,ts-station,98.4003,ts-order,76.4448,ts-price,66.3326,ts-security,46.425,ts-config,46.0,ts-payment,43.125,ts-inside-payment,41.1,ts-assurance,25.89,ts-train,21.2925,ts-food,13.3575,ts-preserve,7.725,ts-rebook,5.7787,ts-execute,4.16,ts-route,3.1667,ts-admin-order,2.1364,ts-auth,1.7755,ts-ticket-office,1.56,ts-verification-code,1.31,ts-notification,0.815,ts-delivery,0.72,ts-contacts,0.45,ts-basic,0.0275
41, -- ,ts-travel,1073.8659,ts-train,217.5548,ts-order,207.4882,ts-preserve,180.94,ts-seat,137.0382,ts-user,77.94,ts-cancel,73.8017,ts-config,46.0,ts-security,45.1183,ts-price,28.0067,ts-food,24.61,ts-food-map,15.6165,ts-station,15.5005,ts-route,13.67,ts-contacts,11.68,ts-inside-payment,7.055,ts-admin-order,2.304,ts-payment,1.58,ts-admin-basic-info,0.4812,ts-execute,0.4,ts-basic,0.31,ts-notification,0.28,ts-rebook,0.01,ts-admin-route,0.01
42, -- ,ts-security,765.9785,ts-user,449.28,ts-order,166.4973,ts-preserve,148.89,ts-train,142.9519,ts-food-map,73.1235,ts-travel,67.5277,ts-inside-payment,65.815,ts-config,54.5595,ts-consign,33.0,ts-contacts,30.83,ts-payment,21.62,ts-station,17.0139,ts-execute,10.4767,ts-ticketinfo,10.3675,ts-food,5.11,ts-seat,4.9267,ts-route,4.5525,ts-assurance,3.57,ts-price,2.1,ts-notification,1.0,ts-delivery,0.065
43, -- ,ts-inside-payment,603.3692,ts-security,194.0181,ts-user,112.3036,ts-payment,92.38,ts-seat,59.8767,ts-food,50.3145,ts-config,47.49,ts-travel,32.21,ts-contacts,14.26,ts-order,13.39,ts-assurance,6.9,ts-ticketinfo,5.958,ts-train,4.4096,ts-food-map,4.16,ts-execute,3.55,ts-notification,2.1233,ts-rebook,0.01
44, -- ,ts-inside-payment,494.8541,ts-seat,239.6753,ts-security,153.9191,ts-travel,76.2819,ts-price,68.4832,ts-food,54.4233,ts-config,48.9541,ts-food-map,21.48,ts-train,15.3937,ts-preserve,14.98,ts-user,12.5003,ts-consign,11.31,ts-route,9.774,ts-notification,7.9183,ts-ticketinfo,5.166,ts-execute,4.9375,ts-delivery,2.65,ts-payment,2.565,ts-station,1.9648,ts-order,1.36,ts-auth,1.2967,ts-basic,0.87,ts-contacts,0.36
45, -- ,ts-travel,326.1529,ts-seat,257.2431,ts-security,159.48,ts-price,86.6878,ts-config,54.649,ts-food,45.5016,ts-auth,45.3926,ts-user,38.07,ts-consign,35.28,ts-preserve,33.905,ts-food-map,31.0735,ts-route,25.5617,ts-station,23.9179,ts-train,20.9277,ts-inside-payment,20.065,ts-ticketinfo,16.33,ts-order,15.84,ts-assurance,7.68,ts-notification,3.48,ts-execute,2.62,ts-payment,2.605,ts-contacts,1.293,ts-admin-travel,0.7812
46, -- ,ts-user,287.44,ts-security,129.1522,ts-inside-payment,111.8725,ts-travel,82.1724,ts-notification,73.88,ts-order,54.94,ts-config,52.5593,ts-admin-order,47.4257,ts-food,44.55,ts-consign,42.93,ts-auth,31.76,ts-train,22.1252,ts-assurance,20.97,ts-seat,19.4786,ts-route,17.8,ts-cancel,17.52,ts-price,6.8117,ts-execute,6.68,ts-preserve,4.52,ts-station,2.259,ts-food-map,1.7255,ts-basic,1.316,ts-admin-basic-info,1.2025,ts-ticketinfo,1.196,ts-admin-travel,0.7812,ts-contacts,0.333,ts-delivery,0.325
47, -- ,ts-travel,151.4262,ts-config,92.4925,ts-security,91.7164,ts-food,83.6267,ts-user,78.72,ts-inside-payment,52.6883,ts-ticketinfo,42.52,ts-assurance,40.2267,ts-price,35.8483,ts-train,35.4677,ts-admin-order,29.6411,ts-route,26.7309,ts-order,26.5242,ts-station,9.3557,ts-notification,7.92,ts-seat,3.0902,ts-consign,2.01,ts-payment,1.21,ts-contacts,1.05
48, -- ,ts-travel,385.9088,ts-route,124.4,ts-security,113.9342,ts-config,49.9887,ts-ticketinfo,36.0594,ts-train,25.618,ts-station,22.6234,ts-assurance,18.12,ts-food-map,13.1515,ts-seat,12.8,ts-execute,2.56,ts-payment,2.535,ts-order,1.53,ts-admin-user,1.375,ts-delivery,1.086,ts-inside-payment,0.9425,ts-contacts,0.93,ts-notification,0.745,ts-food,0.6,ts-price,0.4717,ts-preserve,0.415
49, -- ,ts-travel,75.2063,ts-cancel,53.64,ts-config,51.1049,ts-security,41.995,ts-execute,40.8367,ts-order,39.5329,ts-delivery,34.961,ts-seat,30.9556,ts-price,27.645,ts-consign,16.08,ts-inside-payment,13.9067,ts-admin-order,10.9168,ts-route,10.0343,ts-ticketinfo,9.768,ts-train,7.8698,ts-notification,6.8433,ts-food,6.1867,ts-station,6.1463,ts-auth,4.83,ts-food-map,1.93,ts-basic,1.764,ts-payment,1.69,ts-preserve,1.23
50, -- ,ts-food-map,126.9185,ts-security,64.2133,ts-food,62.52,ts-config,58.055,ts-travel,52.016,ts-delivery,32.81,ts-price,29.095,ts-order,23.21,ts-seat,22.5775,ts-train,14.2146,ts-payment,11.21,ts-consign,6.78,ts-user,5.28,ts-station,4.5994,ts-inside-payment,3.255,ts-route,1.524,ts-execute,1.085,ts-auth,0.4167,ts-notification,0.3733,ts-contacts,0.23
51, -- ,ts-payment,84.5875,ts-user,64.77,ts-order,55.4229,ts-config,46.0,ts-cancel,28.67,ts-travel,23.6433,ts-security,22.0749,ts-food,11.97,ts-inside-payment,9.3325,ts-auth,7.0367,ts-station,2.2173,ts-contacts,0.75,ts-notification,0.5433,ts-verification-code,0.33,ts-route,0.1967
52, -- ,ts-admin-order,601.3737,ts-notification,75.5417,ts-security,64.7425,ts-food,48.76,ts-config,46.0,ts-admin-user,45.0,ts-contacts,30.66,ts-order,28.02,ts-consign,23.73,ts-train,22.4975,ts-inside-payment,21.17,ts-user,11.98,ts-route,8.15,ts-seat,2.7389,ts-travel,1.814,ts-basic,1.316,ts-cancel,0.76,ts-payment,0.185,ts-delivery,0.065,ts-ticketinfo,0.0225
53, -- ,ts-admin-route,433.32,ts-contacts,168.218,ts-security,140.0239,ts-train,130.9111,ts-food,93.676,ts-travel,71.912,ts-config,51.097,ts-assurance,46.62,ts-user,38.46,ts-price,35.5517,ts-admin-order,33.1275,ts-cancel,13.74,ts-station,8.7842,ts-route,6.868,ts-order,4.45,ts-payment,4.3267,ts-basic,1.874,ts-preserve,1.635,ts-notification,0.8583,ts-inside-payment,0.8125,ts-execute,0.12
54, -- ,ts-admin-route,433.32,ts-contacts,88.464,ts-security,56.7999,ts-config,46.0,ts-price,40.1383,ts-user,12.7492,ts-admin-travel,9.84,ts-travel,9.2138,ts-admin-order,7.4225,ts-execute,7.225,ts-route,7.0837,ts-consign,6.78,ts-delivery,6.295,ts-payment,6.25,ts-admin-basic-info,4.77,ts-station,4.4613,ts-train,1.8156,ts-verification-code,1.74,ts-inside-payment,1.477,ts-food,0.87,ts-basic,0.758,ts-notification,0.495,ts-order,0.2
55, -- ,ts-food-map,120.352,ts-cancel,79.69,ts-preserve,63.37,ts-config,48.665,ts-payment,48.4367,ts-price,42.6817,ts-preserve-other,40.26,ts-ticketinfo,33.056,ts-security,22.9906,ts-route,22.5733,ts-verification-code,21.99,ts-food,20.64,ts-admin-order,8.7173,ts-travel,6.68,ts-contacts,6.24,ts-delivery,4.045,ts-order,3.84,ts-admin-route,3.0125,ts-notification,2.67,ts-train,2.5318,ts-admin-travel,2.0837,ts-seat,0.7233,ts-basic,0.534,ts-consign,0.5333,ts-station,0.1075
56, -- ,ts-route,187.0983,ts-ticketinfo,182.942,ts-payment,98.6883,ts-preserve,66.45,ts-config,61.7355,ts-security,61.1373,ts-train,36.7735,ts-admin-order,26.602,ts-inside-payment,23.535,ts-cancel,23.45,ts-travel,23.0405,ts-order,19.8275,ts-station,8.8628,ts-auth,3.0633,ts-notification,1.0,ts-execute,0.42,ts-food,0.36,ts-verification-code,0.2
57, -- ,ts-route,1064.7711,ts-admin-user,757.5,ts-seat,403.895,ts-admin-order,319.57,ts-cancel,319.5,ts-station,234.1821,ts-train,185.6908,ts-ticketinfo,185.006,ts-travel,98.523,ts-config,96.8937,ts-food-map,67.57,ts-security,44.45,ts-price,34.2975,ts-notification,28.08,ts-inside-payment,11.4825,ts-assurance,11.436,ts-auth,9.6867,ts-delivery,5.68,ts-food,5.2467,ts-verification-code,3.84,ts-order,2.835,ts-preserve,2.135,ts-payment,1.095,ts-contacts,0.78,ts-execute,0.0825
58, -- ,ts-route,1970.5941,ts-notification,411.6425,ts-execute,242.0887,ts-travel,70.99,ts-config,54.7807,ts-security,40.6206,ts-order,39.705,ts-payment,33.0983,ts-food,27.18,ts-food-map,26.796,ts-station,9.3638,ts-inside-payment,7.62,ts-preserve,5.46,ts-auth,4.39,ts-price,3.765,ts-contacts,3.72,ts-admin-order,2.2367,ts-user,0.66,ts-train,0.4643,ts-assurance,0.21,ts-seat,0.0733
59, -- ,ts-security,314.5508,ts-route,262.4584,ts-order,71.7043,ts-food,49.1,ts-config,46.0,ts-user,40.39,ts-food-map,36.1485,ts-price,35.2533,ts-station,12.5442,ts-train,10.6915,ts-preserve,4.155,ts-preserve-other,2.0837,ts-auth,1.8232,ts-inside-payment,1.285,ts-travel,1.171,ts-payment,1.105,ts-assurance,0.99,ts-contacts,0.68,ts-news,0.333
60, -- ,ts-notification,114.1283,ts-order,69.1129,ts-config,46.0,ts-inside-payment,43.2612,ts-user,40.95,ts-security,37.9466,ts-price,36.16,ts-train,22.42,ts-admin-order,11.5733,ts-preserve-other,7.6037,ts-route,7.45,ts-contacts,5.74,ts-travel,4.6347,ts-execute,2.5025,ts-consign,1.9029,ts-preserve,1.33,ts-delivery,1.11,ts-ticketinfo,0.7018,ts-payment,0.47,ts-news,0.333,ts-seat,0.1333
61, -- ,ts-security,184.7425,ts-travel,166.1867,ts-route,52.0572,ts-order,49.1936,ts-config,48.7582,ts-contacts,42.04,ts-user,35.07,ts-inside-payment,34.4133,ts-food-map,33.495,ts-notification,27.8517,ts-train,15.7783,ts-seat,14.1521,ts-food,13.495,ts-delivery,5.68,ts-assurance,5.13,ts-payment,3.5275,ts-station,3.5133,ts-admin-order,2.805,ts-price,2.124,ts-execute,2.02,ts-verification-code,1.89,ts-preserve,1.655,ts-consign,0.42
62, -- ,ts-travel,658.277,ts-config,49.9808,ts-user,28.455,ts-security,24.895,ts-contacts,22.32,ts-execute,18.3825,ts-route,18.2516,ts-inside-payment,14.5025,ts-train,12.4448,ts-payment,8.08,ts-preserve,4.95,ts-seat,4.63,ts-station,3.5133,ts-food-map,2.41,ts-order,1.63,ts-admin-order,0.5798,ts-notification,0.3733
63, -- ,ts-seat,267.7193,ts-travel,217.3452,ts-contacts,71.65,ts-security,70.84,ts-food-map,57.731,ts-config,47.2634,ts-price,38.1517,ts-payment,26.1835,ts-route,20.1028,ts-execute,16.63,ts-user,16.44,ts-train,10.6302,ts-notification,9.0433,ts-order,1.845,ts-food,1.8167,ts-station,0.0262
64, -- ,ts-seat,219.865,ts-security,64.2039,ts-config,46.0,ts-admin-order,40.6114,ts-price,38.515,ts-train,28.8983,ts-user,25.73,ts-inside-payment,15.8933,ts-order,15.6064,ts-contacts,11.18,ts-travel,9.2767,ts-execute,5.56,ts-delivery,3.66,ts-station,3.5057,ts-preserve,1.445,ts-verification-code,1.17,ts-payment,0.0075
65, -- ,ts-inside-payment,266.755,ts-travel,95.379,ts-route,94.2335,ts-security,74.0972,ts-cancel,62.16,ts-station,51.9407,ts-config,46.1557,ts-train,40.7937,ts-food,36.82,ts-contacts,30.19,ts-preserve,29.015,ts-seat,28.9998,ts-verification-code,28.02,ts-admin-order,27.0557,ts-delivery,22.465,ts-payment,15.26,ts-rebook,14.4425,ts-notification,6.71,ts-user,6.14,ts-admin-basic-info,3.9625,ts-execute,3.915,ts-ticketinfo,0.244,ts-order,0.2229
66, -- ,ts-travel,249.4783,ts-admin-order,165.2756,ts-security,150.8698,ts-food-map,143.525,ts-config,46.0,ts-inside-payment,45.186,ts-station,37.4779,ts-payment,31.195,ts-seat,29.89,ts-preserve,27.57,ts-food,19.36,ts-consign,16.98,ts-contacts,7.43,ts-assurance,5.19,ts-rebook,3.375,ts-route,2.62,ts-admin-basic-info,2.1637,ts-basic,1.652,ts-execute,1.13,ts-train,0.6073,ts-delivery,0.23,ts-preserve-other,0.15,ts-verification-code,0.04
67, -- ,ts-security,190.3883,ts-seat,58.025,ts-config,50.3247,ts-admin-order,33.0386,ts-cancel,31.74,ts-travel,12.0223,ts-assurance,11.73,ts-price,9.372,ts-contacts,8.79,ts-inside-payment,7.0387,ts-user,6.6333,ts-train,2.9278,ts-station,2.5733,ts-payment,1.725,ts-route,0.485
68, -- ,ts-config,46.0,ts-food,30.3167,ts-security,30.1283,ts-contacts,29.4,ts-route,25.68,ts-payment,9.565,ts-inside-payment,4.615,ts-order,3.81,ts-seat,3.7183,ts-basic,3.216,ts-preserve,2.275,ts-admin-order,1.7175,ts-notification,1.275,ts-rebook,0.84,ts-execute,0.54,ts-travel,0.4767,ts-train,0.424,ts-station,0.06
69, -- ,ts-admin-order,247.02,ts-route,149.2913,ts-security,140.125,ts-payment,100.36,ts-config,49.0362,ts-order,42.04,ts-price,41.4133,ts-preserve,35.39,ts-travel,29.7235,ts-food,23.5967,ts-train,20.5955,ts-contacts,18.24,ts-station,10.9135,ts-user,8.7,ts-food-map,4.98,ts-ticketinfo,3.578,ts-seat,3.4583,ts-assurance,3.33,ts-basic,3.104,ts-delivery,1.28,ts-execute,0.2125
70, -- ,ts-security,822.4366,ts-travel,162.6004,ts-config,96.9176,ts-price,43.2721,ts-train,25.9297,ts-food,16.74,ts-preserve,16.28,ts-station,9.2807,ts-route,8.5893,ts-contacts,4.89,ts-delivery,4.73,ts-food-map,4.05,ts-assurance,3.69,ts-ticketinfo,2.784,ts-payment,2.76,ts-execute,1.24,ts-seat,0.4331,ts-notification,0.3733,ts-inside-payment,0.3,ts-auth,0.1933
71, -- ,ts-assurance,286.59,ts-config,96.3081,ts-travel,89.404,ts-security,53.8191,ts-food-map,40.584,ts-preserve,40.32,ts-contacts,37.76,ts-food,31.7845,ts-admin-order,30.3017,ts-station,27.1933,ts-order,15.57,ts-inside-payment,11.675,ts-execute,6.2675,ts-payment,5.77,ts-delivery,4.24,ts-train,2.25,ts-seat,1.9329,ts-rebook,1.62,ts-notification,0.455
72, -- ,ts-security,348.6675,ts-order,168.3021,ts-consign,90.99,ts-travel,86.9597,ts-config,46.7059,ts-train,28.3969,ts-admin-order,25.0735,ts-user,23.7,ts-preserve,17.79,ts-route,16.3332,ts-contacts,16.28,ts-food,7.92,ts-assurance,6.18,ts-inside-payment,6.1475,ts-payment,4.5675,ts-ticketinfo,3.21,ts-execute,1.95
73, -- ,ts-travel,205.3212,ts-contacts,104.37,ts-order,92.0779,ts-config,72.5312,ts-security,45.1432,ts-price,40.145,ts-inside-payment,32.6032,ts-train,10.886,ts-user,8.64,ts-route,6.526,ts-food-map,3.5235,ts-admin-order,2.8083,ts-ui,2.524,ts-payment,2.1975,ts-execute,1.085,ts-verification-code,0.78,ts-food,0.435,ts-notification,0.3733,ts-seat,0.3333,ts-station,0.15,ts-ticketinfo,0.085
74, -- ,ts-contacts,421.67,ts-user,71.4,ts-security,56.5133,ts-config,47.8208,ts-price,40.87,ts-route,13.2767,ts-travel,4.785,ts-inside-payment,4.4175,ts-train,4.0517,ts-ticketinfo,3.5012,ts-food,0.824,ts-station,0.8025,ts-payment,0.23,ts-preserve-other,0.12,ts-assurance,0.0867,ts-seat,0.0733
75, -- ,ts-food,145.7571,ts-inside-payment,101.1457,ts-travel,64.3072,ts-security,56.1247,ts-contacts,50.96,ts-config,46.0,ts-notification,37.4799,ts-train,25.7527,ts-station,23.8543,ts-preserve,20.07,ts-food-map,13.6155,ts-route,13.0073,ts-user,5.28,ts-execute,1.75,ts-basic,1.316,ts-ticketinfo,1.038,ts-seat,0.4633,ts-assurance,0.3
76, -- ,ts-verification-code,172.47,ts-rebook,118.0075,ts-contacts,117.26,ts-admin-route,111.49,ts-admin-travel,89.255,ts-consign,88.92,ts-assurance,81.74,ts-train,64.0287,ts-user,63.0,ts-food-map,48.2125,ts-config,46.0,ts-ticket-office,45.29,ts-security,21.2275,ts-preserve,19.4,ts-inside-payment,17.9075,ts-order,12.345,ts-admin-basic-info,10.9837,ts-ticketinfo,4.0767,ts-delivery,2.2633,ts-station,1.785,ts-route,1.6165,ts-payment,0.79,ts-travel,0.66,ts-basic,0.534,ts-auth,0.2075
77, -- ,ts-contacts,151.83,ts-price,128.222,ts-preserve-other,120.5437,ts-user,77.8633,ts-cancel,77.46,ts-order,62.7214,ts-travel,57.1607,ts-ticket-office,47.28,ts-config,46.0,ts-admin-order,41.7976,ts-security,39.5667,ts-food-map,38.3815,ts-inside-payment,34.955,ts-auth,21.7026,ts-food,7.755,ts-delivery,6.6067,ts-rebook,5.2975,ts-admin-travel,3.125,ts-admin-basic-info,2.4037,ts-train,2.0836,ts-station,1.6487,ts-assurance,1.0467,ts-payment,1.04,ts-notification,0.36,ts-basic,0.198
78, -- ,ts-assurance,344.65,ts-price,151.7553,ts-auth,88.6609,ts-admin-user,54.0,ts-contacts,47.5,ts-config,46.0,ts-user,30.5867,ts-security,19.8933,ts-order,19.622,ts-inside-payment,16.4092,ts-travel,9.7267,ts-train,2.97,ts-preserve-other,2.3437,ts-seat,2.0267,ts-route,1.088,ts-cancel,0.79,ts-notification,0.775,ts-basic,0.758,ts-admin-route,0.49,ts-execute,0.2125
79, -- ,ts-price,291.7207,ts-inside-payment,51.6406,ts-config,46.0,ts-travel,25.121,ts-security,15.805,ts-admin-order,13.8906,ts-auth,7.7613,ts-payment,5.05,ts-food-map,1.8125,ts-preserve,0.63,ts-notification,0.3733
80, -- ,ts-price,151.9306,ts-config,59.8753,ts-security,31.28,ts-food,23.76,ts-travel,22.1014,ts-food-map,20.213,ts-train,11.3991,ts-admin-order,10.8333,ts-preserve-other,8.28,ts-route,7.0067,ts-verification-code,5.13,ts-contacts,5.13,ts-payment,4.185,ts-preserve,3.155,ts-ticketinfo,1.8517,ts-station,0.6933,ts-notification,0.3733
81, -- ,ts-travel,170.6655,ts-config,112.4077,ts-price,93.0127,ts-route,52.4571,ts-food-map,21.6195,ts-ticketinfo,18.1258,ts-preserve,18.12,ts-food,17.59,ts-security,16.7899,ts-train,8.5861,ts-station,7.4989,ts-notification,6.8433,ts-user,4.32,ts-payment,2.725,ts-contacts,1.77,ts-inside-payment,0.3375,ts-cancel,0.09
82, -- ,ts-assurance,1759.62,ts-price,115.903,ts-food,71.83,ts-config,46.0,ts-ticketinfo,32.2885,ts-food-map,15.254,ts-inside-payment,11.6108,ts-travel,10.129,ts-route,9.2183,ts-train,8.1323,ts-admin-order,6.324,ts-auth,4.83,ts-execute,3.815,ts-security,2.5,ts-payment,0.47
83, -- ,ts-assurance,1332.5633,ts-travel,131.5408,ts-config,63.4404,ts-food,52.5825,ts-price,41.1662,ts-security,30.3725,ts-seat,10.5455,ts-station,10.39,ts-payment,10.295,ts-route,9.7188,ts-inside-payment,6.9683,ts-contacts,6.42,ts-auth,6.1533,ts-train,4.0289,ts-delivery,2.25,ts-execute,1.4125,ts-ticketinfo,1.1494,ts-admin-basic-info,0.7212,ts-user,0.18
84, -- ,ts-travel,155.0696,ts-food-map,108.6305,ts-config,65.2184,ts-seat,62.35,ts-preserve,30.79,ts-delivery,21.865,ts-notification,21.3817,ts-user,18.21,ts-security,15.72,ts-route,5.9427,ts-inside-payment,5.505,ts-food,5.38,ts-train,5.1516,ts-admin-order,4.4375,ts-consign,3.69,ts-assurance,3.66,ts-preserve-other,2.0837,ts-contacts,2.01,ts-basic,1.986,ts-order,0.5833,ts-payment,0.515,ts-auth,0.4125
85, -- ,ts-food-map,129.09,ts-user,94.37,ts-config,51.5554,ts-route,40.018,ts-preserve,30.79,ts-security,13.07,ts-station,12.3381,ts-travel,11.8473,ts-auth,7.2567,ts-train,6.985,ts-notification,6.8433,ts-inside-payment,5.3125,ts-delivery,3.36,ts-ticketinfo,3.26,ts-seat,3.2533,ts-execute,3.16,ts-preserve-other,2.0837,ts-basic,1.428,ts-admin-order,0.3862
86, -- ,ts-route,157.7923,ts-config,75.7603,ts-security,58.9049,ts-food,58.4333,ts-food-map,50.596,ts-travel,40.2583,ts-user,27.88,ts-station,24.1687,ts-inside-payment,16.5875,ts-train,12.9605,ts-auth,11.6733,ts-execute,2.8325,ts-seat,0.51
87, -- ,ts-consign,736.32,ts-inside-payment,400.9608,ts-config,47.8373,ts-food-map,46.284,ts-train,46.2408,ts-route,32.92,ts-travel,25.057,ts-security,22.7766,ts-notification,21.0083,ts-auth,5.9933,ts-contacts,5.89,ts-user,5.58,ts-delivery,3.6533,ts-payment,3.41,ts-cancel,0.795,ts-admin-order,0.3862
88, -- ,ts-auth,553.96,ts-inside-payment,221.635,ts-consign,130.35,ts-train,74.0508,ts-price,51.6066,ts-config,46.445,ts-assurance,41.96,ts-security,24.8224,ts-contacts,11.13,ts-food-map,10.956,ts-route,6.5517,ts-travel,4.9717,ts-delivery,2.035,ts-ticketinfo,1.356,ts-seat,0.5933,ts-basic,0.422,ts-order,0.1167,ts-execute,0.1025
89, -- ,ts-contacts,60.38,ts-config,47.6251,ts-assurance,24.3367,ts-security,21.7,ts-travel,16.7937,ts-delivery,12.67,ts-route,11.574,ts-inside-payment,11.3358,ts-preserve,5.6753,ts-price,5.5003,ts-train,4.3983,ts-execute,1.63,ts-notification,1.3683,ts-food,0.595
90, -- ,ts-inside-payment,120.5471,ts-config,57.925,ts-security,39.852,ts-travel,31.4873,ts-contacts,28.21,ts-route,17.4521,ts-food,2.765,ts-admin-order,2.0325,ts-auth,1.2967,ts-execute,0.02
91, -- ,ts-consign,952.825,ts-contacts,117.77,ts-config,57.925,ts-food-map,37.16,ts-user,28.0583,ts-notification,23.139,ts-security,20.1214,ts-preserve,16.825,ts-payment,16.455,ts-food,15.0533,ts-travel,11.6347,ts-route,11.4993,ts-ticketinfo,11.4416,ts-admin-order,8.9802,ts-inside-payment,8.2025,ts-train,3.6226,ts-auth,3.0633,ts-station,1.2687,ts-execute,0.48
92, -- ,ts-consign,5072.77,ts-food-map,112.1305,ts-config,46.0,ts-food,26.695,ts-travel,16.9085,ts-security,15.015,ts-route,11.9653,ts-preserve,11.795,ts-payment,10.55,ts-admin-order,8.298,ts-contacts,3.63,ts-inside-payment,3.3437,ts-train,2.0633,ts-ticketinfo,1.8753,ts-delivery,0.915,ts-basic,0.534,ts-notification,0.3733,ts-execute,0.3
93, -- ,ts-preserve,101.185,ts-food-map,57.491,ts-config,46.0,ts-security,43.04,ts-contacts,16.62,ts-order,7.9776,ts-notification,6.8433,ts-payment,5.41,ts-consign,2.93,ts-inside-payment,2.3387,ts-basic,1.428,ts-verification-code,1.38,ts-user,0.72,ts-food,0.485,ts-station,0.302,ts-price,0.2675,ts-seat,0.1633
94, -- ,ts-preserve,82.0,ts-admin-order,68.8528,ts-config,46.0,ts-travel,40.224,ts-order,23.8,ts-security,21.1599,ts-train,3.0341,ts-price,2.0862,ts-route,2.0767,ts-payment,1.08,ts-notification,0.3733,ts-station,0.2267
95, -- ,ts-config,48.665,ts-notification,27.4917,ts-preserve,20.2,ts-food,6.89,ts-inside-payment,5.7867,ts-security,5.2916,ts-ticketinfo,4.688,ts-price,2.8924,ts-route,1.6738,ts-station,1.6511,ts-admin-order,1.2092,ts-travel,0.6855,ts-consign,0.42,ts-auth,0.1933,ts-train,0.07
96, -- ,ts-config,46.0,ts-notification,21.3817,ts-preserve,19.4,ts-inside-payment,14.6058,ts-security,12.7983,ts-train,12.0752,ts-food-map,9.7875,ts-food,6.7675,ts-route,5.9267,ts-order,4.905,ts-consign,0.825,ts-contacts,0.631,ts-user,0.1173
97, -- ,ts-config,48.665,ts-consign,42.74,ts-security,29.1975,ts-notification,27.8517,ts-inside-payment,15.53,ts-auth,14.872,ts-contacts,3.922,ts-route,3.8287,ts-order,2.383,ts-station,1.8467,ts-train,1.6002,ts-rebook,0.9712,ts-admin-basic-info,0.7212,ts-travel,0.445,ts-ticketinfo,0.2145
98, -- ,ts-security,107.5975,ts-config,53.0518,ts-user,25.35,ts-travel,25.2538,ts-delivery,20.4892,ts-train,18.4272,ts-price,10.9957,ts-assurance,8.74,ts-route,6.615,ts-contacts,4.46,ts-verification-code,1.62,ts-food-map,1.38,ts-ticketinfo,1.196,ts-order,1.1108,ts-rebook,0.9712,ts-admin-basic-info,0.7212,ts-station,0.68,ts-seat,0.5933,ts-notification,0.3733,ts-preserve,0.08
99, -- ,ts-user,85.11,ts-food,71.4467,ts-security,47.9684,ts-config,47.185,ts-food-map,38.947,ts-admin-user,27.0,ts-admin-order,14.672,ts-travel,12.7222,ts-assurance,11.6233,ts-route,8.1433,ts-payment,4.735,ts-price,4.274,ts-contacts,3.13,ts-train,0.91,ts-inside-payment,0.4867,ts-station,0.2267,ts-notification,0.17,ts-cancel,0.09,ts-order,0.045
100, -- ,ts-train,194.192,ts-cancel,119.29,ts-food-map,110.3035,ts-security,100.5441,ts-config,46.0,ts-notification,21.0083,ts-admin-order,15.6143,ts-order,12.4736,ts-route,8.3767,ts-contacts,3.13,ts-preserve,2.7,ts-seat,2.6767,ts-travel,2.2,ts-basic,1.316,ts-execute,0.83,ts-station,0.07
101, -- ,ts-inside-payment,54.2957,ts-route,48.645,ts-config,48.295,ts-security,43.1433,ts-food-map,38.8,ts-notification,21.3817,ts-preserve,19.275,ts-train,11.9073,ts-execute,1.86,ts-contacts,1.29,ts-assurance,0.69,ts-admin-order,0.2025,ts-user,0.1845,ts-travel,0.1591
102, -- ,ts-auth,85.1833,ts-contacts,60.29,ts-config,48.295,ts-security,47.865,ts-train,26.2979,ts-admin-order,12.8125,ts-cancel,10.65,ts-verification-code,5.85,ts-food-map,3.07,ts-food,2.785,ts-station,1.8025,ts-seat,1.18,ts-travel,0.2014,ts-execute,0.14
103, -- ,ts-food-map,145.0895,ts-train,129.2717,ts-payment,114.6051,ts-contacts,96.71,ts-auth,82.7533,ts-config,46.0,ts-security,28.15,ts-inside-payment,17.2,ts-food,4.69,ts-execute,3.9275,ts-delivery,3.61,ts-preserve,1.29,ts-station,0.6933,ts-notification,0.5433
104, -- ,ts-food-map,87.725,ts-security,54.6981,ts-config,46.0,ts-inside-payment,16.5575,ts-travel,10.582,ts-assurance,7.47,ts-admin-user,7.23,ts-payment,5.93,ts-execute,4.7975,ts-food,4.08,ts-user,3.8,ts-preserve,2.57,ts-route,2.377,ts-basic,1.986,ts-contacts,1.844,ts-seat,0.7233,ts-station,0.68,ts-auth,0.6367,ts-price,0.5625,ts-notification,0.3733
105, -- ,ts-config,69.0537,ts-preserve,23.15,ts-security,13.6248,ts-notification,12.1633,ts-contacts,11.306,ts-payment,3.695,ts-execute,2.1325,ts-travel,1.9777,ts-order,1.19,ts-station,0.6933,ts-seat,0.13
106, -- ,ts-config,211.4733,ts-travel,85.538,ts-security,64.6608,ts-contacts,39.93,ts-preserve,26.64,ts-train,25.4022,ts-consign,17.94,ts-station,8.1108,ts-route,6.121,ts-preserve-other,2.7,ts-payment,2.645,ts-cancel,0.6,ts-auth,0.4167,ts-inside-payment,0.41,ts-notification,0.3733,ts-price,0.24,ts-order,0.12
107, -- ,ts-config,46.0,ts-station,34.0822,ts-travel,30.9282,ts-inside-payment,20.695,ts-contacts,18.47,ts-security,13.7375,ts-admin-order,13.0982,ts-route,11.6593,ts-cancel,9.36,ts-food-map,8.1275,ts-food,3.88,ts-train,3.0825,ts-verification-code,3.06
108, -- ,ts-ticket-office,451.875,ts-assurance,432.0,ts-contacts,122.74,ts-inside-payment,75.6158,ts-config,53.8042,ts-payment,47.785,ts-security,45.8182,ts-route,41.4884,ts-user,20.0933,ts-admin-order,12.46,ts-train,6.4333,ts-execute,6.06,ts-food,3.49,ts-ticketinfo,3.4439,ts-order,1.4833,ts-price,0.8333,ts-station,0.5037,ts-notification,0.3733,ts-travel,0.025
109, -- ,ts-ticket-office,268.08,ts-contacts,143.1,ts-config,55.9666,ts-inside-payment,32.2775,ts-travel,31.466,ts-security,31.1514,ts-food,26.4833,ts-order,25.3343,ts-route,17.4333,ts-station,17.3372,ts-cancel,15.93,ts-user,13.3167,ts-train,10.3906,ts-notification,8.2833,ts-payment,7.7775,ts-food-map,3.306,ts-execute,2.3083,ts-preserve,0.83,ts-price,0.1083
110, -- ,ts-ticket-office,172.64,ts-config,101.7858,ts-contacts,55.32,ts-inside-payment,41.4492,ts-travel,27.3913,ts-food-map,26.8395,ts-admin-order,9.9576,ts-user,9.09,ts-security,8.3075,ts-food,4.575,ts-preserve,4.37,ts-station,3.5133,ts-payment,1.55,ts-ticketinfo,1.356,ts-order,1.1314,ts-preserve-other,1.11,ts-notification,0.3733
111, -- ,ts-preserve,96.39,ts-config,46.0,ts-route,28.1723,ts-admin-user,27.0,ts-security,20.7175,ts-payment,20.07,ts-order,15.87,ts-travel,9.1747,ts-train,7.0733,ts-contacts,5.84,ts-price,5.798,ts-admin-order,3.6572,ts-food,2.365,ts-station,0.9075,ts-rebook,0.51,ts-notification,0.04
112, -- ,ts-order,112.8171,ts-preserve,67.12,ts-price,51.804,ts-config,46.0,ts-food,44.42,ts-security,43.2173,ts-travel,23.2622,ts-station,21.9161,ts-contacts,15.54,ts-admin-order,14.3487,ts-consign,9.33,ts-notification,6.8433,ts-route,5.0723,ts-user,3.665,ts-seat,1.8967,ts-train,1.3297,ts-basic,1.316,ts-execute,0.8675,ts-ticketinfo,0.7707,ts-payment,0.08
113, -- ,ts-food,226.03,ts-auth,47.4333,ts-security,46.2531,ts-config,46.0,ts-travel,24.0525,ts-contacts,18.87,ts-price,18.1236,ts-route,17.3706,ts-food-map,14.906,ts-admin-order,14.086,ts-order,11.6871,ts-delivery,10.7,ts-station,7.8087,ts-payment,2.66,ts-train,2.005,ts-ticketinfo,1.841,ts-execute,0.41,ts-notification,0.3733
114, -- ,ts-food,265.8972,ts-config,46.0,ts-auth,45.2267,ts-travel,42.69,ts-security,31.595,ts-route,21.6956,ts-price,17.7284,ts-contacts,14.613,ts-seat,8.84,ts-payment,3.46,ts-execute,1.5225,ts-order,0.58,ts-notification,0.3733
115, -- ,ts-payment,136.06,ts-food-map,46.487,ts-security,46.225,ts-config,46.0,ts-food,39.98,ts-preserve,21.68,ts-contacts,19.18,ts-inside-payment,13.7425,ts-user,13.11,ts-order,10.245,ts-travel,8.192,ts-notification,6.8433,ts-admin-order,4.6997,ts-route,4.5447,ts-price,4.12,ts-assurance,1.68,ts-auth,0.839
116, -- ,ts-security,122.8394,ts-payment,52.135,ts-food,48.8567,ts-config,46.0,ts-order,33.1693,ts-preserve,21.01,ts-admin-order,20.8233,ts-inside-payment,13.325,ts-food-map,13.31,ts-seat,8.84,ts-train,6.1152,ts-notification,4.7483,ts-contacts,2.144,ts-travel,1.44,ts-route,1.3867,ts-preserve-other,1.08,ts-basic,0.646
117, -- ,ts-admin-order,1158.0,ts-security,56.9092,ts-config,46.0,ts-food-map,12.59,ts-route,4.709,ts-ticketinfo,4.372,ts-basic,3.662,ts-food,3.11,ts-station,2.4375,ts-seat,1.8967,ts-contacts,0.84,ts-order,0.45,ts-notification,0.3733,ts-verification-code,0.27
118, -- ,ts-config,46.0,ts-security,22.71,ts-train,19.5694,ts-food-map,11.918,ts-payment,11.1563,ts-delivery,10.7,ts-travel,10.0179,ts-user,4.2533,ts-contacts,4.08,ts-execute,3.83,ts-ticketinfo,3.42,ts-station,3.3618,ts-food,3.1283,ts-news,2.89,ts-route,2.3862,ts-admin-order,0.21,ts-order,0.1371
119, -- ,ts-price,91.35,ts-food,47.281,ts-config,46.0,ts-admin-order,19.5009,ts-consign,17.76,ts-security,14.7981,ts-verification-code,6.51,ts-food-map,4.13,ts-execute,3.16,ts-notification,2.7233,ts-contacts,2.55,ts-travel,2.3376,ts-ticketinfo,2.308,ts-route,1.1367,ts-delivery,0.985,ts-train,0.2,ts-rebook,0.15
120, -- ,ts-auth,50.3052,ts-config,46.0,ts-route,34.1023,ts-security,30.3442,ts-preserve,28.2,ts-admin-user,24.36,ts-food-map,22.649,ts-admin-order,13.312,ts-travel,10.338,ts-ticket-office,9.96,ts-food,8.73,ts-user,6.015,ts-payment,5.9533,ts-train,3.8234,ts-execute,3.3775,ts-contacts,3.09,ts-ticketinfo,2.664,ts-delivery,2.285,ts-notification,0.3733,ts-inside-payment,0.3
121, -- ,ts-train,161.9956,ts-auth,103.5005,ts-config,54.0008,ts-security,48.5014,ts-route,32.6179,ts-ticket-office,10.53,ts-user,8.3227,ts-seat,4.8919,ts-inside-payment,4.2675,ts-travel,3.812,ts-execute,2.3983,ts-admin-order,1.6812,ts-basic,1.652,ts-station,1.5783,ts-food,0.55,ts-ticketinfo,0.086
122, -- ,ts-station,290.7396,ts-train,189.3607,ts-security,104.5305,ts-travel,48.9853,ts-config,46.6043,ts-food-map,28.1155,ts-route,23.9383,ts-basic,5.562,ts-user,4.6627,ts-execute,1.67,ts-payment,0.91,ts-delivery,0.84,ts-order,0.8183,ts-seat,0.2729,ts-food,0.15
123, -- ,ts-station,1266.9084,ts-config,46.0,ts-cancel,36.15,ts-security,19.0099,ts-train,15.5178,ts-travel,13.0367,ts-route,6.92,ts-ticketinfo,3.7432,ts-notification,2.3833,ts-basic,1.428,ts-seat,1.245,ts-admin-travel,0.26
124, -- ,ts-station,1877.5256,ts-security,81.7971,ts-auth,57.59,ts-config,46.495,ts-travel,42.033,ts-admin-user,36.75,ts-food-map,13.108,ts-train,10.4218,ts-ticketinfo,5.324,ts-route,2.777,ts-inside-payment,1.8425,ts-basic,1.428,ts-execute,1.3025
125, -- ,ts-station,1196.08,ts-cancel,256.7683,ts-auth,87.7385,ts-config,46.0,ts-preserve,32.8,ts-route,31.995,ts-notification,19.8171,ts-security,12.375,ts-travel,11.8912,ts-train,10.1462,ts-consign,8.9743,ts-user,2.64,ts-contacts,2.49,ts-food-map,1.6743,ts-payment,1.31,ts-ticket-office,0.24
126, -- ,ts-travel,3996.9634,ts-admin-user,2222.07,ts-station,1131.0677,ts-assurance,1096.8548,ts-payment,768.23,ts-train,740.6718,ts-verification-code,668.595,ts-admin-travel,483.2075,ts-admin-order,414.3,ts-route,387.2833,ts-cancel,343.23,ts-rebook,270.855,ts-admin-basic-info,263.9887,ts-notification,239.3543,ts-ticket-office,197.3807,ts-execute,191.5275,ts-food-map,132.4658,ts-avatar,130.5,ts-user,112.98,ts-basic,103.7,ts-price,79.775,ts-consign,78.2543,ts-ui,51.55,ts-config,49.6867,ts-order,41.4383,ts-preserve,30.92,ts-security,26.9325,ts-contacts,24.885,ts-ticketinfo,2.466,ts-admin-route,0.01
127, -- ,ts-auth,3241.0524,ts-payment,2959.385,ts-train,1967.6954,ts-voucher,1699.99,ts-travel,1291.6635,ts-route,1210.43,ts-station,922.4087,ts-execute,837.5508,ts-ticket-office,610.0093,ts-notification,540.7698,ts-seat,498.3483,ts-rebook,473.7375,ts-admin-basic-info,459.3712,ts-assurance,365.7171,ts-user,259.547,ts-admin-travel,256.0925,ts-verification-code,115.62,ts-admin-user,111.75,ts-config,92.3136,ts-basic,60.198,ts-consign,55.4543,ts-ui,51.55,ts-contacts,34.69,ts-avatar,30.495,ts-security,26.5025,ts-food,26.4,ts-order,15.7158,ts-food-map,15.11,ts-price,10.9783,ts-delivery,8.57,ts-inside-payment,7.4708,ts-admin-order,6.7051,ts-ticketinfo,5.006,ts-admin-route,0.01
128, -- ,ts-payment,6642.27,ts-travel,3005.5536,ts-route,2385.0009,ts-auth,2121.7352,ts-train,1074.9349,ts-execute,873.0733,ts-station,619.0326,ts-config,219.4205,ts-admin-travel,154.6312,ts-seat,54.11,ts-contacts,35.87,ts-admin-order,30.3142,ts-notification,26.7333,ts-rebook,25.01,ts-admin-basic-info,20.9137,ts-security,19.3356,ts-order,19.0161,ts-consign,14.0552,ts-user,11.13,ts-basic,10.4475,ts-ticketinfo,8.18,ts-verification-code,8.135,ts-assurance,6.4967,ts-delivery,6.1,ts-food-map,5.03,ts-ui,2.1717,ts-inside-payment,0.2383,ts-food,0.13
129, -- ,ts-payment,3368.6016,ts-route,2087.4398,ts-travel,1971.7469,ts-config,1458.4755,ts-auth,1056.0707,ts-station,772.7087,ts-train,772.3989,ts-consign,715.6,ts-execute,628.275,ts-basic,270.307,ts-rebook,267.175,ts-verification-code,199.715,ts-admin-basic-info,177.8387,ts-user,119.66,ts-assurance,105.6233,ts-security,97.6743,ts-seat,68.3017,ts-price,53.196,ts-food-map,24.2715,ts-admin-order,16.962,ts-food,13.665,ts-notification,6.8433,ts-preserve,5.9925,ts-contacts,5.695,ts-admin-travel,4.6875,ts-order,1.9825
130, -- ,ts-payment,1857.8183,ts-travel,1822.222,ts-config,1064.1518,ts-basic,845.2045,ts-order,662.475,ts-train,644.2592,ts-station,531.107,ts-execute,468.375,ts-route,429.3683,ts-consign,76.78,ts-auth,50.83,ts-security,40.595,ts-admin-order,20.4094,ts-admin-basic-info,14.1825,ts-notification,13.2933,ts-rebook,9.865,ts-price,5.905,ts-verification-code,5.435,ts-assurance,3.61,ts-food-map,2.9,ts-contacts,2.24,ts-user,1.5,ts-preserve,0.36,ts-admin-travel,0.26
131, -- ,ts-order,3065.5783,ts-travel,1699.2284,ts-payment,1471.3283,ts-station,1019.7406,ts-basic,969.6678,ts-preserve,959.26,ts-auth,727.3147,ts-config,595.6756,ts-train,590.1393,ts-security,512.8131,ts-execute,471.28,ts-voucher,326.22,ts-route,280.5423,ts-admin-order,194.2115,ts-contacts,147.445,ts-inside-payment,94.0475,ts-consign,91.5,ts-ticketinfo,87.819,ts-rebook,80.505,ts-ui,57.0,ts-admin-route,54.6837,ts-food-map,49.0365,ts-preserve-other,42.3262,ts-notification,19.3733,ts-price,7.355,ts-food,4.7833,ts-seat,3.4583,ts-delivery,2.09,ts-admin-basic-info,1.4425,ts-user,0.6475
132, -- ,ts-order,5021.3501,ts-payment,1554.7766,ts-preserve,900.01,ts-auth,728.53,ts-station,691.9765,ts-train,626.0006,ts-config,625.9326,ts-execute,466.4125,ts-route,266.2187,ts-basic,171.8648,ts-security,141.57,ts-ui,60.64,ts-admin-order,39.5086,ts-notification,36.3817,ts-travel,9.8912,ts-admin-route,7.2212,ts-preserve-other,6.7712,ts-ticketinfo,6.594,ts-price,6.0867,ts-inside-payment,5.89,ts-seat,5.5417,ts-contacts,2.68,ts-delivery,2.09
133, -- ,ts-order,3077.8302,ts-payment,1413.8933,ts-auth,1275.83,ts-station,737.708,ts-config,687.2236,ts-train,561.1681,ts-execute,405.18,ts-route,336.2588,ts-admin-order,276.4627,ts-basic,163.8002,ts-security,79.0025,ts-preserve,65.805,ts-ui,60.64,ts-travel,32.1833,ts-ticketinfo,31.86,ts-seat,11.6617,ts-notification,7.0
134, -- ,ts-payment,2159.935,ts-auth,1275.83,ts-config,1041.5191,ts-station,866.478,ts-order,787.5999,ts-execute,587.0108,ts-train,406.7327,ts-route,151.2493,ts-admin-order,77.6871,ts-travel,71.5308,ts-basic,31.9662,ts-security,13.8975,ts-notification,11.5433,ts-preserve,8.54,ts-rebook,2.8937,ts-admin-travel,1.5625
135, -- ,ts-station,1019.8282,ts-config,918.4353,ts-payment,826.12,ts-execute,209.0317,ts-order,68.6998,ts-travel,50.5304,ts-train,35.8094,ts-route,17.7533,ts-ticketinfo,7.228,ts-security,4.0425,ts-admin-order,3.3069,ts-auth,2.9345,ts-rebook,1.9325,ts-admin-travel,1.5625,ts-basic,0.0275
136, -- ,ts-config,938.8486,ts-station,614.7403,ts-payment,280.25,ts-order,134.0626,ts-travel,88.17,ts-train,52.8808,ts-route,26.2639,ts-execute,25.68,ts-consign,14.2,ts-security,5.74,ts-notification,2.3833,ts-inside-payment,2.242,ts-admin-travel,1.0412
137, -- ,ts-travel,2095.7946,ts-config,958.153,ts-station,896.2702,ts-security,254.195,ts-voucher,194.3,ts-consign,142.68,ts-admin-order,132.0,ts-order,93.3115,ts-notification,72.9083,ts-basic,44.3265,ts-admin-user,32.67,ts-payment,32.08,ts-train,28.9316,ts-contacts,21.6,ts-cancel,18.12,ts-execute,15.65,ts-route,12.9905,ts-delivery,6.085,ts-seat,2.8067,ts-price,2.4633
138, -- ,ts-travel,2359.4759,ts-station,764.0637,ts-config,704.1323,ts-inside-payment,140.535,ts-basic,132.0,ts-order,96.8583,ts-consign,55.92,ts-route,28.9962,ts-contacts,23.04,ts-payment,18.63,ts-security,18.4875,ts-train,15.2579,ts-notification,10.8733,ts-seat,2.6767,ts-price,1.3767,ts-admin-travel,1.0412,ts-food,0.61,ts-delivery,0.525
139, -- ,ts-travel,23847.0937,ts-inside-payment,4147.5941,ts-preserve,1491.0,ts-station,1045.5735,ts-auth,498.29,ts-order,436.6605,ts-config,419.1665,ts-basic,133.54,ts-admin-route,72.4137,ts-route,52.0567,ts-preserve-other,51.635,ts-train,31.2223,ts-security,15.0486,ts-delivery,6.7514,ts-payment,4.39,ts-contacts,3.82,ts-notification,0.5433
140, -- ,ts-travel,20385.1694,ts-inside-payment,4694.7491,ts-preserve,1491.0,ts-station,692.7121,ts-auth,499.8367,ts-config,134.7975,ts-notification,65.57,ts-train,51.5874,ts-order,50.8701,ts-payment,13.57,ts-execute,9.4917,ts-admin-route,9.1437,ts-verification-code,7.035,ts-route,3.9089,ts-basic,3.662,ts-contacts,3.57,ts-security,3.1675,ts-seat,1.4033,ts-admin-basic-info,0.24
141, -- ,ts-inside-payment,2379.3974,ts-travel,2176.5157,ts-station,761.5024,ts-preserve,134.16,ts-config,108.6827,ts-order,77.9551,ts-payment,47.255,ts-train,10.0174,ts-admin-order,9.7396,ts-food-map,6.351,ts-execute,2.49,ts-preserve-other,2.3437,ts-ticketinfo,2.15,ts-route,0.8214,ts-notification,0.5433,ts-security,0.075,ts-verification-code,0.04
142, -- ,ts-inside-payment,1501.9641,ts-travel,943.7857,ts-station,674.0824,ts-ticketinfo,135.815,ts-config,75.4731,ts-order,29.534,ts-security,27.3691,ts-execute,13.62,ts-payment,8.09,ts-train,6.2209,ts-food-map,3.19,ts-notification,0.36
143, -- ,ts-travel,5441.7224,ts-preserve,891.285,ts-ticketinfo,850.2559,ts-station,819.739,ts-auth,633.6109,ts-inside-payment,628.1666,ts-assurance,236.295,ts-order,156.0855,ts-admin-route,54.5275,ts-preserve-other,53.6187,ts-config,53.4667,ts-voucher,49.78,ts-consign,17.28,ts-contacts,9.37,ts-delivery,6.6067,ts-train,5.7465,ts-admin-user,5.02,ts-payment,4.39,ts-security,2.095,ts-execute,1.9,ts-notification,1.0262,ts-price,0.8587,ts-food,0.69,ts-admin-order,0.59,ts-route,0.025
144, -- ,ts-ticketinfo,1570.5154,ts-station,1169.8518,ts-preserve,891.9,ts-auth,617.33,ts-travel,539.6693,ts-inside-payment,319.1266,ts-assurance,236.295,ts-payment,92.3933,ts-config,62.4735,ts-voucher,59.02,ts-order,36.1908,ts-price,13.956,ts-route,11.875,ts-train,5.7465,ts-preserve-other,5.4687,ts-admin-route,5.2975,ts-admin-user,4.625,ts-news,1.167,ts-seat,0.7233,ts-notification,0.6,ts-contacts,0.45,ts-delivery,0.35
145, -- ,ts-travel,3660.8699,ts-station,1533.6009,ts-ticketinfo,1460.6777,ts-inside-payment,555.3916,ts-price,143.2567,ts-consign,138.48,ts-notification,108.58,ts-route,72.695,ts-config,68.6359,ts-voucher,59.7,ts-admin-user,45.36,ts-order,32.9548,ts-cancel,25.02,ts-delivery,16.22,ts-train,14.5798,ts-security,10.82,ts-seat,10.145,ts-payment,4.39,ts-admin-order,2.1386,ts-basic,1.652,ts-auth,1.2967,ts-news,1.167,ts-verification-code,0.48
146, -- ,ts-travel,3490.1019,ts-station,1061.8109,ts-inside-payment,707.8941,ts-ticketinfo,403.476,ts-config,52.1867,ts-notification,34.8733,ts-order,18.5431,ts-auth,15.8667,ts-train,15.6898,ts-seat,8.6667,ts-price,8.4249,ts-admin-order,6.0036,ts-payment,4.39,ts-delivery,1.5,ts-route,0.9567
147, -- ,ts-station,1094.1865,ts-inside-payment,519.2566,ts-ticketinfo,198.4833,ts-travel,72.9136,ts-config,61.6017,ts-route,36.2578,ts-train,18.5093,ts-order,18.019,ts-auth,11.8933,ts-payment,4.39,ts-notification,0.8733,ts-admin-order,0.51,ts-security,0.075
148, -- ,ts-station,981.1221,ts-inside-payment,551.5191,ts-config,390.3919,ts-travel,242.7669,ts-route,241.3058,ts-ticketinfo,109.1382,ts-train,85.4145,ts-seat,31.5671,ts-order,16.3987,ts-payment,11.6083,ts-food,8.18,ts-preserve,7.845,ts-execute,7.7625,ts-delivery,6.6067,ts-food-map,2.436,ts-admin-order,1.94,ts-auth,1.2967,ts-admin-travel,1.0412,ts-rebook,0.9712,ts-notification,0.36,ts-admin-basic-info,0.24
149, -- ,ts-contacts,3699.215,ts-preserve,1572.94,ts-station,1060.7301,ts-inside-payment,896.7941,ts-travel,737.2004,ts-admin-route,706.2825,ts-security,644.3444,ts-auth,614.24,ts-ticketinfo,509.2938,ts-payment,234.755,ts-route,219.521,ts-preserve-other,112.595,ts-consign,82.29,ts-config,78.0927,ts-order,67.2412,ts-cancel,33.18,ts-train,27.9714,ts-seat,26.2169,ts-execute,21.185,ts-food,13.19,ts-price,13.125,ts-food-map,5.945,ts-admin-user,5.43,ts-basic,3.998,ts-delivery,3.0943,ts-user,2.55,ts-admin-basic-info,1.6825,ts-admin-travel,1.0412,ts-rebook,0.9712
150, -- ,ts-contacts,7184.3925,ts-security,5513.999,ts-preserve,1496.32,ts-station,730.829,ts-auth,612.5,ts-inside-payment,309.9716,ts-ticketinfo,200.8752,ts-order,158.4933,ts-route,136.8145,ts-travel,113.0759,ts-config,63.0969,ts-admin-route,32.5925,ts-train,27.1852,ts-payment,23.67,ts-preserve-other,20.8337,ts-execute,20.1458,ts-admin-travel,16.4912,ts-basic,11.148,ts-food-map,10.643,ts-seat,2.2669,ts-admin-basic-info,0.24
151, -- ,ts-contacts,4765.3825,ts-security,4724.6831,ts-order,4277.7323,ts-station,1049.5706,ts-route,111.3954,ts-ticketinfo,71.5224,ts-travel,59.6556,ts-config,52.8576,ts-preserve,29.18,ts-inside-payment,23.8916,ts-admin-route,11.0675,ts-basic,7.684,ts-train,5.7675,ts-payment,4.39,ts-execute,3.4,ts-admin-travel,0.7812,ts-notification,0.5433
152, -- ,ts-order,4792.088,ts-contacts,3626.065,ts-station,1031.698,ts-security,857.1831,ts-travel,125.3962,ts-route,103.3281,ts-inside-payment,102.7055,ts-config,67.4903,ts-ticketinfo,41.5543,ts-admin-order,28.094,ts-train,26.9365,ts-auth,10.553,ts-basic,9.36,ts-payment,4.39,ts-preserve-other,0.7812,ts-seat,0.7233,ts-notification,0.3733
153, -- ,ts-contacts,3556.53,ts-order,2908.169,ts-station,1346.423,ts-security,945.965,ts-admin-order,80.9855,ts-inside-payment,73.2216,ts-config,63.0547,ts-travel,55.7506,ts-train,32.8827,ts-ui,24.27,ts-basic,16.736,ts-route,13.5233,ts-ticketinfo,11.1367,ts-payment,4.39,ts-seat,0.4386,ts-notification,0.3733
154, -- ,ts-contacts,3823.9,ts-order,2887.2571,ts-security,1335.6882,ts-station,1088.9473,ts-travel,183.7525,ts-inside-payment,55.9166,ts-config,52.4952,ts-admin-order,30.2425,ts-ui,24.27,ts-basic,11.036,ts-train,5.7465,ts-payment,4.39,ts-route,3.315,ts-ticketinfo,2.8314,ts-auth,1.74
155, -- ,ts-order,2763.4986,ts-contacts,2595.529,ts-travel,1324.9482,ts-station,1131.5119,ts-inside-payment,618.6266,ts-security,133.4025,ts-config,58.6217,ts-notification,9.5433,ts-train,5.7465,ts-payment,4.39,ts-seat,3.5912,ts-ticketinfo,1.356
156, -- ,ts-contacts,4497.6325,ts-travel,1672.8053,ts-order,1222.8401,ts-station,1106.2352,ts-inside-payment,754.3766,ts-config,52.6317,ts-security,7.13,ts-train,5.7465,ts-payment,4.39,ts-route,0.4333,ts-ticketinfo,0.3014,ts-auth,0.1933
157, -- ,ts-contacts,3772.529,ts-travel,1497.8024,ts-station,1242.2177,ts-order,589.8155,ts-inside-payment,470.3041,ts-security,98.5725,ts-config,75.1902,ts-voucher,38.72,ts-ticketinfo,9.8044,ts-notification,9.3733,ts-train,7.6365,ts-payment,4.39,ts-route,4.3867,ts-auth,3.9467,ts-seat,1.4183
158, -- ,ts-contacts,2071.6206,ts-station,1218.7313,ts-travel,1023.3616,ts-inside-payment,482.1266,ts-order,435.8348,ts-route,279.4322,ts-security,261.2431,ts-ticketinfo,127.4471,ts-config,111.6298,ts-seat,62.4367,ts-payment,19.27,ts-train,16.451,ts-basic,5.8271,ts-auth,5.05,ts-food,4.8045,ts-admin-order,0.7567,ts-notification,0.3733
159, -- ,ts-station,1165.4996,ts-payment,790.5458,ts-route,433.0183,ts-ticketinfo,292.3346,ts-contacts,209.15,ts-travel,179.8618,ts-basic,129.0075,ts-config,126.3931,ts-security,124.11,ts-order,117.2183,ts-inside-payment,109.4916,ts-seat,35.131,ts-user,13.06,ts-cancel,12.75,ts-train,5.7465,ts-execute,3.9225,ts-notification,0.3733
160, -- ,ts-station,1202.028,ts-payment,646.61,ts-config,368.5073,ts-route,290.6191,ts-ticketinfo,175.9117,ts-basic,142.1359,ts-travel,132.2131,ts-order,91.9587,ts-seat,58.1092,ts-inside-payment,51.9616,ts-user,46.6283,ts-auth,43.6526,ts-contacts,42.8575,ts-notification,17.1883,ts-security,10.565,ts-train,7.2926,ts-verification-code,5.755,ts-food-map,5.44,ts-rebook,2.8937,ts-preserve,1.772,ts-admin-order,0.2067,ts-cancel,0.09
161, -- ,ts-station,1211.2922,ts-route,232.7533,ts-basic,205.8939,ts-payment,185.325,ts-ticketinfo,111.002,ts-admin-basic-info,108.8025,ts-order,83.4208,ts-config,65.5917,ts-travel,34.82,ts-execute,28.8233,ts-inside-payment,20.2016,ts-admin-travel,14.3225,ts-train,9.0231,ts-contacts,6.25,ts-ui,6.09,ts-verification-code,3.85,ts-notification,3.0,ts-auth,2.4321,ts-assurance,2.2233,ts-rebook,2.1725,ts-security,0.07,ts-consign,0.0667
162, -- ,ts-station,1325.2111,ts-notification,103.1483,ts-contacts,88.01,ts-order,80.7458,ts-config,52.1867,ts-payment,50.465,ts-basic,37.7604,ts-travel,33.9017,ts-seat,26.4693,ts-delivery,19.19,ts-admin-basic-info,14.1825,ts-admin-travel,13.2812,ts-train,10.9698,ts-rebook,7.9425,ts-inside-payment,7.7566,ts-ui,6.09,ts-route,4.3383,ts-ticketinfo,3.7901,ts-assurance,3.0767,ts-food-map,1.92,ts-auth,1.74,ts-user,0.9864
163, -- ,ts-station,1322.2786,ts-contacts,122.305,ts-config,52.6295,ts-train,43.3949,ts-travel,30.6631,ts-order,18.2383,ts-notification,17.7183,ts-ui,15.18,ts-seat,13.5079,ts-route,10.4653,ts-inside-payment,7.7566,ts-payment,4.39,ts-user,0.92,ts-basic,0.3686
164, -- ,ts-station,1090.5422,ts-order,211.5069,ts-contacts,165.035,ts-route,109.33,ts-ui,97.0,ts-config,52.1867,ts-travel,32.4307,ts-train,17.2331,ts-consign,15.36,ts-inside-payment,7.7566,ts-admin-order,6.6242,ts-payment,4.39,ts-ticketinfo,3.0625,ts-security,1.855,ts-notification,0.3733,ts-seat,0.0229
165, -- ,ts-station,1215.5075,ts-order,309.2019,ts-contacts,158.645,ts-food,112.08,ts-ui,97.0,ts-config,52.7367,ts-seat,45.7613,ts-notification,21.3817,ts-inside-payment,15.8766,ts-travel,9.06,ts-security,7.0475,ts-train,5.7465,ts-payment,4.39,ts-admin-basic-info,2.6437,ts-auth,1.77,ts-ticketinfo,1.196,ts-route,0.9525,ts-admin-order,0.51
166, -- ,ts-station,1090.9039,ts-contacts,867.855,ts-config,52.1867,ts-travel,25.6413,ts-voucher,14.18,ts-order,13.2794,ts-inside-payment,10.0966,ts-security,6.5825,ts-train,5.9537,ts-payment,4.39,ts-admin-order,0.66,ts-admin-user,0.06
167, -- ,ts-station,1244.8471,ts-order,58.9051,ts-config,52.1867,ts-auth,38.3692,ts-travel,22.3786,ts-security,8.6474,ts-inside-payment,7.7566,ts-contacts,6.25,ts-train,5.7465,ts-payment,4.39,ts-admin-basic-info,3.6062,ts-admin-travel,2.0837,ts-ticketinfo,0.9561,ts-notification,0.3733
168, -- ,ts-station,1116.6521,ts-config,52.1867,ts-admin-user,45.0,ts-train,15.0764,ts-inside-payment,13.5816,ts-travel,9.9717,ts-notification,8.6833,ts-order,7.5433,ts-contacts,6.415,ts-payment,4.39,ts-security,2.325,ts-seat,1.0367
169, -- ,ts-station,1279.7321,ts-contacts,300.47,ts-user,264.0,ts-food-map,117.495,ts-travel,98.9047,ts-inside-payment,74.5266,ts-order,63.5983,ts-config,52.1867,ts-notification,21.0083,ts-train,12.7676,ts-basic,8.132,ts-payment,6.42,ts-admin-travel,5.7287,ts-ticketinfo,3.125,ts-admin-basic-info,2.4037,ts-auth,1.2967,ts-security,0.24,ts-verification-code,0.04,ts-rebook,0.01
170, -- ,ts-station,1193.4331,ts-notification,244.2883,ts-food-map,117.495,ts-security,54.5983,ts-config,52.1867,ts-travel,46.0376,ts-inside-payment,40.8474,ts-order,33.4555,ts-basic,27.008,ts-contacts,24.5925,ts-preserve-other,15.625,ts-train,14.8844,ts-admin-travel,6.7712,ts-rebook,5.7787,ts-route,4.75,ts-payment,4.39,ts-admin-basic-info,4.3275,ts-admin-route,2.8937,ts-verification-code,1.945,ts-auth,0.6367,ts-user,0.45,ts-assurance,0.0867
171, -- ,ts-station,1285.8262,ts-config,52.1867,ts-inside-payment,48.6716,ts-route,45.095,ts-travel,34.2789,ts-notification,17.1883,ts-preserve-other,15.625,ts-train,11.6606,ts-contacts,9.33,ts-auth,7.2567,ts-order,6.3033,ts-admin-route,5.7787,ts-payment,4.39,ts-rebook,3.8562,ts-ticketinfo,1.33,ts-seat,0.7233,ts-admin-order,0.1275
172, -- ,ts-station,1136.9189,ts-contacts,659.8625,ts-config,52.1867,ts-travel,26.9533,ts-train,15.8309,ts-ticketinfo,9.1925,ts-inside-payment,7.7566,ts-route,6.9667,ts-notification,6.8433,ts-order,6.3033,ts-payment,4.39,ts-seat,2.8533,ts-auth,0.7967
173, -- ,ts-station,1345.5562,ts-price,137.1123,ts-config,52.1867,ts-train,16.4309,ts-ticketinfo,11.6585,ts-travel,9.275,ts-route,7.9533,ts-inside-payment,7.7566,ts-seat,7.493,ts-order,6.3033,ts-contacts,6.25,ts-payment,4.39,ts-security,0.555,ts-notification,0.3733
174, -- ,ts-station,1339.4563,ts-travel,110.2306,ts-order,97.039,ts-contacts,93.61,ts-price,84.1667,ts-inside-payment,61.5466,ts-config,56.4217,ts-train,22.1331,ts-ticketinfo,9.61,ts-basic,5.898,ts-execute,5.15,ts-payment,4.39,ts-auth,3.5067,ts-seat,3.3283,ts-security,2.61,ts-ui,0.53,ts-notification,0.3733
175, -- ,ts-travel,3889.5907,ts-inside-payment,3552.0174,ts-station,1837.7639,ts-order,1656.2815,ts-contacts,1613.92,ts-train,1084.1779,ts-config,446.0152,ts-execute,378.065,ts-admin-user,19.43,ts-ticketinfo,9.71,ts-basic,5.226,ts-admin-order,4.732,ts-payment,4.47,ts-seat,3.1983,ts-auth,1.1305,ts-route,0.9525
176, -- ,ts-inside-payment,2674.2591,ts-travel,2558.2241,ts-order,1606.791,ts-station,1550.6654,ts-contacts,1251.29,ts-train,1043.3764,ts-food,959.44,ts-preserve,408.065,ts-config,389.8924,ts-execute,256.25,ts-notification,240.205,ts-route,190.7283,ts-seat,153.38,ts-admin-order,144.1185,ts-auth,112.5,ts-delivery,101.5429,ts-security,59.0025,ts-avatar,30.495,ts-payment,6.17,ts-ui,3.8933,ts-admin-route,0.9712
177, -- ,ts-travel,13475.4112,ts-assurance,5204.9,ts-inside-payment,2915.9441,ts-seat,2261.9378,ts-train,1868.9043,ts-auth,1681.8367,ts-station,1650.8152,ts-contacts,1404.33,ts-food,1380.3083,ts-security,1362.8128,ts-order,1334.6833,ts-verification-code,1188.15,ts-notification,1174.779,ts-route,912.4311,ts-preserve,739.9567,ts-delivery,604.5221,ts-config,468.9266,ts-admin-user,344.46,ts-consign,320.0243,ts-rebook,225.2087,ts-execute,219.55,ts-preserve-other,193.875,ts-admin-travel,179.6325,ts-user,95.9875,ts-admin-basic-info,86.3837,ts-cancel,83.88,ts-payment,70.825,ts-ticketinfo,67.295,ts-admin-route,67.0125,ts-basic,57.0,ts-admin-order,40.1505,ts-news,38.25,ts-avatar,30.495,ts-price,27.1017,ts-ticket-office,12.6514,ts-voucher,7.24,ts-food-map,4.55
178, -- ,ts-travel,12110.1068,ts-preserve,7948.7292,ts-assurance,5108.7591,ts-seat,2365.6152,ts-food,2117.1149,ts-auth,1805.3537,ts-station,1406.2286,ts-security,1376.8,ts-route,1361.7997,ts-inside-payment,969.4191,ts-train,946.7045,ts-order,827.6068,ts-delivery,523.1949,ts-config,160.3625,ts-contacts,82.805,ts-execute,55.79,ts-notification,53.8733,ts-price,26.015,ts-admin-travel,14.0625,ts-rebook,12.2687,ts-preserve-other,9.375,ts-payment,9.195,ts-admin-basic-info,8.4137,ts-consign,8.12,ts-admin-route,7.9425,ts-admin-order,6.608,ts-admin-user,3.365,ts-ui,2.6249,ts-verification-code,2.58,ts-user,2.54,ts-food-map,2.33,ts-ticketinfo,1.514,ts-cancel,0.54
179, -- ,ts-basic,9859.4215,ts-order,3181.8088,ts-assurance,2587.7691,ts-preserve,2397.3867,ts-security,2307.9525,ts-travel,2168.0538,ts-station,1564.0624,ts-food,1331.1649,ts-seat,1166.8719,ts-route,986.3325,ts-train,727.7746,ts-auth,635.7573,ts-config,559.172,ts-inside-payment,410.5666,ts-contacts,351.246,ts-delivery,245.8699,ts-preserve-other,124.3787,ts-admin-route,61.2237,ts-admin-user,45.72,ts-consign,37.2,ts-execute,31.6675,ts-ticketinfo,16.594,ts-payment,4.39,ts-notification,0.3733
180, -- ,ts-basic,10147.6931,ts-preserve,5203.3567,ts-order,2639.0474,ts-travel,1888.822,ts-assurance,1790.9458,ts-food,1570.3333,ts-security,1470.53,ts-station,1084.137,ts-train,930.5002,ts-auth,642.2732,ts-inside-payment,490.1891,ts-route,431.8086,ts-delivery,287.4299,ts-config,283.0386,ts-seat,225.2731,ts-contacts,153.93,ts-execute,129.395,ts-preserve-other,10.4162,ts-admin-route,6.74,ts-payment,4.39,ts-admin-order,2.824,ts-ticketinfo,2.626,ts-rebook,0.9712,ts-notification,0.7333
181, -- ,ts-basic,11521.7316,ts-order,2342.5529,ts-travel,1976.5051,ts-station,1920.7545,ts-contacts,1843.01,ts-assurance,1792.46,ts-security,1412.2,ts-food,1369.5866,ts-train,946.2039,ts-preserve,649.5667,ts-seat,505.0126,ts-route,415.5182,ts-config,384.3443,ts-inside-payment,372.1791,ts-delivery,334.5399,ts-execute,128.0,ts-auth,20.7124,ts-user,8.4,ts-payment,6.95,ts-ticketinfo,2.592,ts-rebook,0.9712,ts-admin-order,0.81,ts-notification,0.3733,ts-ui,0.165
182, -- ,ts-basic,9988.4359,ts-preserve,4911.5567,ts-assurance,2156.1941,ts-station,1665.0542,ts-contacts,1543.71,ts-order,1526.8737,ts-travel,1522.5096,ts-security,1521.1724,ts-food,1349.9108,ts-train,633.9551,ts-ticketinfo,621.8152,ts-seat,462.1979,ts-config,426.4069,ts-route,317.0515,ts-inside-payment,292.2241,ts-execute,173.11,ts-payment,88.96,ts-delivery,78.34,ts-user,10.5414,ts-auth,10.2518,ts-admin-user,8.46,ts-food-map,2.1025,ts-notification,0.3733
183, -- ,ts-basic,9423.6985,ts-preserve,5101.5367,ts-assurance,3459.0308,ts-order,2541.2474,ts-travel,2520.73,ts-station,1776.8345,ts-food,1429.4974,ts-security,1420.1456,ts-seat,1053.7988,ts-train,965.4609,ts-ticketinfo,650.8463,ts-config,406.4473,ts-route,301.2857,ts-inside-payment,179.8716,ts-notification,144.835,ts-execute,141.515,ts-contacts,63.11,ts-delivery,15.51,ts-admin-order,14.1169,ts-food-map,12.84,ts-payment,9.605,ts-auth,4.402,ts-admin-user,1.375,ts-preserve-other,1.0412,ts-admin-route,0.7312
184, -- ,ts-basic,9267.0534,ts-travel,3773.8196,ts-order,2860.6243,ts-security,1933.66,ts-station,1595.8846,ts-preserve,1536.4992,ts-assurance,1389.5525,ts-food,1125.8874,ts-seat,760.4681,ts-route,598.9741,ts-price,442.872,ts-config,416.1317,ts-train,325.2971,ts-verification-code,229.95,ts-execute,198.9,ts-inside-payment,184.7656,ts-food-map,140.18,ts-contacts,98.47,ts-rebook,86.4825,ts-ticketinfo,84.5607,ts-auth,41.0767,ts-user,17.8509,ts-admin-user,15.36,ts-ui,15.18,ts-notification,4.7483,ts-admin-order,4.7207,ts-payment,4.39,ts-consign,1.58,ts-delivery,0.79,ts-ticket-office,0.0775
185, -- ,ts-basic,9281.6706,ts-price,9081.6953,ts-assurance,6532.3234,ts-order,2576.9336,ts-station,2190.1121,ts-seat,1849.1696,ts-travel,1467.3159,ts-auth,1255.6294,ts-train,1211.2812,ts-security,910.1475,ts-food,871.4591,ts-inside-payment,346.8971,ts-admin-order,296.7682,ts-notification,223.6605,ts-route,218.1662,ts-admin-travel,203.4812,ts-voucher,189.7,ts-preserve,178.3042,ts-ticketinfo,165.2081,ts-rebook,161.0087,ts-config,148.1756,ts-consign,121.5286,ts-admin-basic-info,116.6575,ts-user,68.25,ts-payment,52.7,ts-execute,52.31,ts-admin-user,44.31,ts-news,38.25,ts-cancel,32.25,ts-verification-code,29.845,ts-contacts,24.52,ts-ui,15.18,ts-delivery,13.94
186, -- ,ts-basic,14819.4707,ts-price,10686.2437,ts-travel,3342.4442,ts-order,2236.8602,ts-station,1694.0523,ts-auth,1034.9584,ts-seat,633.4126,ts-security,591.005,ts-food,485.8666,ts-payment,339.6826,ts-food-map,251.25,ts-train,245.456,ts-preserve,206.3967,ts-ticketinfo,132.9136,ts-admin-route,87.4812,ts-config,80.1597,ts-inside-payment,79.2666,ts-preserve-other,56.0625,ts-notification,31.0748,ts-admin-travel,13.2812,ts-contacts,11.16,ts-admin-basic-info,11.0575,ts-user,9.57,ts-delivery,8.15,ts-consign,6.2171,ts-route,4.8183,ts-assurance,4.57,ts-admin-order,3.284,ts-rebook,2.4137,ts-verification-code,0.355
187, -- ,ts-travel,8128.0077,ts-price,4676.9582,ts-food-map,3108.8274,ts-station,2187.531,ts-order,1577.1527,ts-auth,1297.2346,ts-config,548.0736,ts-train,448.212,ts-verification-code,324.29,ts-consign,302.1886,ts-notification,279.4619,ts-admin-travel,237.6875,ts-rebook,228.125,ts-basic,215.7384,ts-admin-basic-info,194.3637,ts-admin-order,165.7593,ts-ticketinfo,138.1104,ts-preserve,129.6767,ts-user,118.07,ts-cancel,112.05,ts-payment,97.025,ts-food,92.3299,ts-security,87.4873,ts-seat,80.5766,ts-admin-user,75.09,ts-delivery,59.96,ts-assurance,37.3157,ts-inside-payment,34.0666,ts-ticket-office,32.1429,ts-contacts,15.17,ts-preserve-other,12.24,ts-admin-route,10.3462,ts-route,4.3971
188, -- ,ts-travel,8496.6765,ts-food-map,4094.7191,ts-station,1606.624,ts-order,855.4574,ts-basic,781.663,ts-auth,728.8604,ts-config,667.6038,ts-price,526.9973,ts-assurance,385.73,ts-train,230.0689,ts-ticketinfo,194.7257,ts-security,187.835,ts-food,118.7133,ts-seat,54.4497,ts-admin-order,54.0718,ts-notification,43.3433,ts-preserve,19.6967,ts-admin-travel,16.1462,ts-rebook,16.115,ts-admin-basic-info,15.865,ts-route,15.2099,ts-verification-code,11.47,ts-payment,11.4,ts-delivery,10.3083,ts-inside-payment,7.7566,ts-consign,7.02,ts-contacts,6.25,ts-user,0.91,ts-admin-user,0.185,ts-admin-route,0.01
189, -- ,ts-auth,3877.2764,ts-food-map,2072.0256,ts-station,1778.5214,ts-travel,1676.536,ts-assurance,941.1766,ts-order,823.056,ts-basic,725.0662,ts-config,645.2415,ts-train,505.1566,ts-price,481.1448,ts-payment,466.155,ts-food,238.8033,ts-ticketinfo,193.8791,ts-security,145.8775,ts-contacts,69.26,ts-preserve,51.2892,ts-execute,50.46,ts-cancel,42.91,ts-route,36.2425,ts-notification,22.0683,ts-inside-payment,19.5041,ts-seat,8.7431
190, -- ,ts-auth,3681.2753,ts-station,1612.146,ts-food-map,1094.7191,ts-order,833.887,ts-travel,766.3038,ts-config,582.3833,ts-price,570.907,ts-basic,518.8996,ts-train,419.2195,ts-payment,377.44,ts-food,247.4099,ts-contacts,183.81,ts-security,155.9918,ts-ticketinfo,133.7058,ts-preserve,111.0567,ts-route,88.725,ts-notification,21.0083,ts-execute,18.48,ts-inside-payment,7.9716,ts-admin-order,6.96,ts-assurance,6.245,ts-seat,5.3777
191, -- ,ts-station,1870.1437,ts-auth,1436.0578,ts-order,1396.5318,ts-travel,1229.2443,ts-food-map,893.4346,ts-contacts,685.42,ts-config,512.3028,ts-train,441.2961,ts-assurance,195.6583,ts-basic,191.4432,ts-ticketinfo,153.1877,ts-inside-payment,124.8708,ts-price,110.8285,ts-security,104.9897,ts-admin-order,98.8767,ts-food,71.4364,ts-preserve,46.4717,ts-payment,18.345,ts-notification,17.1883,ts-seat,2.9408
192, -- ,ts-travel,2665.7334,ts-seat,2178.5583,ts-assurance,1904.13,ts-station,1643.2628,ts-auth,1297.4549,ts-order,1227.3318,ts-preserve,1037.1867,ts-food-map,819.3766,ts-basic,787.0091,ts-config,436.357,ts-contacts,435.88,ts-route,300.175,ts-food,293.6116,ts-train,253.8001,ts-inside-payment,148.8866,ts-admin-order,118.8621,ts-ticketinfo,100.2818,ts-security,91.7542,ts-price,5.6833,ts-payment,4.47,ts-admin-basic-info,0.7212,ts-notification,0.3733,ts-rebook,0.01
193, -- ,ts-travel,2797.8759,ts-station,2126.039,ts-food,1656.2458,ts-preserve,903.2867,ts-order,664.9348,ts-food-map,413.3591,ts-train,405.6692,ts-config,257.697,ts-basic,197.7828,ts-ticketinfo,57.5644,ts-inside-payment,46.2649,ts-admin-order,24.325,ts-seat,17.3208,ts-payment,9.605,ts-security,9.4381,ts-price,8.2373,ts-contacts,7.82,ts-auth,5.3533,ts-notification,4.7483,ts-assurance,4.52,ts-rebook,0.01
194, -- ,ts-food,2551.4533,ts-order,1979.8534,ts-preserve,1897.1567,ts-station,1729.5447,ts-train,1152.9594,ts-travel,784.792,ts-basic,768.3376,ts-food-map,375.7106,ts-admin-order,323.6087,ts-assurance,228.6075,ts-notification,179.4133,ts-inside-payment,153.0074,ts-ticketinfo,147.7365,ts-seat,124.8017,ts-consign,113.5243,ts-voucher,110.6,ts-config,60.4017,ts-security,22.8331,ts-price,11.7983,ts-contacts,6.7,ts-route,6.39,ts-auth,5.3533,ts-payment,4.39,ts-delivery,3.52,ts-admin-route,2.8937
195, -- ,ts-admin-order,10039.8108,ts-assurance,7910.4425,ts-travel,4067.7647,ts-food,2419.6216,ts-order,2099.1497,ts-preserve,1897.1567,ts-station,1735.6159,ts-train,893.0769,ts-basic,736.4357,ts-ticketinfo,377.4286,ts-food-map,254.5967,ts-config,191.982,ts-notification,191.565,ts-route,127.3411,ts-seat,120.5219,ts-consign,72.12,ts-voucher,64.04,ts-admin-user,57.48,ts-cancel,47.61,ts-security,34.7026,ts-inside-payment,25.7291,ts-contacts,6.25,ts-price,5.6943,ts-auth,5.3533,ts-payment,4.39,ts-delivery,1.6,ts-admin-route,0.9712,ts-ui,0.77,ts-user,0.54
196, -- ,ts-admin-order,4733.7579,ts-assurance,2657.6412,ts-travel,1829.0777,ts-station,1465.6297,ts-auth,1244.3183,ts-admin-travel,816.9225,ts-basic,704.2225,ts-train,666.7444,ts-order,575.615,ts-food,508.4358,ts-price,483.9308,ts-voucher,431.6,ts-ticketinfo,388.5205,ts-verification-code,228.065,ts-rebook,214.6637,ts-food-map,187.9632,ts-admin-basic-info,136.565,ts-user,97.98,ts-config,62.9355,ts-seat,59.7782,ts-payment,59.17,ts-security,46.0,ts-route,42.02,ts-inside-payment,37.3566,ts-execute,27.49,ts-preserve-other,27.0,ts-consign,23.5086,ts-notification,19.4293,ts-ticket-office,17.1943,ts-preserve,6.6567,ts-contacts,6.25
197, -- ,ts-admin-order,2466.5776,ts-assurance,2366.6833,ts-travel,2116.2186,ts-station,1802.1041,ts-auth,1290.9728,ts-train,1199.2183,ts-food,779.7124,ts-basic,682.22,ts-order,367.4637,ts-seat,163.5577,ts-price,127.6408,ts-security,63.635,ts-config,62.8173,ts-ticketinfo,41.8536,ts-admin-basic-info,22.8362,ts-rebook,21.1637,ts-admin-travel,20.5725,ts-inside-payment,20.0108,ts-verification-code,15.755,ts-food-map,12.3917,ts-payment,10.32,ts-contacts,7.15,ts-route,6.61,ts-execute,6.55,ts-preserve,6.1567,ts-preserve-other,2.0837,ts-admin-route,1.9325,ts-user,0.58,ts-notification,0.3733
198, -- ,ts-assurance,2205.7375,ts-station,1789.3167,ts-basic,1247.8475,ts-food,1066.1699,ts-admin-order,926.9416,ts-train,911.6553,ts-order,431.0413,ts-seat,308.4917,ts-travel,114.6129,ts-config,76.6917,ts-auth,48.1533,ts-inside-payment,33.0866,ts-contacts,28.66,ts-security,13.9681,ts-preserve,6.1567,ts-food-map,5.5167,ts-price,5.3933,ts-ticketinfo,5.3778,ts-payment,5.19,ts-preserve-other,1.5625,ts-admin-route,0.9712,ts-notification,0.3733
199, -- ,ts-assurance,2669.78,ts-station,1569.8361,ts-food,1278.4916,ts-train,1121.7749,ts-admin-order,565.1897,ts-order,511.6674,ts-travel,262.2953,ts-seat,148.5218,ts-config,52.1867,ts-ticketinfo,21.216,ts-contacts,18.06,ts-inside-payment,16.6666,ts-notification,6.8433,ts-preserve,6.1567,ts-food-map,5.5167,ts-payment,5.495,ts-price,5.3933,ts-auth,5.3533,ts-ui,2.029,ts-basic,1.6875
200, -- ,ts-food,2116.4883,ts-assurance,1886.815,ts-station,1864.7252,ts-train,861.6301,ts-order,639.5656,ts-travel,261.4913,ts-admin-order,127.2074,ts-user,91.955,ts-seat,89.0245,ts-config,52.1867,ts-contacts,12.07,ts-inside-payment,7.7566,ts-preserve,6.1567,ts-food-map,5.5167,ts-price,5.3933,ts-auth,5.3533,ts-payment,4.39,ts-basic,1.6875,ts-security,1.255,ts-notification,0.3733
201, -- ,ts-station,1872.8823,ts-food,1699.9033,ts-train,892.2327,ts-travel,262.9433,ts-order,240.1392,ts-config,55.6058,ts-ticketinfo,33.447,ts-basic,32.925,ts-seat,26.3969,ts-inside-payment,7.7566,ts-notification,6.8433,ts-admin-order,6.5295,ts-contacts,6.25,ts-preserve,6.1567,ts-food-map,5.5167,ts-price,5.5017,ts-auth,5.3533,ts-payment,5.29,ts-assurance,4.52,ts-route,2.375,ts-security,1.4375
202, -- ,ts-admin-order,9092.4617,ts-travel,2445.3,ts-food,2310.7833,ts-station,1869.4674,ts-basic,1331.3412,ts-train,1130.2317,ts-order,114.8853,ts-config,84.3293,ts-assurance,63.7225,ts-ticketinfo,49.215,ts-inside-payment,28.5091,ts-price,13.835,ts-auth,13.2256,ts-notification,6.8433,ts-contacts,6.25,ts-preserve,6.1567,ts-seat,5.8058,ts-food-map,5.5167,ts-payment,4.78,ts-security,3.3735,ts-route,0.32
203, -- ,ts-travel,4562.9202,ts-basic,4163.252,ts-station,1966.5497,ts-food,951.3874,ts-train,757.8499,ts-assurance,312.93,ts-admin-order,194.277,ts-ticketinfo,139.8697,ts-price,128.6303,ts-config,83.2507,ts-seat,79.646,ts-order,59.2887,ts-route,58.5683,ts-food-map,50.2316,ts-contacts,35.97,ts-inside-payment,18.7416,ts-security,18.45,ts-preserve,17.2867,ts-payment,15.71,ts-auth,5.3533
204, -- ,ts-travel,4809.4259,ts-station,1885.1122,ts-route,1492.8248,ts-train,890.5955,ts-basic,859.2754,ts-food,589.3457,ts-consign,403.97,ts-admin-order,375.1113,ts-price,366.5512,ts-preserve,254.4417,ts-inside-payment,197.0708,ts-payment,191.745,ts-contacts,160.41,ts-seat,100.9971,ts-config,94.2829,ts-food-map,87.3831,ts-order,71.444,ts-ticketinfo,41.6041,ts-notification,7.8433,ts-auth,5.3533,ts-assurance,4.52,ts-security,3.67,ts-execute,0.32
205, -- ,ts-travel,6924.1183,ts-admin-order,5039.1169,ts-basic,2497.09,ts-station,1798.0503,ts-train,655.3778,ts-route,196.2798,ts-preserve,146.9967,ts-price,129.0242,ts-ticketinfo,125.743,ts-voucher,114.96,ts-order,69.5667,ts-config,52.6317,ts-contacts,41.67,ts-food-map,36.1337,ts-inside-payment,34.4666,ts-food,28.9984,ts-payment,16.995,ts-consign,14.96,ts-seat,8.6708,ts-auth,5.3533,ts-assurance,4.52,ts-security,2.0583,ts-notification,1.7433
206, -- ,ts-station,204673.8908,ts-admin-order,2910.9964,ts-assurance,1794.2566,ts-basic,620.7775,ts-train,286.251,ts-ticketinfo,82.46,ts-price,76.978,ts-inside-payment,73.7399,ts-config,67.0767,ts-route,47.2894,ts-travel,37.1686,ts-order,32.536,ts-admin-basic-info,31.7025,ts-admin-travel,16.1462,ts-rebook,12.51,ts-food,11.5964,ts-preserve-other,9.375,ts-payment,8.165,ts-verification-code,7.66,ts-food-map,6.6967,ts-contacts,6.25,ts-preserve,6.1567,ts-auth,5.3533,ts-user,3.85,ts-seat,3.5925,ts-notification,1.5283,ts-security,1.4375
207, -- ,ts-station,205322.8701,ts-admin-order,2997.5352,ts-news,780.667,ts-train,680.2886,ts-basic,620.7775,ts-travel,65.9686,ts-config,61.5217,ts-order,55.481,ts-route,34.3733,ts-inside-payment,23.7366,ts-contacts,18.73,ts-auth,14.3766,ts-admin-travel,11.9787,ts-admin-route,10.5862,ts-admin-basic-info,9.8562,ts-food,9.7799,ts-ticketinfo,7.864,ts-notification,7.3733,ts-preserve,6.9167,ts-food-map,6.4467,ts-assurance,5.46,ts-price,5.3933,ts-payment,5.29,ts-security,5.0825,ts-rebook,4.8175,ts-verification-code,4.8,ts-preserve-other,4.6875,ts-seat,2.6075
208, -- ,ts-station,1763.6349,ts-basic,626.0035,ts-assurance,417.6091,ts-food-map,357.4591,ts-train,189.2198,ts-travel,128.9111,ts-order,105.0481,ts-admin-order,54.6334,ts-config,52.1867,ts-notification,39.3817,ts-news,30.75,ts-inside-payment,23.0891,ts-contacts,17.88,ts-preserve,10.9467,ts-admin-route,8.6637,ts-price,8.0383,ts-seat,7.2375,ts-admin-travel,6.25,ts-ticketinfo,6.118,ts-rebook,5.7787,ts-auth,5.3533,ts-payment,4.39,ts-security,3.575,ts-food,3.2199,ts-route,1.7575,ts-user,1.44,ts-verification-code,0.99,ts-execute,0.2125
209, -- ,ts-station,13184.0375,ts-basic,2536.976,ts-food-map,1186.1141,ts-train,806.2826,ts-travel,703.5419,ts-admin-order,328.2623,ts-order,244.8142,ts-inside-payment,237.7583,ts-contacts,87.1,ts-config,57.8167,ts-admin-user,45.515,ts-food,35.9439,ts-price,22.1683,ts-ticketinfo,19.926,ts-preserve,14.9667,ts-seat,14.9142,ts-notification,12.3733,ts-auth,11.5066,ts-admin-travel,11.4587,ts-security,11.2175,ts-assurance,6.9566,ts-payment,4.675,ts-route,4.55,ts-verification-code,4.485,ts-rebook,3.8562,ts-admin-basic-info,3.6062,ts-admin-route,2.8937,ts-delivery,1.89
210, -- ,ts-station,11108.5789,ts-travel,3223.9019,ts-train,732.4553,ts-inside-payment,383.9133,ts-contacts,243.04,ts-order,110.8992,ts-auth,93.7978,ts-config,60.4067,ts-basic,28.8715,ts-admin-order,17.2799,ts-preserve,14.1567,ts-ticketinfo,7.864,ts-payment,7.24,ts-seat,5.6758,ts-food-map,5.5167,ts-price,5.3933,ts-notification,5.0,ts-assurance,4.52,ts-security,3.52,ts-food,3.2199,ts-admin-basic-info,1.6825,ts-verification-code,1.31,ts-admin-user,0.98
211, -- ,ts-station,7749.8186,ts-assurance,3203.5825,ts-travel,863.0733,ts-train,372.3083,ts-security,352.2475,ts-inside-payment,319.5591,ts-execute,193.1925,ts-auth,103.1888,ts-order,91.3646,ts-config,52.1867,ts-admin-order,21.0453,ts-notification,17.8433,ts-contacts,11.6,ts-basic,11.596,ts-payment,7.86,ts-preserve,6.3867,ts-seat,6.0658,ts-price,5.865,ts-food-map,5.5167,ts-admin-route,4.8175,ts-rebook,3.8562,ts-preserve-other,3.6462,ts-admin-travel,3.6462,ts-food,3.2199,ts-admin-basic-info,2.6437,ts-admin-user,0.945,ts-ui,0.71,ts-verification-code,0.675,ts-route,0.205
212, -- ,ts-station,9565.4768,ts-basic,2321.3325,ts-security,747.795,ts-train,458.0018,ts-admin-order,338.3731,ts-execute,322.4625,ts-auth,228.7169,ts-travel,221.7268,ts-config,52.2617,ts-assurance,38.6183,ts-notification,22.3733,ts-price,15.2727,ts-ticketinfo,13.26,ts-order,11.6478,ts-admin-basic-info,10.3362,ts-contacts,9.15,ts-rebook,9.1437,ts-inside-payment,7.7566,ts-preserve,7.7267,ts-payment,7.655,ts-verification-code,5.755,ts-food-map,5.5167,ts-preserve-other,3.6462,ts-food,3.2199,ts-seat,2.7325,ts-admin-travel,2.0837,ts-admin-user,1.375,ts-user,0.71
213, -- ,ts-station,3467.209,ts-auth,2499.2333,ts-route,949.585,ts-order,216.3385,ts-travel,170.1425,ts-config,52.1867,ts-admin-order,48.2802,ts-ticketinfo,31.832,ts-notification,28.8433,ts-contacts,21.57,ts-security,20.6425,ts-admin-basic-info,10.3362,ts-rebook,10.1062,ts-inside-payment,7.7566,ts-assurance,7.2766,ts-preserve-other,6.7712,ts-verification-code,6.39,ts-preserve,6.1567,ts-train,5.7465,ts-food-map,5.5167,ts-price,5.3933,ts-admin-travel,5.2087,ts-payment,4.47,ts-food,3.2199,ts-admin-route,2.8937,ts-seat,2.6075,ts-basic,0.87
214, -- ,ts-station,14547.7191,ts-auth,1595.7621,ts-train,438.3515,ts-seat,387.1092,ts-order,215.5635,ts-travel,98.0447,ts-config,53.7417,ts-admin-user,45.0,ts-route,44.1089,ts-security,26.9425,ts-notification,22.2183,ts-price,16.7333,ts-ticketinfo,11.514,ts-inside-payment,7.7566,ts-preserve-other,7.2912,ts-admin-travel,7.2912,ts-contacts,6.25,ts-preserve,6.1567,ts-food-map,5.5167,ts-assurance,4.52,ts-payment,4.39,ts-basic,3.375,ts-food,3.2199,ts-admin-route,2.8937,ts-admin-order,1.5924,ts-delivery,0.525
215, -- ,ts-station,13176.5304,ts-admin-order,11025.4916,ts-travel,3227.325,ts-basic,2268.198,ts-auth,1597.0406,ts-seat,1011.532,ts-train,775.9819,ts-route,444.53,ts-order,255.2546,ts-news,95.67,ts-config,52.1867,ts-notification,28.0083,ts-price,14.7417,ts-contacts,13.22,ts-preserve-other,11.4587,ts-inside-payment,7.7566,ts-admin-route,6.74,ts-ticketinfo,6.276,ts-admin-travel,6.25,ts-preserve,6.1567,ts-rebook,5.7787,ts-food-map,5.5167,ts-admin-basic-info,4.5675,ts-assurance,4.52,ts-payment,4.39,ts-food,3.2199,ts-verification-code,2.58,ts-delivery,1.305,ts-security,0.395
216, -- ,ts-station,18287.066,ts-assurance,8192.645,ts-travel,1668.101,ts-order,551.7335,ts-train,523.963,ts-seat,513.1513,ts-auth,364.5183,ts-admin-order,219.0377,ts-route,91.9911,ts-contacts,53.33,ts-config,52.1867,ts-preserve-other,11.4587,ts-inside-payment,9.8083,ts-ticketinfo,8.974,ts-price,8.9433,ts-preserve,7.4567,ts-admin-route,6.74,ts-admin-travel,6.25,ts-rebook,5.7787,ts-admin-basic-info,5.5287,ts-food-map,5.5167,ts-payment,4.39,ts-food,3.2199,ts-verification-code,3.215,ts-security,3.0,ts-notification,0.3733
217, -- ,ts-station,15173.2106,ts-travel,1856.1325,ts-train,585.616,ts-contacts,421.5,ts-auth,379.4992,ts-admin-order,185.2376,ts-order,110.646,ts-verification-code,98.765,ts-news,83.28,ts-config,54.1117,ts-seat,30.0477,ts-notification,29.0,ts-admin-user,10.84,ts-preserve-other,8.3337,ts-security,8.2825,ts-inside-payment,7.7566,ts-preserve,7.5867,ts-payment,7.345,ts-admin-route,6.74,ts-price,6.045,ts-food-map,5.5167,ts-assurance,5.2466,ts-food,3.2199,ts-delivery,1.795,ts-ticketinfo,1.514,ts-ui,1.258,ts-consign,1.07,ts-admin-travel,1.0412,ts-rebook,0.9712,ts-admin-basic-info,0.7212
218, -- ,ts-station,207785.2768,ts-order,2675.581,ts-travel,1220.6533,ts-train,666.4327,ts-contacts,368.74,ts-security,303.8875,ts-config,256.6803,ts-basic,134.724,ts-admin-order,54.1637,ts-execute,43.4125,ts-auth,29.2629,ts-notification,27.0,ts-seat,16.0025,ts-inside-payment,9.8541,ts-preserve-other,8.3337,ts-payment,7.96,ts-preserve,7.7267,ts-price,7.495,ts-ticketinfo,7.228,ts-admin-route,6.74,ts-food-map,5.5167,ts-assurance,4.52,ts-ui,3.3849,ts-food,3.2199,ts-verification-code,2.895,ts-delivery,1.795,ts-admin-travel,1.0412,ts-rebook,0.9712,ts-consign,0.79,ts-admin-basic-info,0.7212,ts-admin-user,0.515
219, -- ,ts-station,220261.047,ts-travel,3083.4917,ts-order,2729.2238,ts-train,951.8122,ts-security,872.1725,ts-config,400.7297,ts-execute,345.275,ts-contacts,94.84,ts-auth,63.6737,ts-admin-order,42.6481,ts-seat,35.9949,ts-route,12.8568,ts-notification,10.2983,ts-food-map,7.9567,ts-inside-payment,7.7566,ts-preserve,6.6567,ts-assurance,5.78,ts-price,5.3933,ts-preserve-other,4.6875,ts-payment,4.39,ts-admin-route,3.8562,ts-admin-travel,3.6462,ts-rebook,3.375,ts-food,3.2199,ts-admin-basic-info,2.6437,ts-verification-code,0.99,ts-ticketinfo,0.72
220, -- ,ts-station,6749.9158,ts-travel,1440.0564,ts-order,1433.5581,ts-assurance,1028.5133,ts-train,877.8363,ts-basic,366.5926,ts-execute,228.48,ts-food-map,188.0446,ts-security,168.506,ts-auth,167.1307,ts-config,159.0098,ts-admin-order,113.0103,ts-price,96.9357,ts-food,61.2349,ts-route,58.6058,ts-inside-payment,55.0875,ts-seat,52.6114,ts-contacts,35.02,ts-preserve,8.8567,ts-admin-travel,5.7287,ts-ticketinfo,4.688,ts-payment,4.39,ts-user,3.87
221, -- ,ts-station,10149.4104,ts-basic,4178.2895,ts-travel,2651.1549,ts-order,2411.2997,ts-train,2148.547,ts-assurance,686.9766,ts-ticketinfo,250.5709,ts-execute,218.9125,ts-route,180.5667,ts-contacts,167.19,ts-admin-order,163.9072,ts-preserve,131.9267,ts-food-map,120.0781,ts-food,117.1599,ts-config,99.2967,ts-auth,66.4868,ts-security,46.0091,ts-price,41.3717,ts-inside-payment,36.3341,ts-admin-travel,13.5412,ts-seat,9.4508,ts-notification,7.0,ts-payment,4.39,ts-admin-user,0.15
222, -- ,ts-station,4131.5077,ts-travel,1909.2134,ts-train,890.1584,ts-order,714.7737,ts-basic,336.8438,ts-execute,275.235,ts-ticketinfo,191.508,ts-config,52.1867,ts-admin-order,36.3053,ts-preserve,29.8467,ts-contacts,28.09,ts-food,19.7799,ts-notification,19.375,ts-auth,18.9252,ts-admin-user,15.93,ts-route,14.105,ts-inside-payment,8.1841,ts-food-map,8.0867,ts-price,6.4083,ts-ui,5.9056,ts-assurance,4.52,ts-payment,4.39,ts-admin-basic-info,2.6437,ts-seat,2.6075,ts-admin-route,2.4137,ts-verification-code,1.31,ts-security,0.9175
223, -- ,ts-station,4238.2621,ts-train,238.5908,ts-order,167.0988,ts-travel,121.8283,ts-config,55.5917,ts-route,23.775,ts-basic,18.0275,ts-user,13.855,ts-admin-order,13.2288,ts-inside-payment,8.3766,ts-contacts,7.82,ts-auth,7.3133,ts-preserve,6.1567,ts-food-map,5.5167,ts-price,5.3933,ts-security,5.0825,ts-assurance,4.52,ts-payment,4.39,ts-food,3.2199,ts-admin-route,2.8937,ts-seat,2.6075,ts-preserve-other,2.0837,ts-admin-travel,1.8225,ts-ticketinfo,1.514,ts-delivery,1.305,ts-rebook,0.9712,ts-admin-user,0.84,ts-admin-basic-info,0.7212,ts-verification-code,0.04
224, -- ,ts-station,12804.1198,ts-admin-order,149.9126,ts-order,141.2799,ts-config,54.8517,ts-admin-route,39.1637,ts-travel,37.0317,ts-route,22.875,ts-auth,13.2733,ts-basic,11.484,ts-train,8.2031,ts-inside-payment,8.1191,ts-security,7.1675,ts-contacts,6.25,ts-preserve,6.1567,ts-price,6.045,ts-seat,5.5442,ts-food-map,5.5167,ts-assurance,4.52,ts-payment,4.39,ts-rebook,3.375,ts-food,3.2199,ts-ui,1.0933,ts-admin-user,0.285
225, -- ,ts-station,14281.6955,ts-admin-order,146.5584,ts-order,67.0078,ts-config,52.1867,ts-contacts,17.11,ts-train,14.6515,ts-auth,13.9366,ts-security,12.375,ts-basic,11.6235,ts-inside-payment,9.4691,ts-travel,9.06,ts-preserve,8.5267,ts-seat,7.7542,ts-food-map,5.5167,ts-assurance,5.46,ts-price,5.3933,ts-admin-route,5.2975,ts-payment,4.39,ts-notification,4.375,ts-food,3.2199,ts-route,2.4133,ts-ui,2.2207,ts-rebook,1.9325,ts-ticketinfo,1.196,ts-admin-user,1.01,ts-admin-basic-info,0.7212
226, -- ,ts-station,89440.5516,ts-travel,275.24,ts-order,107.7493,ts-consign,93.2667,ts-config,52.6317,ts-train,49.8756,ts-admin-order,28.3195,ts-contacts,19.84,ts-ticketinfo,11.038,ts-security,10.2925,ts-inside-payment,9.6616,ts-notification,8.0,ts-auth,7.7566,ts-preserve,6.1567,ts-food-map,5.5167,ts-price,5.3933,ts-assurance,4.52,ts-payment,4.39,ts-admin-route,3.8562,ts-basic,3.5,ts-food,3.2199,ts-seat,2.6075,ts-preserve-other,2.6037,ts-ui,0.5075
227, -- ,ts-station,104446.3931,ts-basic,3560.52,ts-order,1695.9331,ts-travel,549.739,ts-config,52.1867,ts-contacts,49.71,ts-admin-order,39.2294,ts-inside-payment,37.5291,ts-train,26.3215,ts-notification,17.3733,ts-auth,13.9366,ts-ticketinfo,12.308,ts-security,10.2925,ts-price,6.4083,ts-preserve,6.1567,ts-food-map,5.5167,ts-verification-code,5.29,ts-rebook,4.8175,ts-assurance,4.52,ts-payment,4.39,ts-food,3.2199,ts-admin-route,2.8937,ts-admin-basic-info,2.6437,ts-seat,2.6075,ts-user,2.02,ts-ui,1.1433,ts-consign,0.1333
228, -- ,ts-station,5771.3546,ts-order,289.4627,ts-admin-order,60.8164,ts-basic,60.33,ts-config,52.1867,ts-train,27.6821,ts-contacts,19.84,ts-notification,15.0,ts-auth,13.9366,ts-inside-payment,12.6191,ts-route,12.495,ts-ticketinfo,9.926,ts-travel,9.06,ts-security,6.645,ts-preserve,6.1567,ts-rebook,6.0187,ts-price,5.865,ts-food-map,5.6267,ts-admin-route,4.8175,ts-assurance,4.52,ts-payment,4.47,ts-food,3.2199,ts-ui,3.086,ts-verification-code,2.895,ts-seat,2.6075,ts-user,2.28,ts-preserve-other,2.0837,ts-admin-basic-info,1.6825,ts-admin-travel,1.0412
229, -- ,ts-station,1327.9205,ts-order,212.5034,ts-admin-order,113.0187,ts-config,52.1867,ts-travel,36.0177,ts-price,11.2983,ts-inside-payment,8.6341,ts-auth,7.9033,ts-contacts,6.7,ts-preserve,6.1567,ts-train,5.7465,ts-food-map,5.6267,ts-notification,5.0,ts-assurance,4.52,ts-payment,4.39,ts-ticketinfo,4.054,ts-food,3.2199,ts-preserve-other,3.125,ts-admin-route,2.8937,ts-seat,2.6075,ts-verification-code,1.945,ts-route,1.54,ts-rebook,1.2112,ts-admin-travel,1.0412,ts-basic,0.5908
230, -- ,ts-station,1306.3268,ts-order,317.0769,ts-admin-order,100.5134,ts-config,52.1867,ts-price,14.7417,ts-travel,9.06,ts-inside-payment,7.7566,ts-contacts,6.25,ts-preserve,6.1567,ts-security,5.9181,ts-auth,5.7699,ts-train,5.7465,ts-food-map,5.5167,ts-notification,5.3733,ts-basic,5.0722,ts-ticketinfo,4.688,ts-assurance,4.52,ts-payment,4.39,ts-ui,3.695,ts-food,3.2199,ts-preserve-other,3.125,ts-seat,2.6075,ts-admin-travel,2.0837,ts-rebook,1.9325,ts-route,0.31,ts-verification-code,0.04
231, -- ,ts-station,1367.749,ts-train,1344.4715,ts-order,231.004,ts-admin-order,54.2168,ts-config,52.1867,ts-contacts,12.92,ts-admin-user,9.235,ts-travel,9.06,ts-inside-payment,8.1841,ts-price,7.495,ts-notification,7.0,ts-food-map,6.5367,ts-auth,6.5133,ts-preserve-other,6.25,ts-preserve,6.1567,ts-assurance,4.52,ts-payment,4.39,ts-ticketinfo,3.26,ts-food,3.2199,ts-basic,3.0778,ts-seat,3.0658,ts-admin-route,0.49,ts-ui,0.2099,ts-delivery,0.13,ts-security,0.075
232, -- ,ts-station,5784.2324,ts-order,246.8106,ts-config,52.1867,ts-basic,46.3577,ts-contacts,31.4,ts-admin-order,31.263,ts-travel,27.6967,ts-route,13.2208,ts-admin-user,13.11,ts-inside-payment,7.7991,ts-price,7.1317,ts-preserve-other,6.25,ts-admin-travel,6.25,ts-preserve,6.1567,ts-train,5.7465,ts-assurance,5.5666,ts-food-map,5.5167,ts-auth,5.3533,ts-ticketinfo,5.166,ts-security,5.0825,ts-notification,4.4683,ts-payment,4.39,ts-rebook,3.8562,ts-food,3.2199,ts-seat,2.6075,ts-ui,2.4167,ts-user,1.7218
233, -- ,ts-station,18153.4219,ts-admin-order,8993.1827,ts-auth,171.3513,ts-order,166.2091,ts-config,52.1867,ts-basic,43.3205,ts-ui,37.3441,ts-voucher,35.58,ts-notification,25.6233,ts-user,21.3689,ts-ticketinfo,11.832,ts-contacts,11.83,ts-travel,10.4064,ts-inside-payment,9.9841,ts-admin-travel,9.375,ts-route,8.835,ts-seat,7.8575,ts-verification-code,7.66,ts-security,7.2425,ts-assurance,7.17,ts-price,6.9517,ts-admin-basic-info,6.49,ts-preserve,6.1567,ts-food-map,6.0367,ts-rebook,5.7787,ts-train,5.7465,ts-payment,5.19,ts-food,4.5799,ts-preserve-other,3.125,ts-delivery,3.065,ts-admin-route,1.9325
234, -- ,ts-station,19880.4712,ts-order,196.2499,ts-basic,60.5262,ts-config,52.1867,ts-user,37.926,ts-notification,30.9033,ts-admin-order,21.0095,ts-contacts,10.94,ts-travel,9.06,ts-inside-payment,8.7616,ts-seat,7.6275,ts-verification-code,7.025,ts-admin-basic-info,6.49,ts-price,6.2267,ts-preserve,6.1567,ts-route,6.155,ts-train,5.7465,ts-food-map,5.5167,ts-payment,5.395,ts-auth,5.3533,ts-security,5.09,ts-assurance,4.52,ts-delivery,3.85,ts-food,3.6899,ts-preserve-other,3.125,ts-admin-route,1.9325,ts-consign,0.51
235, -- ,ts-station,870.0303,ts-order,118.7124,ts-config,52.1867,ts-route,36.734,ts-contacts,21.07,ts-travel,17.998,ts-ui,12.2403,ts-admin-order,8.5152,ts-inside-payment,7.7566,ts-security,6.7331,ts-preserve,6.1567,ts-train,5.7465,ts-food-map,5.5167,ts-price,5.3933,ts-auth,5.3533,ts-assurance,4.52,ts-payment,4.39,ts-basic,4.38,ts-food,3.2199,ts-seat,2.6075,ts-ticketinfo,1.832
236, -- ,ts-station,1358.2121,ts-order,204.0917,ts-config,52.1867,ts-admin-user,20.995,ts-basic,15.6531,ts-train,15.5915,ts-contacts,12.27,ts-notification,11.7483,ts-inside-payment,10.9725,ts-travel,9.06,ts-admin-order,8.0666,ts-preserve,6.1567,ts-auth,5.8933,ts-food-map,5.5167,ts-price,5.3933,ts-assurance,4.52,ts-verification-code,4.485,ts-payment,4.39,ts-food,3.2199,ts-seat,2.6808,ts-route,1.74,ts-ui,1.682,ts-delivery,1.1733,ts-admin-travel,1.0412
237, -- ,ts-station,822.4621,ts-order,179.5887,ts-config,52.1867,ts-user,23.13,ts-basic,18.9527,ts-travel,16.66,ts-preserve-other,12.7412,ts-auth,10.0733,ts-admin-order,9.9967,ts-inside-payment,7.7566,ts-contacts,7.15,ts-preserve,6.1567,ts-train,5.7465,ts-food-map,5.5167,ts-price,5.3933,ts-verification-code,5.12,ts-payment,5.085,ts-rebook,4.8175,ts-admin-basic-info,4.5675,ts-assurance,4.52,ts-route,4.1347,ts-food,3.2199,ts-seat,3.2008,ts-admin-route,1.9325,ts-notification,1.7333,ts-security,0.9175,ts-ui,0.2475
238, -- ,ts-station,1652.7849,ts-order,253.3535,ts-config,52.1867,ts-admin-order,36.5549,ts-train,11.1865,ts-travel,9.06,ts-inside-payment,7.7566,ts-basic,6.6185,ts-contacts,6.48,ts-preserve,6.1567,ts-food-map,5.5167,ts-price,5.3933,ts-auth,5.3533,ts-rebook,4.8175,ts-assurance,4.52,ts-payment,4.39,ts-verification-code,3.85,ts-preserve-other,3.6462,ts-food,3.2199,ts-seat,2.6075,ts-admin-route,1.9325,ts-admin-travel,1.8225,ts-ui,1.07,ts-notification,1.0,ts-security,0.47,ts-route,0.24,ts-delivery,0.13
239, -- ,ts-station,5203.6712,ts-order,153.7032,ts-auth,75.1723,ts-config,52.1867,ts-train,26.9147,ts-basic,18.2526,ts-admin-order,14.8038,ts-inside-payment,12.4266,ts-notification,11.4133,ts-travel,9.06,ts-rebook,8.6637,ts-contacts,8.04,ts-payment,7.755,ts-admin-travel,7.2912,ts-price,6.9517,ts-food-map,6.6967,ts-preserve,6.1567,ts-admin-route,5.7787,ts-assurance,5.0333,ts-ui,4.3513,ts-food,3.2199,ts-verification-code,3.215,ts-preserve-other,3.125,ts-seat,2.6075,ts-route,2.4,ts-user,1.12,ts-admin-user,0.9,ts-delivery,0.525,ts-ticketinfo,0.086,ts-security,0.075
240, -- ,ts-station,3805.453,ts-order,121.4667,ts-security,101.8774,ts-ticketinfo,55.958,ts-config,52.1867,ts-route,45.0425,ts-news,42.0,ts-basic,18.3045,ts-travel,17.7553,ts-inside-payment,12.1041,ts-notification,10.375,ts-train,10.352,ts-auth,10.1833,ts-admin-order,9.8994,ts-rebook,8.6637,ts-price,8.22,ts-admin-travel,7.2912,ts-contacts,6.93,ts-ui,6.319,ts-preserve-other,6.25,ts-preserve,6.1567,ts-admin-route,5.7787,ts-food-map,5.5167,ts-assurance,5.46,ts-payment,4.39,ts-food,3.2199,ts-admin-basic-info,2.6437,ts-seat,2.6075,ts-user,1.2536
241, -- ,ts-station,1872.0324,ts-security,292.825,ts-train,287.5663,ts-config,253.1191,ts-execute,200.115,ts-order,186.0685,ts-ticketinfo,58.498,ts-basic,23.5092,ts-travel,12.158,ts-admin-order,11.8535,ts-inside-payment,10.1808,ts-contacts,6.25,ts-assurance,6.2066,ts-preserve,6.1567,ts-food-map,5.5167,ts-price,5.3933,ts-auth,5.3533,ts-payment,4.39,ts-food,3.2199,ts-seat,2.6075
