1, -- ,ts-preserve-other,2147.6667,ts-rebook,847.6667,ts-verification-code,847.6667,ts-config,414.3333,ts-admin-order,303.9986,ts-order,278.475,ts-travel,192.939,ts-notification,158.8433,ts-inside-payment,120.9275,ts-execute,54.1964,ts-station,51.1533,ts-delivery,6.6067,ts-contacts,3.405
2, -- ,ts-route,4769.2635,ts-ticketinfo,3611.7924,ts-station,3200.0623,ts-travel,2875.1942,ts-seat,2600.1919,ts-order,2181.7134,ts-basic,2160.1365,ts-preserve-other,2149.4167,ts-config,1953.4138,ts-price,1740.6717,ts-admin-order,1504.7451,ts-train,1473.3243,ts-inside-payment,1332.8625,ts-verification-code,858.1017,ts-rebook,848.3117,ts-food,812.86,ts-food-map,381.167,ts-notification,338.855,ts-ui,254.8105,ts-auth,247.2777,ts-preserve,244.875,ts-assurance,78.4233,ts-execute,54.1964,ts-consign,29.79,ts-user,0.45
3, -- ,ts-order,5543.3498,ts-seat,4756.0312,ts-travel,4100.1264,ts-ticketinfo,3706.1457,ts-route,3385.4016,ts-admin-order,3076.5017,ts-price,2992.3493,ts-security,2887.1266,ts-config,2705.0106,ts-station,2480.7623,ts-basic,2370.8088,ts-preserve-other,2149.4517,ts-payment,1594.515,ts-assurance,1528.1433,ts-food,1483.18,ts-train,1465.2939,ts-inside-payment,1438.3787,ts-user,1434.035,ts-verification-code,848.5783,ts-rebook,847.6667,ts-preserve,829.08,ts-food-map,587.3965,ts-cancel,425.33,ts-consign,396.414,ts-delivery,274.072,ts-execute,254.1789,ts-contacts,157.67,ts-notification,152.3733,ts-auth,52.4922,ts-ui,51.5633,ts-voucher,0.44
4, -- ,ts-order,4102.6686,ts-preserve-other,2149.2017,ts-ticketinfo,2069.0614,ts-route,1964.7379,ts-price,1833.5813,ts-config,1628.3921,ts-admin-order,1537.0239,ts-basic,1493.1353,ts-seat,1474.3771,ts-travel,1466.6243,ts-food,1445.492,ts-security,1386.8176,ts-station,1173.6619,ts-user,876.895,ts-execute,868.8496,ts-verification-code,860.8817,ts-assurance,856.6333,ts-rebook,849.8467,ts-inside-payment,845.5158,ts-train,839.0833,ts-preserve,792.5267,ts-consign,728.745,ts-payment,618.37,ts-cancel,596.1825,ts-food-map,521.8475,ts-delivery,513.0217,ts-ui,194.9341,ts-notification,163.8033,ts-contacts,66.27,ts-auth,13.7324
5, -- ,ts-order,4082.8313,ts-user,3666.3233,ts-consign,3249.0342,ts-route,2166.0387,ts-preserve-other,2152.0217,ts-train,1894.152,ts-cancel,1883.455,ts-food,1694.1033,ts-ticketinfo,1685.6927,ts-travel,1644.045,ts-seat,1547.7925,ts-config,1533.9993,ts-basic,1216.2585,ts-delivery,1050.2258,ts-station,1025.074,ts-admin-order,928.9549,ts-rebook,847.6667,ts-verification-code,847.6667,ts-price,735.6082,ts-food-map,696.832,ts-execute,693.5046,ts-inside-payment,471.6771,ts-preserve,331.98,ts-payment,160.205,ts-notification,157.265,ts-security,74.368,ts-contacts,14.22,ts-assurance,13.92,ts-auth,4.83,ts-admin-route,0.9712,ts-avatar,0.17
6, -- ,ts-consign,3700.2852,ts-order,3674.0217,ts-user,3112.7633,ts-preserve-other,2149.6017,ts-route,2075.2063,ts-cancel,2062.085,ts-train,1670.8618,ts-ticketinfo,1667.2356,ts-travel,1560.3464,ts-config,1529.7629,ts-seat,1476.9424,ts-food,1390.29,ts-basic,1195.5632,ts-delivery,966.8704,ts-station,906.1887,ts-admin-order,881.835,ts-verification-code,861.6167,ts-rebook,849.2217,ts-execute,722.5221,ts-price,648.5313,ts-food-map,492.63,ts-preserve,393.445,ts-contacts,254.88,ts-assurance,243.8567,ts-inside-payment,218.2775,ts-notification,156.7483,ts-payment,104.87,ts-security,102.5241,ts-auth,13.3583,ts-ui,0.8991,ts-admin-route,0.49
7, -- ,ts-user,4184.9617,ts-order,3058.4586,ts-preserve-other,2151.8933,ts-payment,1855.94,ts-route,1835.1847,ts-travel,1696.44,ts-ticketinfo,1621.2841,ts-config,1510.3222,ts-seat,1406.2225,ts-food,1345.16,ts-basic,1268.6102,ts-admin-order,897.3752,ts-train,868.1259,ts-verification-code,851.9067,ts-rebook,847.9967,ts-station,847.3242,ts-consign,808.1367,ts-food-map,719.4635,ts-price,514.3593,ts-delivery,451.9089,ts-cancel,414.3333,ts-preserve,399.42,ts-execute,389.1582,ts-inside-payment,251.8446,ts-notification,173.0383,ts-security,156.025,ts-assurance,135.9667,ts-contacts,57.779,ts-auth,2.748
8, -- ,ts-user,3910.7693,ts-order,2439.9377,ts-preserve-other,2148.3317,ts-route,1982.2472,ts-travel,1641.8075,ts-ticketinfo,1608.2438,ts-seat,1487.7891,ts-config,1443.6507,ts-food,1217.2233,ts-basic,1193.9848,ts-payment,1074.715,ts-admin-order,862.8004,ts-verification-code,855.5267,ts-rebook,848.6667,ts-station,837.3045,ts-train,565.6511,ts-food-map,480.7875,ts-price,470.3903,ts-consign,462.4133,ts-cancel,414.3333,ts-preserve,309.8815,ts-contacts,280.809,ts-delivery,210.95,ts-inside-payment,204.1779,ts-execute,197.4807,ts-notification,152.0,ts-security,72.11,ts-assurance,23.7,ts-avatar,4.52
9, -- ,ts-order,2511.2691,ts-preserve-other,2154.8267,ts-route,1868.9781,ts-user,1700.0748,ts-ticketinfo,1627.2181,ts-seat,1581.9894,ts-travel,1397.7238,ts-basic,1333.6071,ts-config,1319.5515,ts-food,1165.4433,ts-admin-order,1028.0523,ts-station,877.9814,ts-payment,869.705,ts-verification-code,857.7967,ts-rebook,854.9417,ts-consign,685.0025,ts-train,527.2683,ts-price,507.2557,ts-cancel,414.3333,ts-inside-payment,367.7008,ts-delivery,272.43,ts-execute,244.8474,ts-notification,228.9048,ts-contacts,179.335,ts-preserve,161.55,ts-food-map,90.39,ts-security,39.3333,ts-assurance,29.64,ts-auth,9.2467
10, -- ,ts-payment,3422.065,ts-ticketinfo,3211.6658,ts-order,3180.9157,ts-seat,2756.4955,ts-preserve-other,2152.0067,ts-route,1978.9673,ts-travel,1752.9426,ts-config,1403.1255,ts-user,1312.38,ts-basic,1281.095,ts-inside-payment,1023.385,ts-station,927.6225,ts-verification-code,849.5817,ts-rebook,848.385,ts-admin-order,553.2225,ts-food,539.5225,ts-train,450.9511,ts-price,437.3227,ts-execute,186.6701,ts-notification,159.3733,ts-cancel,126.0,ts-consign,96.7333,ts-delivery,70.28,ts-security,44.8697,ts-preserve,43.6967,ts-auth,8.7692,ts-contacts,5.43,ts-assurance,3.0767,ts-food-map,1.43
11, -- ,ts-order,5285.6949,ts-route,3714.2152,ts-ticketinfo,2888.1626,ts-seat,2560.0115,ts-travel,2542.4377,ts-preserve-other,2149.4717,ts-user,1347.136,ts-basic,1318.518,ts-config,1195.2808,ts-food,1163.4367,ts-payment,1114.5883,ts-station,992.9597,ts-verification-code,849.6667,ts-rebook,847.6667,ts-inside-payment,783.825,ts-admin-order,583.5337,ts-price,454.334,ts-train,428.121,ts-food-map,169.796,ts-notification,159.0,ts-execute,124.1793,ts-preserve,60.485,ts-contacts,46.72,ts-assurance,42.4567,ts-consign,25.02,ts-ui,15.18,ts-cancel,14.67,ts-security,13.175,ts-delivery,3.47
12, -- ,ts-order,4321.6027,ts-route,3182.6203,ts-ticketinfo,2874.7498,ts-travel,2596.5304,ts-seat,2491.8766,ts-preserve-other,2149.3917,ts-food,1562.3517,ts-basic,1289.6384,ts-config,1279.857,ts-user,1146.66,ts-station,1052.0224,ts-verification-code,849.0367,ts-rebook,847.7417,ts-train,507.9527,ts-inside-payment,469.0458,ts-admin-order,442.5321,ts-price,431.6908,ts-payment,291.005,ts-assurance,152.16,ts-notification,152.0,ts-preserve,141.6997,ts-execute,136.4593,ts-food-map,94.0615,ts-contacts,67.98,ts-consign,12.75,ts-auth,12.5567,ts-ui,6.09,ts-security,4.1181,ts-avatar,0.17,ts-admin-user,0.09,ts-delivery,0.04
13, -- ,ts-order,4022.3279,ts-route,3241.9792,ts-ticketinfo,3085.1768,ts-seat,2675.8273,ts-travel,2393.2091,ts-preserve-other,2149.2017,ts-food,1824.2633,ts-config,1187.1138,ts-basic,999.1823,ts-price,915.4183,ts-station,907.9803,ts-rebook,855.9267,ts-verification-code,848.0617,ts-user,799.2683,ts-admin-order,487.9137,ts-train,403.8151,ts-inside-payment,318.81,ts-payment,167.3,ts-notification,156.44,ts-contacts,150.51,ts-security,125.5756,ts-execute,123.8393,ts-assurance,56.56,ts-preserve,42.15,ts-consign,17.91,ts-food-map,10.23,ts-ui,6.09,ts-delivery,4.55
14, -- ,ts-order,4442.009,ts-route,3292.9478,ts-ticketinfo,3061.0658,ts-travel,2633.4283,ts-seat,2602.3554,ts-preserve-other,2148.2117,ts-food,2089.3933,ts-config,948.3143,ts-basic,900.5197,ts-verification-code,852.5717,ts-station,851.9821,ts-rebook,847.6667,ts-price,594.2887,ts-user,492.4733,ts-admin-order,439.1648,ts-inside-payment,360.91,ts-train,333.1345,ts-payment,248.5733,ts-execute,209.431,ts-notification,154.01,ts-security,74.3868,ts-contacts,50.46,ts-delivery,27.1717,ts-assurance,19.2,ts-preserve,15.065,ts-food-map,8.88,ts-auth,6.5967
15, -- ,ts-order,4441.8135,ts-route,3616.9653,ts-ticketinfo,3016.0279,ts-seat,2616.571,ts-travel,2310.0943,ts-preserve-other,2151.2367,ts-basic,1742.8811,ts-food,1282.4908,ts-config,928.5621,ts-rebook,847.6667,ts-verification-code,847.6667,ts-station,812.1498,ts-inside-payment,623.0708,ts-user,470.4433,ts-admin-order,414.3333,ts-train,408.3717,ts-notification,160.3133,ts-execute,155.7512,ts-food-map,130.446,ts-payment,123.89,ts-price,100.396,ts-security,79.7864,ts-cancel,41.136,ts-preserve,33.435,ts-ticket-office,19.08,ts-assurance,15.48,ts-consign,9.54,ts-delivery,5.995,ts-contacts,5.31,ts-admin-basic-info,1.6825,ts-auth,0.985
16, -- ,ts-order,4606.0131,ts-route,3332.7974,ts-ticketinfo,3024.0936,ts-food,2664.6058,ts-seat,2230.8002,ts-travel,2208.7011,ts-preserve-other,2148.1767,ts-basic,1921.6384,ts-config,900.026,ts-verification-code,853.7067,ts-rebook,848.6433,ts-station,792.6712,ts-user,474.96,ts-train,324.1422,ts-notification,218.6417,ts-admin-order,175.5161,ts-inside-payment,154.6025,ts-execute,92.3479,ts-price,86.8383,ts-security,30.6589,ts-preserve,24.163,ts-ticket-office,19.65,ts-cancel,12.35,ts-delivery,5.415,ts-payment,4.48,ts-consign,4.32,ts-assurance,2.2233,ts-food-map,1.67,ts-admin-user,1.375,ts-admin-basic-info,1.2025
17, -- ,ts-order,4445.6135,ts-route,4211.8628,ts-ticketinfo,3030.1274,ts-seat,2297.8086,ts-preserve-other,2148.36,ts-basic,1753.6383,ts-travel,1629.2867,ts-food,1556.1833,ts-config,893.4131,ts-verification-code,849.4967,ts-rebook,847.7217,ts-user,693.8233,ts-station,594.6827,ts-train,285.8318,ts-payment,238.405,ts-notification,223.4333,ts-inside-payment,194.3958,ts-execute,93.8054,ts-consign,50.85,ts-food-map,40.0915,ts-security,31.34,ts-price,28.9838,ts-admin-order,27.1382,ts-assurance,23.47,ts-contacts,20.91,ts-admin-route,4.3362,ts-delivery,4.26,ts-preserve,4.205
18, -- ,ts-route,4162.3012,ts-order,4018.8202,ts-ticketinfo,3033.7833,ts-seat,2176.6867,ts-preserve-other,2148.6267,ts-basic,1717.0418,ts-travel,1481.6865,ts-food,994.7683,ts-config,908.4923,ts-rebook,847.6667,ts-verification-code,847.6667,ts-inside-payment,772.7745,ts-station,519.4847,ts-user,446.0,ts-train,242.2786,ts-notification,152.0,ts-food-map,137.852,ts-assurance,130.7233,ts-execute,89.1879,ts-security,69.475,ts-contacts,51.57,ts-payment,41.7,ts-price,12.49,ts-avatar,11.04,ts-preserve,6.675,ts-admin-route,4.3362,ts-admin-order,4.124,ts-delivery,0.46
19, -- ,ts-route,3974.3544,ts-order,3867.1754,ts-preserve-other,2150.7417,ts-ticketinfo,2107.0,ts-seat,1719.3892,ts-basic,1718.0228,ts-travel,1398.5701,ts-food,911.5113,ts-verification-code,849.4517,ts-rebook,847.6667,ts-config,690.8456,ts-station,509.0587,ts-train,205.8209,ts-notification,191.0283,ts-admin-order,96.5385,ts-execute,89.2679,ts-preserve,81.2652,ts-food-map,69.5875,ts-inside-payment,56.1033,ts-security,45.895,ts-user,34.11,ts-assurance,30.7467,ts-payment,11.445,ts-contacts,4.43,ts-auth,2.0977
20, -- ,ts-route,3891.2055,ts-order,3862.7675,ts-preserve-other,2148.9717,ts-basic,1714.3608,ts-ticketinfo,1714.3333,ts-travel,1561.2817,ts-seat,1281.0,ts-food,931.3392,ts-verification-code,851.3617,ts-rebook,848.2217,ts-config,635.52,ts-station,503.24,ts-price,425.0223,ts-security,318.3072,ts-train,225.8743,ts-assurance,223.5833,ts-notification,205.1182,ts-payment,156.92,ts-user,125.54,ts-execute,89.5579,ts-inside-payment,33.99,ts-preserve,31.53,ts-admin-order,28.671,ts-food-map,13.564,ts-delivery,5.31,ts-auth,0.961,ts-admin-user,0.96,ts-contacts,0.48
21, -- ,ts-route,3883.9866,ts-order,3870.1112,ts-preserve-other,2155.2017,ts-ticketinfo,1715.8473,ts-basic,1714.3333,ts-seat,1394.0158,ts-travel,1104.5689,ts-verification-code,853.9167,ts-rebook,850.0067,ts-admin-order,665.784,ts-config,634.78,ts-food,626.555,ts-station,506.4351,ts-price,297.818,ts-train,199.5558,ts-notification,170.695,ts-user,96.84,ts-execute,89.5779,ts-security,89.0306,ts-payment,50.54,ts-delivery,40.97,ts-auth,37.6533,ts-inside-payment,31.5617,ts-assurance,29.1333,ts-admin-route,9.625,ts-preserve,9.355,ts-consign,5.31,ts-admin-basic-info,2.1637,ts-food-map,0.71,ts-avatar,0.17
22, -- ,ts-route,4036.9414,ts-order,4016.837,ts-preserve-other,2151.5067,ts-ticketinfo,1728.9283,ts-basic,1718.2867,ts-travel,1544.1884,ts-seat,1485.49,ts-verification-code,856.6267,ts-rebook,847.6667,ts-config,654.783,ts-station,484.5576,ts-food,435.3333,ts-train,251.5563,ts-notification,154.0,ts-inside-payment,113.7269,ts-execute,89.5579,ts-price,86.3573,ts-auth,56.5786,ts-preserve,45.82,ts-security,44.025,ts-payment,19.22,ts-user,17.19,ts-admin-order,16.3034,ts-ui,12.9833,ts-admin-route,6.9812,ts-assurance,6.2833,ts-delivery,2.4167,ts-admin-basic-info,1.9225,ts-consign,1.86,ts-admin-travel,1.3025
23, -- ,ts-route,2493.4483,ts-order,2237.043,ts-preserve-other,2151.1067,ts-basic,1140.088,ts-ticketinfo,1107.4373,ts-seat,1022.9886,ts-verification-code,857.1417,ts-rebook,847.6667,ts-travel,802.0699,ts-config,673.1346,ts-admin-order,585.9709,ts-station,437.7273,ts-user,378.22,ts-train,219.8601,ts-food,200.8028,ts-inside-payment,192.2158,ts-notification,159.01,ts-execute,110.3379,ts-security,52.925,ts-price,42.4939,ts-consign,17.61,ts-preserve,6.295,ts-admin-travel,1.3025,ts-food-map,1.09,ts-payment,1.01
24, -- ,ts-preserve-other,2150.4267,ts-route,1811.2326,ts-order,1285.7296,ts-seat,1093.4851,ts-rebook,849.0467,ts-verification-code,848.6617,ts-basic,847.6942,ts-ticketinfo,847.6667,ts-travel,689.5554,ts-config,651.0088,ts-station,538.4464,ts-admin-order,514.8266,ts-assurance,258.09,ts-train,227.9352,ts-user,218.73,ts-notification,163.535,ts-inside-payment,137.3958,ts-execute,91.9254,ts-food,83.7567,ts-security,58.07,ts-payment,35.305,ts-preserve,18.12,ts-consign,12.42,ts-food-map,11.7,ts-price,7.8907,ts-delivery,1.15
25, -- ,ts-preserve-other,2152.1317,ts-route,1730.7917,ts-assurance,1470.78,ts-order,1277.1061,ts-basic,852.7827,ts-ticketinfo,852.3547,ts-rebook,852.1217,ts-verification-code,850.7967,ts-config,652.9417,ts-seat,558.988,ts-station,478.7587,ts-travel,474.0971,ts-price,389.9807,ts-payment,221.3809,ts-train,207.4243,ts-food,181.79,ts-notification,164.605,ts-execute,104.7179,ts-inside-payment,64.4058,ts-user,21.48,ts-contacts,18.285,ts-security,18.06,ts-admin-order,15.2046,ts-preserve,11.08,ts-food-map,8.06,ts-delivery,2.9
26, -- ,ts-preserve-other,2149.4517,ts-route,1714.3333,ts-order,1262.57,ts-assurance,1111.1567,ts-verification-code,856.1067,ts-rebook,851.0167,ts-config,631.0,ts-ticketinfo,573.1853,ts-basic,546.2313,ts-station,481.0116,ts-seat,434.8483,ts-travel,434.8058,ts-train,209.3617,ts-price,188.394,ts-user,185.6895,ts-notification,152.0,ts-payment,102.935,ts-execute,93.3879,ts-food-map,74.9095,ts-food,59.2,ts-security,13.905,ts-inside-payment,9.2183,ts-delivery,6.2233,ts-consign,5.64,ts-contacts,2.97,ts-auth,1.93,ts-preserve,1.505,ts-ui,0.326
27, -- ,ts-preserve-other,2149.7517,ts-travel,1853.5147,ts-route,1853.3642,ts-assurance,1454.2167,ts-order,1384.9746,ts-verification-code,854.1267,ts-rebook,847.6667,ts-config,646.4965,ts-seat,427.3712,ts-ticketinfo,418.7922,ts-basic,414.5313,ts-station,370.3552,ts-train,199.2899,ts-inside-payment,174.7958,ts-auth,174.0788,ts-notification,153.325,ts-execute,138.6829,ts-consign,114.42,ts-price,80.022,ts-cancel,70.35,ts-security,69.22,ts-admin-order,53.9022,ts-payment,35.1,ts-food,19.74,ts-food-map,18.2295,ts-user,9.9855,ts-preserve,2.85,ts-delivery,1.68,ts-avatar,0.17
28, -- ,ts-preserve-other,2149.3417,ts-order,1187.5117,ts-route,1130.535,ts-assurance,989.0533,ts-rebook,847.6667,ts-verification-code,847.6667,ts-config,656.6131,ts-seat,449.6776,ts-ticketinfo,417.62,ts-basic,414.9793,ts-travel,392.6093,ts-station,331.7279,ts-train,226.7559,ts-notification,154.5233,ts-execute,90.1254,ts-inside-payment,68.365,ts-food,51.76,ts-food-map,48.8345,ts-security,26.61,ts-price,25.8427,ts-delivery,17.07,ts-auth,9.93,ts-payment,7.335,ts-admin-order,6.8011,ts-preserve,4.11,ts-user,4.03,ts-contacts,1.05
29, -- ,ts-preserve-other,2148.7967,ts-order,1182.3371,ts-route,851.9533,ts-rebook,848.1017,ts-verification-code,847.6667,ts-food,658.0367,ts-config,649.3979,ts-seat,432.6277,ts-ticketinfo,414.3333,ts-basic,414.3333,ts-station,339.63,ts-train,202.0567,ts-notification,157.0,ts-execute,112.1479,ts-travel,110.5735,ts-price,104.7426,ts-security,66.4475,ts-assurance,63.72,ts-contacts,53.77,ts-payment,44.01,ts-cancel,25.02,ts-food-map,16.3995,ts-preserve,15.97,ts-auth,13.0842,ts-delivery,6.455,ts-admin-order,1.758
30, -- ,ts-preserve-other,2149.7517,ts-route,852.71,ts-rebook,847.6667,ts-verification-code,847.6667,ts-config,634.78,ts-order,571.5848,ts-food,503.99,ts-seat,418.8517,ts-ticketinfo,414.3333,ts-basic,414.3333,ts-station,327.6667,ts-food-map,289.5495,ts-inside-payment,280.21,ts-train,245.4793,ts-notification,156.725,ts-execute,135.4879,ts-delivery,103.5133,ts-travel,82.4128,ts-user,61.2,ts-price,22.7067,ts-security,19.6675,ts-payment,16.985,ts-preserve,14.13,ts-contacts,11.07,ts-assurance,10.62,ts-admin-order,2.4368
31, -- ,ts-preserve-other,2148.4367,ts-travel,1947.6488,ts-route,939.379,ts-rebook,847.6667,ts-verification-code,847.6667,ts-config,685.3502,ts-order,490.6983,ts-seat,415.6174,ts-ticketinfo,414.3333,ts-basic,414.3333,ts-station,361.4237,ts-train,276.3676,ts-notification,153.4,ts-execute,109.7154,ts-food-map,96.2545,ts-contacts,85.59,ts-price,61.4383,ts-payment,51.235,ts-inside-payment,47.3375,ts-security,18.5,ts-food,2.26,ts-assurance,2.04,ts-user,0.5533,ts-preserve,0.37,ts-admin-order,0.124
32, -- ,ts-travel,2715.8209,ts-preserve-other,2148.8917,ts-route,872.6125,ts-rebook,847.6667,ts-verification-code,847.6667,ts-order,820.3255,ts-config,669.934,ts-preserve,584.5805,ts-seat,436.6948,ts-ticketinfo,414.3333,ts-basic,414.3333,ts-train,375.4519,ts-execute,325.7949,ts-station,290.9592,ts-notification,153.47,ts-price,90.392,ts-food,89.1083,ts-inside-payment,38.1793,ts-payment,28.98,ts-assurance,18.24,ts-contacts,11.88,ts-consign,9.0,ts-cancel,7.62,ts-security,5.95,ts-food-map,5.143,ts-auth,0.6367
33, -- ,ts-preserve-other,2147.8317,ts-travel,1407.6071,ts-train,1349.2958,ts-route,942.3883,ts-verification-code,847.8917,ts-rebook,847.6667,ts-station,654.6562,ts-config,631.0,ts-order,617.7048,ts-execute,605.8583,ts-preserve,568.435,ts-seat,422.4533,ts-ticketinfo,416.9593,ts-basic,416.0128,ts-notification,152.0,ts-admin-order,115.5238,ts-contacts,42.6,ts-user,28.38,ts-inside-payment,26.1325,ts-cancel,15.34,ts-price,14.5837,ts-assurance,13.77,ts-payment,12.735,ts-food-map,6.248,ts-food,3.7,ts-security,3.515,ts-auth,1.2967,ts-consign,0.69
34, -- ,ts-preserve-other,2147.6667,ts-train,1466.1301,ts-rebook,847.6667,ts-verification-code,847.6667,ts-user,819.48,ts-station,678.6408,ts-config,660.7251,ts-travel,598.3265,ts-order,445.5707,ts-seat,430.3559,ts-basic,415.8733,ts-ticketinfo,414.3333,ts-route,414.3333,ts-execute,412.0304,ts-notification,152.815,ts-price,54.1387,ts-consign,44.0,ts-security,25.655,ts-admin-order,24.2786,ts-contacts,24.24,ts-food,22.32,ts-auth,7.0367,ts-food-map,4.441,ts-inside-payment,4.025,ts-preserve,1.555,ts-payment,0.06
35, -- ,ts-preserve-other,2147.6667,ts-rebook,847.6667,ts-verification-code,847.6667,ts-order,640.0376,ts-config,633.8652,ts-train,614.711,ts-station,509.5081,ts-travel,501.5334,ts-route,441.2283,ts-seat,438.5843,ts-basic,414.3608,ts-ticketinfo,414.3333,ts-execute,174.5979,ts-notification,159.75,ts-food-map,134.82,ts-security,90.1168,ts-contacts,75.05,ts-user,60.3,ts-consign,54.0,ts-payment,32.84,ts-price,26.85,ts-preserve,14.57,ts-food,11.98,ts-admin-order,1.922,ts-admin-user,0.12
36, -- ,ts-preserve-other,2148.0667,ts-rebook,847.9867,ts-verification-code,847.6667,ts-config,675.0583,ts-user,602.48,ts-travel,561.1409,ts-order,557.8492,ts-ticketinfo,420.6093,ts-seat,419.8113,ts-route,415.0733,ts-train,299.6044,ts-station,282.102,ts-payment,209.13,ts-notification,160.375,ts-basic,126.0,ts-execute,104.3479,ts-price,80.7683,ts-contacts,43.85,ts-assurance,36.12,ts-food,25.77,ts-security,12.25,ts-preserve,4.425,ts-admin-order,4.3708,ts-food-map,4.352,ts-admin-route,0.25
37, -- ,ts-preserve-other,2147.9317,ts-rebook,853.6867,ts-verification-code,847.6667,ts-config,632.6225,ts-payment,595.445,ts-travel,529.8152,ts-seat,432.0811,ts-route,420.785,ts-user,401.75,ts-train,263.0817,ts-station,250.3458,ts-ticketinfo,207.99,ts-notification,173.0083,ts-execute,94.6379,ts-order,81.3625,ts-price,66.9567,ts-security,33.1075,ts-food,7.52,ts-delivery,5.84,ts-avatar,4.52,ts-preserve,1.57,ts-food-map,0.244,ts-inside-payment,0.2037,ts-basic,0.088
38, -- ,ts-preserve-other,2147.6667,ts-seat,2088.5967,ts-verification-code,849.2117,ts-rebook,847.6667,ts-config,631.0,ts-travel,445.177,ts-payment,404.885,ts-notification,344.0333,ts-order,306.1254,ts-train,267.8118,ts-station,245.3665,ts-route,128.84,ts-admin-order,100.8847,ts-inside-payment,92.7377,ts-execute,89.7754,ts-food-map,39.7765,ts-user,28.0833,ts-security,27.16,ts-food,7.54,ts-assurance,7.2,ts-ticketinfo,2.626,ts-preserve,2.136,ts-basic,1.874,ts-delivery,0.13
39, -- ,ts-preserve-other,2147.6767,ts-rebook,847.6667,ts-verification-code,847.6667,ts-config,634.1691,ts-travel,524.5296,ts-train,240.1312,ts-station,173.6667,ts-notification,154.5483,ts-seat,140.9402,ts-order,106.5388,ts-execute,89.0179,ts-auth,66.7292,ts-inside-payment,42.5825,ts-food-map,31.104,ts-security,29.14,ts-food,21.564,ts-admin-order,14.2849,ts-price,13.4929,ts-payment,10.125,ts-cancel,7.95,ts-preserve,7.199,ts-basic,1.9737,ts-route,1.56,ts-assurance,1.26,ts-user,0.24
40, -- ,ts-preserve-other,2147.6667,ts-travel,1471.474,ts-rebook,847.6667,ts-verification-code,847.6667,ts-config,663.775,ts-auth,333.7243,ts-train,277.0725,ts-station,160.8203,ts-notification,156.0,ts-inside-payment,124.7242,ts-execute,89.0179,ts-food-map,60.9735,ts-food,58.71,ts-ticketinfo,50.061,ts-security,40.825,ts-basic,33.8282,ts-assurance,27.51,ts-admin-order,27.2582,ts-order,25.3423,ts-payment,12.53,ts-seat,10.8739,ts-price,5.6427,ts-user,1.56,ts-preserve,1.44,ts-delivery,1.405
41, -- ,ts-preserve-other,2147.6667,ts-basic,1127.55,ts-rebook,847.6667,ts-verification-code,847.6667,ts-ticketinfo,765.1082,ts-config,633.3539,ts-train,238.6902,ts-route,177.3791,ts-station,173.5906,ts-notification,152.5033,ts-travel,151.2817,ts-inside-payment,123.3283,ts-execute,95.9429,ts-order,79.2608,ts-consign,78.0,ts-seat,60.2464,ts-auth,56.7076,ts-admin-order,49.125,ts-food,34.48,ts-user,26.8233,ts-price,26.6627,ts-payment,21.14,ts-security,5.75,ts-preserve,5.59
42, -- ,ts-preserve-other,2147.6667,ts-basic,1109.3865,ts-rebook,847.6667,ts-verification-code,847.6667,ts-config,636.6973,ts-ticketinfo,604.6463,ts-food,358.1115,ts-train,216.2974,ts-station,168.9072,ts-notification,158.1,ts-travel,104.5758,ts-execute,93.1604,ts-contacts,80.8,ts-price,65.0367,ts-route,49.8045,ts-inside-payment,31.8762,ts-seat,23.6571,ts-order,23.445,ts-security,17.3825,ts-payment,13.125,ts-assurance,11.01,ts-cancel,10.2,ts-admin-order,7.59,ts-auth,5.27,ts-consign,1.41,ts-delivery,0.325
43, -- ,ts-preserve-other,2148.1767,ts-basic,881.3892,ts-rebook,849.4267,ts-verification-code,847.6667,ts-config,633.295,ts-ticketinfo,422.0373,ts-train,216.2364,ts-notification,171.935,ts-station,155.9667,ts-execute,89.8854,ts-food,73.43,ts-order,61.9596,ts-security,47.1875,ts-travel,30.0307,ts-payment,28.97,ts-user,28.95,ts-seat,25.981,ts-contacts,15.94,ts-inside-payment,6.375,ts-admin-basic-info,5.2887,ts-route,4.9333,ts-price,4.4837,ts-delivery,3.58,ts-preserve,2.3,ts-auth,2.18,ts-ticket-office,1.8825,ts-avatar,0.17
44, -- ,ts-preserve-other,2148.0017,ts-verification-code,848.1467,ts-rebook,848.0017,ts-basic,847.6667,ts-config,634.5157,ts-ticketinfo,438.6862,ts-train,212.1685,ts-notification,176.855,ts-station,168.3582,ts-security,116.4747,ts-order,98.2789,ts-execute,89.0179,ts-price,42.0235,ts-payment,31.555,ts-travel,30.8693,ts-food,28.23,ts-assurance,19.8567,ts-seat,12.8921,ts-cancel,9.27,ts-consign,8.94,ts-admin-basic-info,5.2887,ts-auth,3.2833,ts-preserve,2.44,ts-user,1.92,ts-ticket-office,1.8825,ts-food-map,0.292
45, -- ,ts-preserve-other,2153.6817,ts-rebook,848.2617,ts-verification-code,847.6667,ts-basic,847.6667,ts-config,631.1551,ts-ticketinfo,417.5898,ts-station,267.9579,ts-train,200.9993,ts-notification,152.195,ts-execute,89.0179,ts-food-map,88.25,ts-price,87.9144,ts-order,46.7152,ts-payment,33.0855,ts-contacts,32.91,ts-food,19.91,ts-assurance,19.18,ts-travel,18.7359,ts-security,11.61,ts-seat,8.2418,ts-inside-payment,2.29,ts-preserve,1.557
46, -- ,ts-preserve-other,2147.6667,ts-verification-code,850.9017,ts-rebook,847.6667,ts-basic,847.6667,ts-order,769.7819,ts-config,631.0,ts-ticketinfo,416.6413,ts-train,198.5811,ts-station,198.3011,ts-travel,175.5801,ts-notification,153.005,ts-food-map,93.299,ts-execute,89.0179,ts-price,49.281,ts-seat,47.4088,ts-user,30.66,ts-payment,28.4,ts-food,15.78,ts-route,12.3778,ts-preserve,10.545,ts-security,9.94,ts-inside-payment,7.5485,ts-admin-order,6.9375,ts-auth,2.4033,ts-cancel,1.74,ts-contacts,0.45
47, -- ,ts-preserve-other,2148.3067,ts-order,968.8596,ts-basic,848.8707,ts-rebook,847.9417,ts-verification-code,847.6667,ts-config,631.0,ts-ticketinfo,418.7053,ts-price,290.8173,ts-seat,234.3359,ts-station,211.4178,ts-train,203.2155,ts-notification,152.0,ts-news,100.61,ts-execute,89.0179,ts-contacts,66.75,ts-travel,47.0543,ts-admin-order,32.3411,ts-security,25.035,ts-food,22.36,ts-consign,6.36,ts-user,5.47,ts-auth,4.465,ts-route,4.0933,ts-payment,3.15,ts-preserve,1.88,ts-food-map,0.444,ts-inside-payment,0.3142
48, -- ,ts-preserve-other,2147.7367,ts-verification-code,853.8517,ts-rebook,847.6667,ts-basic,847.6667,ts-config,632.4933,ts-ticketinfo,414.3333,ts-price,252.648,ts-train,216.3274,ts-seat,209.792,ts-station,157.3505,ts-notification,152.44,ts-execute,89.0179,ts-food,44.076,ts-security,32.425,ts-order,24.24,ts-inside-payment,13.6675,ts-travel,12.2617,ts-contacts,10.5,ts-admin-order,3.612,ts-payment,3.6,ts-news,1.167,ts-food-map,0.44,ts-user,0.25
49, -- ,ts-preserve-other,2147.6667,ts-rebook,847.7117,ts-verification-code,847.6667,ts-config,635.536,ts-basic,540.3333,ts-ticketinfo,414.3333,ts-train,341.4638,ts-station,154.3333,ts-notification,152.8233,ts-execute,89.0179,ts-travel,84.1255,ts-route,70.0284,ts-seat,49.413,ts-food-map,31.117,ts-user,24.39,ts-assurance,19.4433,ts-order,17.8867,ts-inside-payment,14.5025,ts-food,9.64,ts-payment,9.42,ts-admin-order,8.4089,ts-delivery,6.755,ts-security,6.04,ts-contacts,2.9,ts-price,1.015,ts-preserve,0.875,ts-ui,0.0231
50, -- ,ts-preserve-other,2147.6667,ts-route,1158.1766,ts-rebook,847.6667,ts-verification-code,847.6667,ts-config,646.5314,ts-ticketinfo,414.3333,ts-basic,414.3333,ts-train,240.0231,ts-travel,189.1333,ts-station,164.0138,ts-notification,153.3733,ts-execute,89.0179,ts-seat,65.673,ts-food,57.94,ts-price,35.4197,ts-order,22.829,ts-inside-payment,18.2321,ts-user,9.9425,ts-admin-order,7.7829,ts-assurance,6.3,ts-consign,6.24,ts-security,5.4,ts-delivery,4.535,ts-contacts,2.9,ts-news,2.89,ts-preserve,1.355
51, -- ,ts-preserve-other,2147.6667,ts-route,1941.41,ts-seat,949.8978,ts-rebook,847.6667,ts-verification-code,847.6667,ts-config,633.1975,ts-ticketinfo,498.6313,ts-basic,414.3333,ts-train,332.563,ts-notification,180.4567,ts-station,156.0989,ts-execute,95.4179,ts-travel,66.973,ts-price,41.9819,ts-delivery,38.535,ts-security,35.53,ts-payment,12.76,ts-order,10.2575,ts-assurance,6.33,ts-contacts,5.74,ts-food,4.38,ts-inside-payment,3.454,ts-auth,0.78,ts-preserve,0.36
52, -- ,ts-preserve-other,2147.6667,ts-seat,869.1894,ts-route,856.7522,ts-rebook,853.0617,ts-verification-code,847.6667,ts-config,631.0,ts-basic,414.3608,ts-train,212.2691,ts-travel,156.4508,ts-station,154.3333,ts-notification,152.3733,ts-ticketinfo,127.356,ts-payment,120.155,ts-execute,97.3779,ts-cancel,27.31,ts-preserve,19.11,ts-order,10.6833,ts-security,5.8,ts-user,4.59,ts-food,4.524,ts-delivery,1.485
53, -- ,ts-preserve-other,2151.8767,ts-rebook,847.6667,ts-verification-code,847.6667,ts-config,652.2419,ts-route,454.1544,ts-basic,414.3608,ts-user,335.24,ts-train,204.5063,ts-station,158.1617,ts-travel,156.6621,ts-notification,152.0,ts-execute,94.5779,ts-seat,90.0782,ts-inside-payment,50.8225,ts-food,42.79,ts-payment,37.53,ts-admin-order,25.9064,ts-order,22.7575,ts-delivery,4.045,ts-price,3.246,ts-security,2.4975,ts-preserve,2.08,ts-cancel,0.7
54, -- ,ts-preserve-other,2147.6667,ts-verification-code,848.2817,ts-rebook,847.6667,ts-config,678.7368,ts-route,468.0811,ts-basic,414.3333,ts-travel,240.9623,ts-train,208.3795,ts-user,175.56,ts-station,158.6224,ts-order,153.1843,ts-notification,152.45,ts-execute,89.3379,ts-contacts,60.06,ts-inside-payment,43.8245,ts-food,27.12,ts-seat,14.2808,ts-price,10.2,ts-preserve,9.61,ts-payment,1.8475,ts-ticketinfo,0.9529,ts-security,0.915,ts-auth,0.046
55, -- ,ts-preserve-other,2147.6767,ts-rebook,847.6667,ts-verification-code,847.6667,ts-config,638.9677,ts-route,452.5956,ts-basic,414.3333,ts-consign,216.02,ts-train,200.11,ts-station,163.9329,ts-notification,152.0,ts-execute,89.3612,ts-price,54.088,ts-seat,41.6289,ts-preserve,35.48,ts-travel,29.8424,ts-cancel,23.97,ts-contacts,22.69,ts-order,14.7058,ts-food,3.44,ts-assurance,3.18,ts-ticketinfo,2.8495,ts-inside-payment,2.1625,ts-delivery,1.79
56, -- ,ts-preserve-other,2147.6667,ts-rebook,847.6667,ts-verification-code,847.6667,ts-config,634.0572,ts-basic,414.3333,ts-train,211.6613,ts-route,210.57,ts-station,166.3096,ts-notification,152.0,ts-food,110.657,ts-execute,89.0179,ts-seat,76.403,ts-travel,69.4089,ts-consign,61.698,ts-user,55.35,ts-preserve,46.435,ts-price,45.0367,ts-cancel,33.27,ts-payment,29.925,ts-order,10.19,ts-auth,8.3633,ts-contacts,7.84,ts-security,7.11,ts-ui,5.157,ts-food-map,3.23,ts-delivery,1.05,ts-ticket-office,0.7425,ts-inside-payment,0.4814,ts-ticketinfo,0.404
57, -- ,ts-preserve-other,2147.9467,ts-rebook,847.6667,ts-verification-code,847.6667,ts-config,631.815,ts-assurance,464.9767,ts-travel,272.497,ts-user,268.92,ts-train,254.2867,ts-auth,174.3461,ts-station,168.7255,ts-notification,152.13,ts-basic,126.0,ts-order,119.515,ts-execute,106.2879,ts-food-map,92.204,ts-preserve,27.3343,ts-payment,17.715,ts-seat,13.2728,ts-food,7.32,ts-security,5.8,ts-price,1.794,ts-contacts,1.57,ts-cancel,0.795,ts-ticket-office,0.79,ts-delivery,0.02
58, -- ,ts-preserve-other,2147.6667,ts-rebook,847.6667,ts-verification-code,847.6667,ts-config,640.8802,ts-assurance,293.9967,ts-travel,262.7936,ts-train,253.6037,ts-station,167.067,ts-notification,153.54,ts-execute,94.3479,ts-inside-payment,73.6603,ts-seat,73.1544,ts-contacts,58.82,ts-user,52.915,ts-order,51.9919,ts-food-map,43.084,ts-admin-order,42.2437,ts-food,28.806,ts-route,28.3991,ts-consign,21.618,ts-auth,19.575,ts-ticketinfo,15.5751,ts-preserve,2.58,ts-delivery,2.555,ts-basic,1.1132,ts-security,0.355
59, -- ,ts-preserve-other,2147.6667,ts-rebook,847.6667,ts-verification-code,847.6667,ts-config,640.0636,ts-train,233.1452,ts-user,229.4958,ts-station,157.6438,ts-notification,152.0,ts-execute,111.1779,ts-seat,110.0945,ts-contacts,101.74,ts-travel,81.216,ts-order,41.3275,ts-price,34.71,ts-cancel,26.79,ts-payment,22.585,ts-food-map,10.48,ts-route,9.368,ts-assurance,6.99,ts-security,6.7072,ts-preserve,6.3,ts-food,5.64,ts-inside-payment,5.57,ts-delivery,3.945,ts-admin-order,2.032,ts-basic,1.2286,ts-ticketinfo,1.1856,ts-ui,0.0338
60, -- ,ts-preserve-other,2147.6667,ts-rebook,847.8867,ts-verification-code,847.6667,ts-config,636.63,ts-train,199.0,ts-notification,157.11,ts-station,154.3333,ts-preserve,130.6408,ts-execute,110.9479,ts-contacts,79.31,ts-food,79.03,ts-order,59.043,ts-price,35.2533,ts-inside-payment,14.022,ts-travel,10.485,ts-seat,8.9533,ts-route,8.4816,ts-assurance,4.35,ts-payment,1.525,ts-cancel,0.63
61, -- ,ts-preserve-other,2148.3167,ts-rebook,847.6667,ts-verification-code,847.6667,ts-config,632.925,ts-train,210.7184,ts-station,154.3333,ts-notification,152.3733,ts-seat,103.9547,ts-execute,92.8079,ts-order,60.6383,ts-travel,39.0268,ts-security,37.0833,ts-food,26.839,ts-contacts,21.78,ts-preserve,20.58,ts-price,11.508,ts-cancel,9.06,ts-admin-user,5.145,ts-auth,4.1667,ts-user,3.45,ts-payment,1.195,ts-assurance,0.62
62, -- ,ts-preserve-other,2147.6667,ts-verification-code,848.0617,ts-rebook,847.6667,ts-config,631.0,ts-train,197.6667,ts-station,161.4233,ts-notification,156.36,ts-execute,90.6479,ts-security,78.383,ts-route,44.1108,ts-seat,42.1892,ts-order,28.6958,ts-price,18.4693,ts-travel,16.845,ts-ui,7.27,ts-auth,5.05,ts-ticketinfo,3.102,ts-basic,1.652,ts-payment,1.5575,ts-user,1.4545,ts-inside-payment,1.3925,ts-contacts,0.91
63, -- ,ts-preserve-other,3725.0417,ts-config,2076.26,ts-verification-code,1701.2733,ts-rebook,1453.6417,ts-train,1186.7508,ts-station,799.0267,ts-travel,765.8183,ts-seat,741.5555,ts-notification,662.6375,ts-execute,598.1579,ts-order,488.1665,ts-voucher,451.725,ts-news,416.385,ts-avatar,395.16,ts-admin-travel,393.135,ts-admin-route,381.99,ts-admin-basic-info,381.87,ts-assurance,381.105,ts-route,362.185,ts-contacts,347.775,ts-food,332.025,ts-security,285.4192,ts-price,284.445,ts-admin-user,263.64,ts-consign,255.03,ts-basic,254.025,ts-admin-order,252.8424,ts-cancel,244.365,ts-payment,193.82,ts-food-map,154.9565,ts-preserve,136.125,ts-ticket-office,130.8,ts-user,123.5545,ts-inside-payment,111.7175,ts-auth,109.395,ts-delivery,88.58,ts-ui,24.27
64, -- ,ts-seat,18852.0348,ts-preserve-other,3725.0417,ts-config,2075.52,ts-verification-code,1697.1817,ts-rebook,1453.6417,ts-train,1187.3756,ts-station,809.685,ts-travel,769.5131,ts-notification,662.1183,ts-execute,596.6279,ts-order,470.2167,ts-voucher,451.725,ts-news,416.94,ts-avatar,395.16,ts-admin-travel,393.15,ts-admin-route,382.035,ts-admin-basic-info,381.915,ts-assurance,381.12,ts-contacts,337.74,ts-food,331.885,ts-price,284.445,ts-security,283.3125,ts-route,266.71,ts-admin-user,263.64,ts-basic,256.31,ts-consign,255.03,ts-admin-order,252.6236,ts-cancel,244.365,ts-payment,195.775,ts-preserve,136.17,ts-ticket-office,130.8,ts-user,125.975,ts-food-map,125.76,ts-inside-payment,111.6692,ts-auth,109.395,ts-delivery,88.655,ts-ui,33.36,ts-ticketinfo,7.4342
65, -- ,ts-preserve-other,2147.6667,ts-rebook,847.6667,ts-verification-code,847.6667,ts-config,636.4782,ts-seat,390.1718,ts-consign,301.78,ts-train,199.2767,ts-station,182.6317,ts-notification,152.3733,ts-execute,89.0179,ts-user,67.53,ts-contacts,59.83,ts-cancel,27.51,ts-security,22.255,ts-order,13.8133,ts-delivery,13.34,ts-travel,11.415,ts-ticketinfo,10.8273,ts-food-map,7.536,ts-admin-order,2.752,ts-food,2.66,ts-inside-payment,1.65,ts-assurance,1.3667,ts-basic,0.198,ts-admin-route,0.01
66, -- ,ts-preserve-other,2147.6667,ts-rebook,847.6667,ts-verification-code,847.6667,ts-config,631.0,ts-seat,323.7487,ts-train,197.6667,ts-station,165.9621,ts-notification,158.205,ts-execute,89.2679,ts-consign,49.24,ts-price,35.6167,ts-preserve,28.05,ts-food-map,12.0185,ts-contacts,8.6,ts-inside-payment,0.562,ts-travel,0.2491,ts-security,0.225
67, -- ,ts-preserve-other,2147.6667,ts-rebook,847.6667,ts-verification-code,847.6667,ts-config,645.661,ts-seat,320.8517,ts-train,197.6667,ts-station,155.9933,ts-notification,152.115,ts-execute,89.5579,ts-price,32.8983,ts-travel,20.8429,ts-food-map,17.2385,ts-payment,13.3033,ts-order,5.1814,ts-ticketinfo,1.196,ts-inside-payment,0.235
68, -- ,ts-preserve-other,2149.9917,ts-verification-code,855.4117,ts-rebook,849.6167,ts-config,641.6066,ts-security,418.2624,ts-seat,320.3183,ts-train,197.6667,ts-notification,181.9,ts-station,155.3508,ts-food-map,131.9715,ts-execute,111.5982,ts-preserve,31.6,ts-contacts,25.015,ts-consign,15.57,ts-ui,15.18,ts-travel,8.5553,ts-auth,4.61,ts-inside-payment,2.1033,ts-order,1.2,ts-food,0.12
69, -- ,ts-preserve-other,2147.6667,ts-rebook,847.7117,ts-verification-code,847.6667,ts-config,829.5983,ts-seat,335.531,ts-train,334.22,ts-execute,293.9379,ts-station,224.8343,ts-notification,153.125,ts-payment,45.3395,ts-preserve,26.1,ts-ui,15.18,ts-inside-payment,12.155,ts-contacts,9.59,ts-travel,8.95,ts-auth,5.9333,ts-ticketinfo,4.848,ts-security,3.56,ts-assurance,0.4433,ts-order,0.4075,ts-consign,0.09
70, -- ,ts-preserve-other,2147.6667,ts-verification-code,848.7267,ts-rebook,847.6667,ts-config,829.5983,ts-train,337.627,ts-seat,318.3333,ts-execute,293.9379,ts-station,224.0033,ts-notification,176.7667,ts-admin-order,56.6587,ts-order,41.6264,ts-cancel,31.17,ts-inside-payment,27.4592,ts-user,23.37,ts-security,10.9196,ts-food,8.23,ts-assurance,4.9733,ts-ticketinfo,3.736,ts-delivery,2.09,ts-route,1.805,ts-preserve,0.9
71, -- ,ts-preserve-other,2147.7167,ts-rebook,847.6667,ts-verification-code,847.6667,ts-contacts,668.79,ts-config,639.15,ts-consign,338.388,ts-seat,318.3333,ts-train,198.0267,ts-station,156.6046,ts-notification,152.195,ts-execute,89.0179,ts-security,17.3741,ts-user,9.42,ts-food,8.285,ts-ticketinfo,3.578,ts-order,2.2333,ts-admin-order,2.086,ts-delivery,1.89,ts-route,1.475,ts-ui,0.08
72, -- ,ts-seat,18547.0833,ts-consign,6505.08,ts-preserve-other,4648.1117,ts-travel,3074.035,ts-verification-code,2219.4017,ts-config,1223.7725,ts-rebook,1134.1967,ts-food,817.6742,ts-inside-payment,610.725,ts-user,582.84,ts-order,571.955,ts-auth,517.8054,ts-food-map,495.988,ts-train,409.4567,ts-voucher,367.485,ts-execute,363.9454,ts-route,339.0466,ts-contacts,325.77,ts-ticketinfo,323.085,ts-ticket-office,302.085,ts-delivery,265.095,ts-station,209.0758,ts-ui,172.185,ts-notification,152.255,ts-security,60.43,ts-payment,43.76
73, -- ,ts-seat,18550.2567,ts-consign,6454.455,ts-preserve-other,4648.0417,ts-travel,3069.5575,ts-verification-code,2219.4017,ts-config,1223.7725,ts-rebook,1134.4967,ts-inside-payment,607.02,ts-user,582.84,ts-order,570.165,ts-auth,516.2419,ts-food-map,495.45,ts-train,421.6184,ts-voucher,367.515,ts-execute,363.9454,ts-route,335.43,ts-delivery,334.715,ts-ticketinfo,314.745,ts-ticket-office,302.28,ts-station,209.0758,ts-ui,172.86,ts-notification,152.0,ts-security,60.225,ts-payment,2.58
74, -- ,ts-seat,18548.9383,ts-consign,6462.915,ts-preserve-other,4649.4517,ts-travel,3095.4575,ts-verification-code,2219.4017,ts-config,1223.7725,ts-rebook,1134.1967,ts-inside-payment,607.02,ts-user,582.84,ts-order,570.8625,ts-auth,516.2419,ts-food-map,495.45,ts-train,409.4567,ts-voucher,367.515,ts-execute,363.9454,ts-route,335.43,ts-ticketinfo,314.745,ts-ticket-office,302.28,ts-assurance,300.17,ts-delivery,265.095,ts-station,215.6578,ts-ui,172.86,ts-notification,153.625,ts-security,60.225,ts-contacts,21.81,ts-preserve,7.6,ts-basic,5.2678,ts-food,4.42,ts-admin-order,0.232
75, -- ,ts-seat,40497.5348,ts-preserve-other,2523.9817,ts-rebook,1467.1792,ts-verification-code,1110.7967,ts-config,912.3867,ts-notification,660.1125,ts-execute,539.6254,ts-travel,539.349,ts-train,536.6733,ts-station,477.3462,ts-order,461.835,ts-food,460.025,ts-voucher,451.725,ts-news,421.62,ts-avatar,395.16,ts-admin-travel,393.165,ts-assurance,386.525,ts-admin-route,382.035,ts-admin-basic-info,381.915,ts-contacts,340.28,ts-price,287.1183,ts-admin-user,263.64,ts-basic,260.414,ts-consign,257.85,ts-security,255.1892,ts-route,253.17,ts-admin-order,249.375,ts-cancel,244.515,ts-payment,194.08,ts-preserve,147.295,ts-ticket-office,130.92,ts-delivery,128.914,ts-food-map,125.01,ts-user,122.25,ts-auth,109.395,ts-inside-payment,106.92
76, -- ,ts-seat,40480.9383,ts-preserve-other,2537.385,ts-rebook,1487.25,ts-verification-code,1118.6567,ts-execute,849.652,ts-config,808.3033,ts-notification,559.31,ts-news,421.62,ts-train,417.9683,ts-avatar,395.175,ts-station,345.3308,ts-travel,291.6517,ts-food,252.3,ts-contacts,246.885,ts-order,225.805,ts-price,174.1267,ts-security,154.2075,ts-preserve,141.785,ts-payment,139.9,ts-route,126.09,ts-user,36.14
77, -- ,ts-preserve-other,2196.6067,ts-verification-code,899.6567,ts-rebook,881.0967,ts-config,631.075,ts-seat,319.0567,ts-notification,229.62,ts-train,197.6667,ts-station,154.3333,ts-execute,89.0179,ts-contacts,52.59,ts-price,36.16,ts-inside-payment,32.0828,ts-security,25.6958,ts-news,19.46,ts-avatar,12.5,ts-travel,10.997,ts-payment,1.21,ts-preserve,0.77,ts-food-map,0.488,ts-food,0.4,ts-order,0.25
78, -- ,ts-seat,40484.6467,ts-preserve-other,2523.9817,ts-rebook,1467.1867,ts-verification-code,1110.8367,ts-execute,850.882,ts-config,812.3908,ts-notification,547.9483,ts-news,421.62,ts-train,421.5783,ts-avatar,395.16,ts-station,348.62,ts-travel,315.4702,ts-food,252.33,ts-contacts,231.28,ts-order,224.31,ts-price,213.9933,ts-preserve,140.66,ts-security,128.9725,ts-route,127.11,ts-payment,123.935,ts-delivery,70.73
79, -- ,ts-preserve-other,2147.6667,ts-rebook,847.6667,ts-verification-code,847.6667,ts-config,631.0,ts-seat,318.9283,ts-train,197.6667,ts-station,154.3333,ts-notification,152.0,ts-food,134.35,ts-execute,89.0179,ts-admin-order,8.1043,ts-preserve,1.985,ts-security,0.975,ts-inside-payment,0.905,ts-food-map,0.232
80, -- ,ts-seat,22245.9968,ts-consign,6707.775,ts-preserve-other,5229.0992,ts-travel,3652.7073,ts-verification-code,2709.6217,ts-rebook,1973.3487,ts-config,1535.8592,ts-order,1037.45,ts-notification,958.4333,ts-train,837.7785,ts-execute,833.5412,ts-voucher,819.24,ts-inside-payment,715.16,ts-user,705.24,ts-route,702.6917,ts-auth,625.6369,ts-food-map,612.195,ts-news,585.565,ts-station,556.8658,ts-avatar,518.46,ts-security,435.0945,ts-ticket-office,433.875,ts-contacts,428.895,ts-admin-travel,393.15,ts-admin-route,382.035,ts-admin-basic-info,381.915,ts-assurance,381.525,ts-delivery,354.91,ts-food,348.975,ts-ticketinfo,314.865,ts-price,289.843,ts-admin-user,263.64,ts-admin-order,257.5393,ts-basic,254.13,ts-cancel,244.59,ts-payment,215.91,ts-preserve,179.135,ts-ui,172.74
81, -- ,ts-preserve-other,2150.5754,ts-seat,1234.705,ts-rebook,849.5992,ts-verification-code,848.8167,ts-config,645.1625,ts-train,262.0567,ts-station,169.6722,ts-notification,152.45,ts-execute,91.9579,ts-travel,21.43,ts-assurance,20.57,ts-preserve,13.5,ts-ticketinfo,8.658,ts-basic,5.674,ts-security,5.605,ts-order,4.77,ts-contacts,3.35,ts-price,1.92,ts-route,1.8933,ts-inside-payment,0.4275
82, -- ,ts-preserve-other,2148.2117,ts-rebook,847.6667,ts-verification-code,847.6667,ts-config,631.33,ts-seat,414.5367,ts-train,197.6667,ts-station,154.3333,ts-notification,152.0,ts-execute,89.0179,ts-food,37.7033,ts-travel,10.5435,ts-order,10.1407,ts-payment,8.58,ts-assurance,1.4733
83, -- ,ts-preserve-other,2148.3717,ts-verification-code,847.8967,ts-rebook,847.6667,ts-config,631.0,ts-seat,414.6667,ts-train,197.6667,ts-station,154.4213,ts-notification,153.055,ts-execute,89.0179,ts-auth,85.6233,ts-security,23.8348,ts-ticketinfo,22.15,ts-basic,19.082,ts-order,12.4007,ts-route,11.2467,ts-ui,1.6366,ts-travel,1.29,ts-admin-route,0.62,ts-delivery,0.32
84, -- ,ts-preserve-other,2147.6667,ts-rebook,848.5317,ts-verification-code,847.6667,ts-config,631.0,ts-seat,414.3333,ts-train,197.6667,ts-station,154.3333,ts-notification,152.705,ts-execute,89.0179,ts-auth,87.8333,ts-basic,21.54,ts-inside-payment,19.5942,ts-ticketinfo,10.72,ts-admin-order,8.4461,ts-food,3.45,ts-route,1.8733
85, -- ,ts-preserve-other,2147.6667,ts-rebook,847.6667,ts-verification-code,847.6667,ts-config,631.0,ts-seat,414.3333,ts-train,197.6667,ts-notification,154.8383,ts-station,154.3333,ts-execute,89.0179,ts-ui,46.4723,ts-route,12.6067,ts-ticketinfo,7.388,ts-admin-order,3.7455,ts-basic,2.098,ts-travel,2.04,ts-order,1.675,ts-assurance,0.87,ts-auth,0.06
86, -- ,ts-seat,17808.7526,ts-preserve-other,2151.6367,ts-rebook,849.0867,ts-verification-code,848.1767,ts-config,634.9164,ts-train,198.6429,ts-notification,157.35,ts-station,154.3333,ts-execute,89.0179,ts-travel,33.077,ts-route,4.9066,ts-contacts,1.12,ts-assurance,0.75,ts-admin-travel,0.26,ts-avatar,0.17
87, -- ,ts-preserve-other,2147.6917,ts-rebook,848.0567,ts-verification-code,847.6667,ts-config,631.0,ts-train,198.7233,ts-notification,161.8433,ts-station,154.3333,ts-seat,126.4283,ts-execute,89.0179,ts-contacts,22.74,ts-food,13.47,ts-consign,12.84,ts-cancel,9.45,ts-order,7.34,ts-travel,5.68,ts-route,4.7233,ts-ticketinfo,2.784,ts-price,0.704,ts-basic,0.646,ts-food-map,0.36,ts-preserve,0.335,ts-admin-travel,0.26
88, -- ,ts-preserve-other,2149.3017,ts-rebook,847.6667,ts-verification-code,847.6667,ts-config,635.5575,ts-train,197.6667,ts-notification,156.3583,ts-station,154.3333,ts-execute,89.0179,ts-inside-payment,7.085,ts-admin-order,4.995,ts-ticketinfo,4.848,ts-route,2.08,ts-food-map,0.256
89, -- ,ts-preserve-other,2148.1867,ts-rebook,848.4617,ts-verification-code,847.6667,ts-config,635.5575,ts-train,197.6667,ts-station,154.3333,ts-notification,153.415,ts-execute,89.0179,ts-food,77.2463,ts-preserve,27.0,ts-inside-payment,23.12,ts-security,13.28,ts-route,2.12,ts-price,1.7833,ts-food-map,0.77
90, -- ,ts-preserve-other,2148.4017,ts-rebook,847.6667,ts-verification-code,847.6667,ts-config,636.4,ts-train,197.6667,ts-station,154.3333,ts-notification,152.0,ts-execute,89.0179,ts-travel,30.5283,ts-order,19.3,ts-route,13.0567,ts-security,10.77,ts-basic,0.534,ts-payment,0.2225,ts-ticketinfo,0.086
91, -- ,ts-preserve-other,2147.6667,ts-verification-code,848.1767,ts-rebook,847.6667,ts-config,726.6933,ts-train,305.2976,ts-execute,277.7295,ts-station,176.6208,ts-notification,152.705,ts-order,67.1971,ts-security,54.8383,ts-travel,37.0528,ts-food,21.5,ts-seat,16.6224,ts-consign,7.35,ts-user,3.63,ts-food-map,2.8975,ts-route,2.12,ts-preserve,1.3,ts-payment,0.2225,ts-inside-payment,0.17
92, -- ,ts-preserve-other,2147.6667,ts-config,1248.1819,ts-train,1049.9248,ts-rebook,848.19,ts-verification-code,847.6667,ts-station,836.9942,ts-execute,547.6483,ts-contacts,164.305,ts-notification,153.115,ts-price,45.0367,ts-food,29.7217,ts-preserve,14.675,ts-travel,12.924,ts-ticketinfo,4.688,ts-order,2.3765,ts-route,1.92,ts-food-map,0.44,ts-security,0.1133
93, -- ,ts-preserve-other,2147.9467,ts-train,1204.6447,ts-config,1177.3116,ts-rebook,847.6667,ts-verification-code,847.6667,ts-station,838.7545,ts-execute,303.1679,ts-notification,171.77,ts-price,38.515,ts-preserve,22.35,ts-consign,11.5414,ts-inside-payment,7.4325,ts-route,6.7816,ts-ticketinfo,5.482,ts-travel,2.19,ts-admin-travel,1.14,ts-user,0.54,ts-avatar,0.17,ts-payment,0.08
94, -- ,ts-preserve-other,2147.6667,ts-notification,1310.004,ts-rebook,849.1467,ts-verification-code,847.6667,ts-config,690.5131,ts-train,388.9238,ts-station,247.9217,ts-execute,114.0879,ts-food-map,33.2065,ts-assurance,32.23,ts-admin-travel,20.97,ts-ticketinfo,12.308,ts-inside-payment,11.2875,ts-admin-basic-info,9.12,ts-cancel,2.37,ts-route,2.12,ts-admin-order,1.3875,ts-order,0.92,ts-seat,0.53,ts-consign,0.0214
95, -- ,ts-preserve-other,2147.6667,ts-rebook,847.6667,ts-verification-code,847.6667,ts-config,631.075,ts-train,198.4885,ts-station,154.3333,ts-notification,152.0,ts-execute,89.0179,ts-ticketinfo,10.404,ts-ui,4.0725,ts-inside-payment,3.4258,ts-price,2.2833,ts-route,1.6,ts-admin-travel,1.5625,ts-security,1.4375
96, -- ,ts-preserve-other,2147.6667,ts-rebook,855.1767,ts-verification-code,847.6667,ts-config,726.8354,ts-train,299.7233,ts-station,268.9083,ts-notification,152.3733,ts-execute,108.6679,ts-travel,49.6792,ts-food-map,28.173,ts-consign,27.48,ts-route,15.15,ts-delivery,5.9,ts-basic,5.116,ts-security,4.417,ts-food,1.9,ts-user,0.9,ts-ticket-office,0.695
97, -- ,ts-preserve-other,2147.6667,ts-rebook,847.6667,ts-verification-code,847.6667,ts-config,634.5832,ts-train,213.6951,ts-station,165.2061,ts-notification,152.3733,ts-travel,136.766,ts-execute,94.1179,ts-inside-payment,51.8332,ts-seat,49.7675,ts-security,15.955,ts-ticketinfo,8.1224,ts-order,6.9887,ts-delivery,6.395,ts-price,5.9553,ts-route,4.3016,ts-food-map,1.25,ts-ticket-office,0.6475,ts-food,0.5475
98, -- ,ts-preserve-other,2148.2667,ts-rebook,847.7667,ts-verification-code,847.6667,ts-config,660.515,ts-train,201.2561,ts-notification,156.445,ts-station,154.3333,ts-execute,89.2304,ts-basic,66.72,ts-ticket-office,53.83,ts-travel,35.4348,ts-route,3.6133,ts-order,2.8866,ts-ticketinfo,2.626,ts-seat,2.01,ts-inside-payment,1.585,ts-admin-travel,0.78,ts-security,0.1133
99, -- ,ts-preserve-other,2148.2517,ts-verification-code,847.9367,ts-rebook,847.6667,ts-config,632.6145,ts-train,197.6667,ts-station,154.3333,ts-notification,152.0,ts-execute,89.0179,ts-ticket-office,54.97,ts-auth,47.4333,ts-route,16.4041,ts-ticketinfo,8.658,ts-order,3.1283,ts-seat,2.745,ts-basic,1.092,ts-admin-user,0.09
100, -- ,ts-preserve-other,2147.6667,ts-rebook,847.6667,ts-verification-code,847.6667,ts-config,631.0,ts-train,198.5024,ts-station,154.3333,ts-notification,152.0,ts-execute,89.0179,ts-auth,62.5083,ts-route,14.1333,ts-basic,0.0275
101, -- ,ts-preserve-other,2148.9367,ts-rebook,856.1067,ts-verification-code,847.6667,ts-config,631.0,ts-train,206.4772,ts-notification,165.145,ts-station,154.3333,ts-execute,89.0179,ts-ticketinfo,8.498,ts-travel,5.675,ts-route,3.75,ts-ui,0.33
102, -- ,ts-preserve-other,2154.1117,ts-verification-code,848.6567,ts-rebook,848.1817,ts-config,631.0,ts-train,197.6667,ts-station,154.3333,ts-notification,152.0,ts-execute,89.0179,ts-route,26.0733,ts-payment,7.995,ts-ticketinfo,7.228,ts-travel,6.525,ts-contacts,1.35,ts-basic,1.204,ts-auth,0.4167,ts-admin-order,0.342
103, -- ,ts-preserve-other,2147.6667,ts-verification-code,847.9233,ts-rebook,847.6867,ts-config,631.0,ts-travel,233.8683,ts-train,206.8039,ts-station,154.3333,ts-notification,153.6133,ts-execute,89.0179,ts-ticketinfo,68.34,ts-consign,43.8,ts-route,24.2233,ts-food,19.7508,ts-ui,12.6051,ts-user,12.58,ts-basic,9.36,ts-payment,1.91,ts-auth,1.52,ts-contacts,1.35,ts-order,0.685,ts-price,0.4717
104, -- ,ts-preserve-other,2148.3617,ts-rebook,847.985,ts-verification-code,847.6667,ts-config,631.0,ts-train,197.6667,ts-notification,156.375,ts-station,154.3333,ts-ticketinfo,99.134,ts-execute,89.0179,ts-route,61.2767,ts-user,39.0,ts-travel,34.9862,ts-basic,7.6015,ts-auth,3.2833
105, -- ,ts-preserve-other,2148.0217,ts-verification-code,848.1767,ts-rebook,847.6667,ts-config,631.0,ts-train,197.6667,ts-station,155.1093,ts-notification,153.395,ts-execute,89.0179,ts-basic,10.366,ts-consign,9.75,ts-travel,8.875,ts-route,8.23,ts-contacts,0.01
106, -- ,ts-preserve-other,2147.9467,ts-rebook,847.6667,ts-verification-code,847.6667,ts-config,631.0,ts-train,197.6667,ts-notification,159.5483,ts-station,154.3333,ts-execute,89.0179,ts-route,23.9883,ts-basic,18.3,ts-security,1.605,ts-ticket-office,0.6,ts-auth,0.2114,ts-seat,0.198,ts-order,0.1075
107, -- ,ts-preserve-other,2151.6467,ts-verification-code,858.5317,ts-rebook,847.7467,ts-config,631.0,ts-train,197.6667,ts-station,154.3333,ts-notification,153.5783,ts-execute,89.0179,ts-auth,84.5712,ts-route,20.5533,ts-consign,18.4,ts-ui,5.7324,ts-travel,1.37,ts-admin-order,0.9523,ts-ticket-office,0.5525,ts-order,0.495
108, -- ,ts-preserve-other,2147.7367,ts-rebook,847.6667,ts-verification-code,847.6667,ts-config,631.015,ts-train,197.6667,ts-station,154.3333,ts-notification,152.0,ts-execute,89.0179,ts-voucher,57.42,ts-security,18.3905,ts-admin-user,10.9564,ts-route,6.92,ts-travel,3.358,ts-ticketinfo,2.15,ts-basic,1.764,ts-seat,0.3833,ts-order,0.055
109, -- ,ts-preserve-other,2147.6667,ts-verification-code,847.8367,ts-rebook,847.6667,ts-config,631.0,ts-train,197.6667,ts-notification,164.2,ts-station,154.3333,ts-execute,89.0179,ts-auth,59.1983,ts-basic,9.584,ts-route,6.96
110, -- ,ts-preserve-other,2147.6667,ts-verification-code,849.6917,ts-rebook,847.6667,ts-config,631.0,ts-train,197.6667,ts-station,154.7067,ts-notification,153.0,ts-execute,89.0179,ts-auth,60.9,ts-travel,42.798,ts-seat,38.102,ts-consign,26.44,ts-basic,10.59,ts-ui,10.385,ts-route,6.88,ts-avatar,0.17
111, -- ,ts-preserve-other,2147.6667,ts-rebook,847.6667,ts-verification-code,847.6667,ts-config,631.0,ts-travel,514.8095,ts-train,199.4663,ts-station,161.1043,ts-notification,154.27,ts-price,128.55,ts-route,100.4025,ts-execute,89.0179,ts-consign,65.74,ts-contacts,61.96,ts-seat,18.8,ts-security,4.04,ts-auth,3.5775
112, -- ,ts-preserve-other,2148.085,ts-rebook,847.6667,ts-verification-code,847.6667,ts-config,632.555,ts-train,199.2178,ts-station,159.9893,ts-notification,152.46,ts-price,128.1883,ts-execute,89.0179,ts-travel,62.8537,ts-route,17.9104,ts-contacts,15.83,ts-order,14.4498,ts-security,10.6652,ts-seat,3.5824
113, -- ,ts-preserve-other,2147.8567,ts-verification-code,849.0667,ts-rebook,847.6667,ts-config,631.0,ts-auth,362.4159,ts-train,200.281,ts-station,154.3333,ts-notification,152.3733,ts-execute,89.0179,ts-basic,30.184,ts-ticketinfo,10.562,ts-route,10.13,ts-order,0.1583,ts-price,0.1083,ts-travel,0.105
114, -- ,ts-preserve-other,2148.0767,ts-rebook,847.6667,ts-verification-code,847.6667,ts-config,631.0,ts-auth,292.8523,ts-train,197.6667,ts-station,171.5814,ts-notification,152.0,ts-execute,89.0179,ts-ticketinfo,35.204,ts-basic,32.154,ts-route,7.61,ts-travel,6.665,ts-order,2.3333,ts-price,1.92,ts-seat,1.8967
115, -- ,ts-preserve-other,2147.6667,ts-rebook,847.6667,ts-verification-code,847.6667,ts-config,631.0,ts-train,197.6667,ts-notification,156.375,ts-station,154.3333,ts-execute,89.0179,ts-route,27.9667,ts-user,27.4327,ts-ticketinfo,23.3,ts-auth,11.954,ts-ui,9.0166,ts-consign,1.6,ts-seat,0.8533,ts-order,0.2725
116, -- ,ts-preserve-other,2147.6667,ts-rebook,847.6667,ts-verification-code,847.6667,ts-config,631.0,ts-train,197.6667,ts-station,188.9397,ts-notification,152.0,ts-execute,89.0179,ts-route,33.97,ts-ticketinfo,18.18,ts-basic,7.35,ts-user,3.46,ts-auth,1.96,ts-travel,1.845,ts-consign,1.6,ts-price,1.5987,ts-order,1.0
117, -- ,ts-preserve-other,2147.6667,ts-rebook,847.6667,ts-verification-code,847.6667,ts-config,631.0,ts-price,276.018,ts-train,197.6667,ts-station,167.0901,ts-notification,152.0,ts-ticketinfo,139.45,ts-execute,89.0179,ts-basic,66.12,ts-auth,23.8148,ts-route,15.5367,ts-travel,7.055,ts-order,2.1991
118, -- ,ts-preserve-other,2148.0167,ts-verification-code,848.9617,ts-rebook,847.74,ts-config,631.0,ts-train,197.6667,ts-notification,172.1283,ts-station,157.4953,ts-ticketinfo,142.466,ts-execute,89.0179,ts-price,45.162,ts-travel,40.8652,ts-route,21.4375,ts-admin-basic-info,6.9012,ts-order,4.7283,ts-food-map,4.26,ts-seat,4.0817
119, -- ,ts-preserve-other,2149.4017,ts-verification-code,850.7717,ts-rebook,847.6667,ts-config,631.0,ts-train,197.6667,ts-station,154.3333,ts-notification,152.07,ts-execute,89.0179,ts-travel,65.1403,ts-route,48.6767,ts-order,13.1349,ts-consign,5.28,ts-basic,1.092,ts-food-map,1.068,ts-security,0.54,ts-auth,0.128
120, -- ,ts-preserve-other,2148.0917,ts-verification-code,873.1317,ts-rebook,847.6667,ts-config,631.3825,ts-train,198.5767,ts-notification,173.0083,ts-station,159.5163,ts-execute,89.0179,ts-travel,88.7403,ts-basic,37.74,ts-route,12.92,ts-auth,1.74,ts-price,1.248,ts-ui,1.125,ts-seat,0.3333,ts-security,0.075
121, -- ,ts-preserve-other,2147.6667,ts-rebook,848.0417,ts-verification-code,847.6667,ts-config,634.0661,ts-train,197.8467,ts-station,159.2573,ts-notification,152.0,ts-assurance,117.2433,ts-execute,89.0179,ts-price,72.6637,ts-basic,28.802,ts-route,12.555,ts-seat,10.3213,ts-preserve,9.61,ts-food-map,4.022,ts-contacts,2.68,ts-travel,2.1722,ts-auth,1.0767,ts-ticket-office,0.505,ts-order,0.1875,ts-security,0.175,ts-food,0.14
122, -- ,ts-preserve-other,2147.7967,ts-verification-code,849.5417,ts-rebook,847.6667,ts-config,631.445,ts-train,197.6667,ts-station,154.3333,ts-notification,152.95,ts-execute,89.0179,ts-order,49.8377,ts-price,33.6993,ts-travel,23.4483,ts-route,11.64,ts-preserve,9.61,ts-inside-payment,3.9167,ts-consign,2.94,ts-food,1.93,ts-contacts,1.79,ts-assurance,1.26,ts-ticket-office,0.6475,ts-basic,0.646,ts-seat,0.3333
123, -- ,ts-preserve-other,2147.6667,ts-verification-code,848.8517,ts-rebook,847.9367,ts-config,631.0,ts-notification,219.3467,ts-train,197.6667,ts-station,154.56,ts-execute,89.0179,ts-contacts,72.78,ts-security,25.8589,ts-basic,21.7915,ts-route,9.96,ts-food,7.62,ts-travel,0.47,ts-consign,0.0667
124, -- ,ts-preserve-other,2147.6667,ts-verification-code,850.5717,ts-rebook,847.6667,ts-config,631.0,ts-travel,269.825,ts-train,198.0838,ts-station,154.3333,ts-notification,152.4083,ts-execute,89.0179,ts-consign,37.68,ts-user,27.4817,ts-basic,22.3495,ts-route,13.0933,ts-contacts,10.65,ts-order,0.6975
125, -- ,ts-preserve-other,2147.7667,ts-rebook,847.6667,ts-verification-code,847.6667,ts-config,631.0,ts-train,198.7552,ts-station,154.6593,ts-notification,152.0,ts-travel,118.355,ts-execute,89.0179,ts-route,15.0133,ts-user,14.97,ts-food,13.3967,ts-order,5.711,ts-price,2.1017,ts-consign,0.6667
126, -- ,ts-preserve-other,2149.655,ts-verification-code,847.7067,ts-rebook,847.6667,ts-config,646.5815,ts-train,272.1591,ts-travel,246.99,ts-station,181.0219,ts-notification,152.0,ts-auth,95.1441,ts-execute,89.0179,ts-route,38.0833,ts-seat,36.4657,ts-security,22.3114,ts-admin-order,10.206,ts-order,9.1166,ts-food-map,7.8295,ts-contacts,0.72,ts-preserve,0.5,ts-price,0.4717
127, -- ,ts-preserve-other,2147.7167,ts-verification-code,847.8817,ts-rebook,847.6667,ts-config,631.815,ts-train,204.7219,ts-station,156.4367,ts-notification,152.705,ts-execute,89.0179,ts-travel,74.6107,ts-auth,63.99,ts-admin-order,16.6953,ts-route,15.21,ts-order,12.3555,ts-inside-payment,11.6423,ts-consign,11.52,ts-basic,5.786,ts-seat,1.0526,ts-food,0.1433
128, -- ,ts-preserve-other,2149.0817,ts-verification-code,848.6367,ts-rebook,847.93,ts-config,631.0,ts-train,197.6667,ts-station,155.1446,ts-notification,152.36,ts-travel,132.3683,ts-execute,89.0179,ts-route,17.7267,ts-basic,11.596,ts-order,11.2633,ts-admin-route,9.6112,ts-inside-payment,7.11,ts-price,5.725,ts-preserve,2.91,ts-admin-order,2.8114,ts-seat,0.2033,ts-contacts,0.155
129, -- ,ts-preserve-other,2151.2467,ts-rebook,847.6667,ts-verification-code,847.6667,ts-config,631.0,ts-train,198.2352,ts-station,154.56,ts-notification,152.45,ts-execute,89.0179,ts-travel,25.5133,ts-basic,20.87,ts-route,12.27,ts-price,7.8983,ts-seat,5.02,ts-auth,3.0154,ts-preserve,2.538,ts-admin-route,1.4525,ts-order,0.965
130, -- ,ts-preserve-other,2150.9967,ts-verification-code,859.0667,ts-rebook,847.6667,ts-config,631.0,ts-train,197.6667,ts-notification,173.0083,ts-station,162.4721,ts-user,117.6455,ts-execute,89.0179,ts-admin-user,45.0,ts-route,33.6292,ts-consign,33.0,ts-basic,21.092,ts-travel,9.675,ts-contacts,6.88,ts-seat,0.0067
131, -- ,ts-preserve-other,2148.0,ts-rebook,847.6667,ts-verification-code,847.6667,ts-config,631.0,ts-train,197.6667,ts-station,154.3333,ts-notification,152.0,ts-execute,89.0179,ts-preserve,12.6562,ts-route,12.56,ts-news,2.89,ts-user,2.6055,ts-order,1.8567,ts-travel,1.61,ts-seat,0.0733
132, -- ,ts-preserve-other,2148.0617,ts-verification-code,848.5817,ts-rebook,847.6667,ts-config,631.0,ts-travel,210.0117,ts-train,197.6667,ts-station,155.5921,ts-notification,152.8233,ts-execute,89.0179,ts-admin-user,72.0,ts-ticketinfo,31.86,ts-route,13.04,ts-security,5.9181,ts-delivery,3.275
133, -- ,ts-preserve-other,2147.6667,ts-verification-code,851.6317,ts-rebook,847.74,ts-config,641.4973,ts-train,197.6667,ts-station,155.7513,ts-notification,153.32,ts-execute,89.0179,ts-travel,76.4,ts-order,34.4545,ts-route,12.8
134, -- ,ts-preserve-other,2147.6667,ts-verification-code,847.8217,ts-rebook,847.6667,ts-config,631.0,ts-train,197.6667,ts-station,154.3333,ts-notification,152.0,ts-execute,89.0179,ts-route,29.1185,ts-consign,24.27,ts-order,3.8482,ts-basic,1.54,ts-delivery,0.59,ts-admin-order,0.45
135, -- ,ts-preserve-other,2149.8617,ts-rebook,850.2717,ts-verification-code,847.6667,ts-config,631.0,ts-train,197.6667,ts-notification,160.9283,ts-station,154.3333,ts-execute,89.0179,ts-travel,28.86,ts-route,12.8,ts-ticketinfo,8.022,ts-auth,4.6109,ts-security,2.33,ts-order,1.62,ts-seat,0.1617
136, -- ,ts-preserve-other,2154.5817,ts-verification-code,860.7917,ts-rebook,853.7017,ts-config,634.035,ts-train,200.5479,ts-consign,172.275,ts-station,168.9794,ts-notification,152.0,ts-route,150.8692,ts-price,147.5717,ts-execute,89.0179,ts-seat,72.3248,ts-travel,23.0648,ts-order,12.6637,ts-security,12.2098,ts-ticketinfo,11.832,ts-auth,5.27,ts-basic,2.656,ts-food-map,0.232,ts-avatar,0.17
137, -- ,ts-preserve-other,2155.3917,ts-rebook,847.6667,ts-verification-code,847.6667,ts-config,634.035,ts-train,204.7327,ts-order,157.7157,ts-station,155.9667,ts-notification,152.13,ts-execute,89.0179,ts-ticketinfo,54.802,ts-price,20.4783,ts-travel,17.553,ts-route,15.0467,ts-auth,5.27,ts-security,3.39,ts-basic,0.87,ts-inside-payment,0.3
138, -- ,ts-preserve-other,2147.6667,ts-verification-code,847.6817,ts-rebook,847.6667,ts-config,631.0,ts-train,197.6667,ts-user,158.3455,ts-station,156.9873,ts-notification,152.0,ts-execute,89.0179,ts-food,74.724,ts-route,34.4,ts-delivery,16.44,ts-ui,4.1683,ts-order,2.2575,ts-seat,0.985,ts-inside-payment,0.9425
139, -- ,ts-preserve-other,2149.6867,ts-verification-code,848.8433,ts-rebook,847.6667,ts-config,631.0,ts-route,583.3233,ts-train,197.6667,ts-notification,154.865,ts-station,154.8568,ts-execute,89.0179,ts-order,25.3298,ts-admin-order,11.786,ts-auth,8.5671,ts-consign,6.0,ts-basic,2.434,ts-user,2.2755,ts-travel,0.895
140, -- ,ts-preserve-other,2148.4017,ts-verification-code,848.0117,ts-rebook,847.6667,ts-config,631.0,ts-train,197.6667,ts-station,154.3333,ts-notification,152.0,ts-execute,89.0179,ts-basic,37.852,ts-order,37.2195,ts-route,15.04,ts-security,12.444,ts-admin-order,9.062,ts-ticketinfo,1.196
141, -- ,ts-preserve-other,2147.9667,ts-verification-code,848.4017,ts-rebook,847.6667,ts-config,631.0,ts-train,197.6667,ts-station,154.3333,ts-notification,152.0,ts-execute,89.0179,ts-basic,33.494,ts-route,15.8,ts-admin-user,13.1679,ts-travel,4.61,ts-ticketinfo,0.562
142, -- ,ts-preserve-other,2149.2717,ts-verification-code,848.2833,ts-rebook,847.6667,ts-config,631.0,ts-train,197.6667,ts-station,154.56,ts-notification,152.5033,ts-execute,89.0179,ts-travel,44.8063,ts-basic,32.1815,ts-route,16.48,ts-ticketinfo,13.458,ts-auth,4.3024,ts-order,3.8783,ts-seat,3.0683,ts-consign,0.24
143, -- ,ts-preserve-other,2147.6667,ts-verification-code,847.9767,ts-rebook,847.6667,ts-config,631.93,ts-train,204.7929,ts-station,154.8421,ts-notification,152.0,ts-execute,89.0179,ts-basic,40.534,ts-route,22.6217,ts-auth,11.2681,ts-order,7.7375
144, -- ,ts-preserve-other,2147.7317,ts-rebook,847.6667,ts-verification-code,847.6667,ts-config,631.0,ts-train,200.1667,ts-notification,155.545,ts-station,154.56,ts-execute,89.0179,ts-basic,21.092,ts-route,16.56,ts-security,5.9181,ts-seat,3.4033,ts-travel,1.28,ts-order,1.0483
145, -- ,ts-preserve-other,2147.6667,ts-verification-code,848.2667,ts-rebook,847.6667,ts-config,631.2629,ts-route,583.76,ts-train,197.6667,ts-station,154.3333,ts-notification,152.3733,ts-execute,89.0179,ts-basic,18.412,ts-travel,9.372,ts-admin-travel,0.7812,ts-seat,0.5983,ts-order,0.07
146, -- ,ts-preserve-other,2147.9067,ts-rebook,847.6667,ts-verification-code,847.6667,ts-config,631.0,ts-train,197.6667,ts-station,155.0233,ts-notification,152.8233,ts-execute,89.0179,ts-route,32.3412,ts-order,15.7436,ts-auth,8.8925,ts-ui,7.6091,ts-contacts,0.869,ts-admin-order,0.434
147, -- ,ts-preserve-other,2148.0367,ts-rebook,848.0667,ts-verification-code,847.6667,ts-config,631.0,ts-train,197.6667,ts-station,154.3333,ts-notification,152.0,ts-basic,130.926,ts-execute,89.0179,ts-route,68.98,ts-contacts,0.869,ts-admin-order,0.4512
148, -- ,ts-preserve-other,2148.38,ts-verification-code,848.1317,ts-rebook,847.6667,ts-config,631.0,ts-train,197.6667,ts-auth,177.694,ts-notification,156.0033,ts-station,154.3333,ts-basic,136.2622,ts-ticketinfo,110.562,ts-execute,89.0179,ts-route,49.6533,ts-admin-order,12.548,ts-order,2.555
149, -- ,ts-preserve-other,2147.6667,ts-rebook,848.5817,ts-verification-code,847.6667,ts-config,631.0,ts-train,202.4992,ts-station,154.3333,ts-notification,153.28,ts-ticketinfo,108.974,ts-execute,89.0179,ts-auth,57.9233,ts-route,20.306,ts-admin-order,11.514,ts-order,2.2525,ts-basic,1.316,ts-price,0.2675
150, -- ,ts-preserve-other,2157.4717,ts-verification-code,863.1567,ts-rebook,847.74,ts-config,631.0,ts-train,197.6667,ts-station,154.3333,ts-notification,152.0,ts-execute,89.0179,ts-contacts,47.325,ts-auth,42.58,ts-route,12.795,ts-travel,10.0067,ts-security,1.02,ts-basic,0.758,ts-order,0.75,ts-consign,0.3,ts-admin-user,0.07
151, -- ,ts-preserve-other,2148.0317,ts-verification-code,848.1167,ts-rebook,847.8967,ts-config,635.815,ts-train,199.8433,ts-station,155.0267,ts-notification,152.57,ts-execute,89.0179,ts-ticketinfo,78.022,ts-food-map,67.2345,ts-seat,57.72,ts-route,45.9558,ts-travel,29.0992,ts-security,20.46,ts-basic,13.272,ts-food,12.062,ts-admin-order,10.2595,ts-ui,5.8825,ts-user,4.4267
152, -- ,ts-preserve-other,2147.6667,ts-rebook,847.6667,ts-verification-code,847.6667,ts-config,632.185,ts-train,199.0,ts-station,154.3333,ts-notification,152.0,ts-execute,89.0179,ts-ticketinfo,74.688,ts-order,50.074,ts-route,15.48,ts-travel,12.2537,ts-seat,4.7502,ts-food,2.343,ts-basic,0.534
153, -- ,ts-preserve-other,2147.7417,ts-rebook,847.6667,ts-verification-code,847.6667,ts-config,631.0,ts-train,197.6667,ts-notification,155.78,ts-station,154.3333,ts-execute,89.0179,ts-route,37.1433,ts-travel,36.4483,ts-basic,8.578,ts-ui,2.3241,ts-order,0.7317,ts-security,0.05
154, -- ,ts-preserve-other,2147.9567,ts-verification-code,848.4017,ts-rebook,847.6667,ts-config,631.0,ts-train,197.6667,ts-station,154.3333,ts-notification,152.3733,ts-execute,89.0179,ts-route,29.6033,ts-inside-payment,13.0875,ts-admin-order,7.2771,ts-basic,5.338,ts-travel,3.82,ts-ticket-office,0.9325,ts-order,0.4142,ts-contacts,0.01
155, -- ,ts-preserve-other,2148.2517,ts-verification-code,850.0467,ts-rebook,847.6667,ts-config,631.0,ts-train,197.6667,ts-station,154.3333,ts-notification,152.37,ts-execute,89.0179,ts-route,14.7567,ts-inside-payment,13.5375,ts-basic,9.1655,ts-travel,6.924,ts-seat,2.5183,ts-contacts,0.9,ts-ticket-office,0.885,ts-admin-order,0.7814,ts-delivery,0.65
156, -- ,ts-preserve-other,2147.6667,ts-rebook,847.6667,ts-verification-code,847.6667,ts-config,631.0,ts-train,198.2592,ts-notification,154.54,ts-station,154.3333,ts-execute,89.0179,ts-basic,42.88,ts-ticketinfo,17.388,ts-order,12.1052,ts-route,11.2,ts-payment,0.7,ts-contacts,0.01
157, -- ,ts-preserve-other,2148.0967,ts-verification-code,849.9667,ts-rebook,847.6667,ts-config,631.0,ts-train,197.6667,ts-station,154.8013,ts-notification,154.66,ts-execute,89.0179,ts-basic,39.082,ts-ticketinfo,20.562,ts-route,11.64,ts-order,0.12,ts-ui,0.115
158, -- ,ts-preserve-other,2147.6667,ts-rebook,848.5517,ts-verification-code,847.6667,ts-config,631.0,ts-train,197.6667,ts-basic,186.008,ts-station,161.2738,ts-notification,153.995,ts-admin-order,135.9558,ts-execute,89.0179,ts-travel,65.5333,ts-route,12.225,ts-ticketinfo,11.038,ts-order,3.5744
159, -- ,ts-preserve-other,2148.0267,ts-rebook,847.6767,ts-verification-code,847.6667,ts-config,631.0,ts-train,197.6667,ts-basic,174.054,ts-station,158.9633,ts-notification,152.0,ts-execute,89.0179,ts-travel,43.94,ts-admin-order,20.0574,ts-ui,18.9295,ts-ticketinfo,14.054,ts-route,12.16,ts-order,5.7491,ts-voucher,5.4
160, -- ,ts-preserve-other,2147.6667,ts-verification-code,847.7267,ts-rebook,847.6667,ts-config,631.0,ts-train,197.6667,ts-notification,160.22,ts-station,159.9283,ts-execute,89.0179,ts-auth,39.4867,ts-ticketinfo,27.864,ts-admin-order,15.1189,ts-route,12.16,ts-basic,10.254,ts-travel,5.4463,ts-order,2.0908,ts-admin-travel,0.12
161, -- ,ts-preserve-other,2149.1567,ts-verification-code,851.1167,ts-rebook,848.2067,ts-config,631.6217,ts-train,197.6667,ts-station,166.4073,ts-notification,160.3733,ts-execute,89.0179,ts-contacts,82.29,ts-basic,72.154,ts-seat,44.0898,ts-auth,41.0742,ts-travel,29.3035,ts-route,19.5767,ts-security,1.97,ts-order,0.4067
162, -- ,ts-preserve-other,2150.4917,ts-rebook,847.6667,ts-verification-code,847.6667,ts-config,631.0,ts-train,197.6667,ts-station,169.277,ts-notification,152.34,ts-execute,89.0179,ts-basic,71.93,ts-order,60.4422,ts-contacts,43.02,ts-travel,27.4603,ts-food,18.96,ts-user,13.68,ts-route,12.83,ts-security,0.5,ts-seat,0.408
163, -- ,ts-preserve-other,2147.6667,ts-verification-code,847.8167,ts-rebook,847.7933,ts-config,631.0,ts-train,197.6667,ts-station,154.3333,ts-notification,152.0,ts-execute,89.0179,ts-order,51.4697,ts-basic,31.1755,ts-admin-order,24.3286,ts-route,12.8933,ts-seat,2.4167,ts-ui,0.5491
164, -- ,ts-preserve-other,2147.6667,ts-rebook,847.7717,ts-verification-code,847.6667,ts-config,631.0,ts-train,197.6667,ts-station,154.3333,ts-notification,152.705,ts-execute,89.0179,ts-basic,31.93,ts-route,10.4,ts-travel,0.975,ts-ui,0.005
165, -- ,ts-preserve-other,2148.3167,ts-rebook,847.7217,ts-verification-code,847.6667,ts-config,632.0916,ts-train,197.6667,ts-consign,188.96,ts-station,154.3333,ts-notification,152.335,ts-execute,89.0179,ts-basic,33.83,ts-route,13.2933,ts-order,1.9841,ts-ticket-office,1.7,ts-user,1.2442,ts-travel,0.66
166, -- ,ts-preserve-other,2148.2317,ts-rebook,847.8117,ts-verification-code,847.6667,ts-config,632.555,ts-train,198.841,ts-station,156.4367,ts-notification,152.28,ts-execute,89.0179,ts-order,67.1204,ts-route,37.7766,ts-basic,33.718,ts-preserve,31.73,ts-food-map,31.117,ts-travel,29.0476,ts-ticket-office,9.11,ts-contacts,8.73,ts-ui,8.5932,ts-consign,5.37,ts-food,4.46,ts-security,1.695,ts-price,1.055
167, -- ,ts-preserve-other,2149.3467,ts-rebook,847.9317,ts-verification-code,847.6667,ts-config,634.035,ts-train,199.4297,ts-station,154.3333,ts-notification,152.3733,ts-execute,89.0179,ts-price,70.9339,ts-order,56.1402,ts-travel,27.7137,ts-preserve,26.9,ts-ticket-office,15.2575,ts-route,13.9067,ts-seat,12.5941,ts-consign,0.1333,ts-ui,0.1125
168, -- ,ts-preserve-other,2147.8917,ts-rebook,847.6667,ts-verification-code,847.6667,ts-config,631.0,ts-train,197.6667,ts-station,154.3333,ts-notification,152.975,ts-food-map,118.68,ts-execute,89.0179,ts-food,58.85,ts-route,14.3933,ts-auth,9.25,ts-seat,5.4117,ts-preserve,1.03
169, -- ,ts-preserve-other,2147.6667,ts-rebook,847.6667,ts-verification-code,847.6667,ts-config,631.0,ts-auth,248.8121,ts-train,197.6667,ts-station,154.3333,ts-notification,152.0,ts-execute,89.0179,ts-basic,14.5,ts-route,10.24,ts-admin-order,9.9638,ts-ui,3.219,ts-travel,1.53,ts-order,0.625
170, -- ,ts-preserve-other,2147.6667,ts-rebook,847.6667,ts-verification-code,847.6667,ts-config,631.0,ts-train,197.6667,ts-station,154.3333,ts-notification,152.455,ts-route,135.3066,ts-execute,89.0179,ts-admin-order,15.71,ts-auth,13.8568,ts-basic,9.25,ts-inside-payment,3.0835,ts-travel,0.2
171, -- ,ts-preserve-other,2151.8917,ts-verification-code,850.0817,ts-rebook,847.6667,ts-config,681.0447,ts-train,198.5147,ts-station,161.6158,ts-notification,152.0,ts-route,100.91,ts-execute,89.0179,ts-travel,54.8445,ts-security,21.8228,ts-admin-order,17.998,ts-user,13.83,ts-food-map,5.978,ts-order,4.2227,ts-basic,2.098,ts-seat,0.3333
172, -- ,ts-preserve-other,2147.7817,ts-rebook,847.6667,ts-verification-code,847.6667,ts-config,634.035,ts-train,199.522,ts-station,157.8676,ts-notification,153.29,ts-execute,89.0179,ts-seat,62.7291,ts-travel,50.1123,ts-route,24.9994,ts-order,23.301,ts-preserve,5.19,ts-consign,4.86,ts-security,1.215,ts-auth,0.8462
173, -- ,ts-preserve-other,2147.6667,ts-rebook,848.0067,ts-verification-code,847.9267,ts-config,631.0,ts-train,197.6667,ts-station,154.3333,ts-notification,152.0,ts-execute,89.0179,ts-travel,26.3547,ts-route,14.1933,ts-preserve,6.53,ts-auth,4.608,ts-ticketinfo,2.308,ts-security,1.215,ts-seat,0.2033
174, -- ,ts-preserve-other,2148.2667,ts-rebook,847.6667,ts-verification-code,847.6667,ts-config,631.0,ts-train,197.6667,ts-station,154.3333,ts-notification,152.0,ts-travel,113.5073,ts-execute,89.0179,ts-user,50.19,ts-auth,43.24,ts-basic,12.712,ts-route,10.8833,ts-ui,6.6483,ts-seat,4.5,ts-order,0.8775,ts-ticketinfo,0.562
175, -- ,ts-preserve-other,2147.6667,ts-rebook,847.6667,ts-verification-code,847.6667,ts-config,631.0,ts-ticketinfo,275.958,ts-train,197.6667,ts-station,154.3333,ts-notification,152.45,ts-preserve,98.88,ts-execute,89.0179,ts-auth,44.1233,ts-user,24.4,ts-route,10.88,ts-travel,4.7668,ts-ui,1.772,ts-order,1.0075,ts-admin-order,0.21
176, -- ,ts-preserve-other,2147.6667,ts-verification-code,847.7967,ts-rebook,847.6667,ts-config,631.0737,ts-ticketinfo,272.942,ts-train,211.7967,ts-station,154.3333,ts-notification,152.0,ts-execute,89.0179,ts-delivery,16.08,ts-payment,12.2025,ts-route,11.04,ts-basic,8.578,ts-travel,2.755,ts-inside-payment,2.7162,ts-consign,1.44
177, -- ,ts-preserve-other,2147.8517,ts-verification-code,850.0367,ts-rebook,847.6667,ts-config,631.0,ts-train,197.6667,ts-station,154.56,ts-notification,152.0,ts-execute,89.0179,ts-travel,34.4457,ts-order,14.7934,ts-route,12.6867,ts-inside-payment,2.7162,ts-ui,2.5332,ts-security,2.0583
178, -- ,ts-preserve-other,2147.8567,ts-verification-code,848.1717,ts-rebook,847.6667,ts-config,631.0,ts-train,197.6667,ts-station,168.6373,ts-notification,152.0,ts-execute,89.0179,ts-route,11.76,ts-admin-order,4.0143,ts-order,1.4916,ts-user,1.44,ts-auth,1.1937,ts-travel,0.735,ts-admin-route,0.62
179, -- ,ts-preserve-other,2148.6817,ts-verification-code,848.6567,ts-rebook,848.2617,ts-config,631.0,ts-train,197.6667,ts-notification,164.06,ts-station,154.3333,ts-execute,89.0179,ts-travel,39.0588,ts-order,17.2292,ts-route,12.63,ts-user,10.68,ts-ticketinfo,9.174,ts-admin-order,4.2225,ts-auth,1.0817,ts-consign,0.9,ts-basic,0.0275
180, -- ,ts-preserve-other,2152.6867,ts-rebook,849.7417,ts-verification-code,848.6517,ts-config,631.0,ts-train,197.6667,ts-notification,186.1883,ts-station,154.3333,ts-execute,89.0179,ts-route,11.72,ts-travel,8.7243,ts-order,4.0158,ts-admin-order,1.0987,ts-ui,0.1925
