1, -- ,ts-config,46.644,ts-travel,46.5117,ts-station,37.4896,ts-train,36.3766,ts-admin-order,22.0971,ts-order,15.12,ts-auth,13.44,ts-route,2.8467,ts-price,0.576
2, -- ,ts-station,5064.4643,ts-train,2816.732,ts-admin-order,1131.0966,ts-route,1066.1333,ts-travel,1056.8543,ts-ticketinfo,1010.265,ts-order,649.4475,ts-ticket-office,502.365,ts-inside-payment,488.25,ts-admin-basic-info,390.15,ts-admin-user,382.215,ts-admin-route,375.21,ts-preserve-other,367.02,ts-config,360.511,ts-seat,352.2917,ts-basic,330.9375,ts-price,299.7225,ts-food,292.79,ts-verification-code,258.375,ts-news,251.07,ts-delivery,213.475,ts-ui,172.005,ts-user,158.13,ts-food-map,150.035,ts-consign,141.2,ts-assurance,129.395,ts-auth,123.8783,ts-contacts,116.565,ts-execute,103.5075,ts-preserve,70.885,ts-payment,40.92,ts-notification,25.46,ts-rebook,18.345,ts-security,17.7475,ts-admin-travel,2.3437
3, -- ,ts-security,8057.5391,ts-station,3657.9313,ts-train,2675.0935,ts-preserve,2640.075,ts-payment,2102.3775,ts-config,1856.748,ts-assurance,1520.7767,ts-food,1497.369,ts-price,1450.544,ts-food-map,1330.752,ts-order,1302.6602,ts-admin-order,1272.0083,ts-seat,1265.195,ts-ticketinfo,1199.1198,ts-travel,1116.8263,ts-route,948.5605,ts-basic,643.9587,ts-inside-payment,569.345,ts-user,503.53,ts-delivery,315.8563,ts-ui,160.64,ts-contacts,90.85,ts-execute,43.55,ts-auth,34.185,ts-notification,3.05,ts-preserve-other,1.0412,ts-consign,0.02,ts-rebook,0.01
4, -- ,ts-security,6197.6375,ts-station,2495.7584,ts-train,2393.8627,ts-preserve,1997.305,ts-ticketinfo,1624.4728,ts-food,1535.3223,ts-price,1309.702,ts-execute,1231.6375,ts-payment,1145.1275,ts-config,983.4302,ts-order,964.8591,ts-seat,856.6344,ts-admin-order,776.1763,ts-cancel,743.9875,ts-travel,723.7424,ts-food-map,681.542,ts-route,645.1857,ts-inside-payment,522.3392,ts-assurance,496.3025,ts-basic,490.2893,ts-delivery,169.018,ts-ui,160.64,ts-user,140.32,ts-contacts,18.49,ts-auth,9.0233,ts-notification,7.73,ts-consign,4.92
5, -- ,ts-security,8457.9306,ts-train,2172.8153,ts-assurance,1617.8508,ts-config,1539.3761,ts-cancel,1461.18,ts-execute,1284.925,ts-food,1272.45,ts-station,1206.5828,ts-order,1121.1411,ts-consign,1105.16,ts-preserve,952.6958,ts-price,853.5393,ts-travel,795.5957,ts-inside-payment,721.2967,ts-admin-order,714.2762,ts-route,629.4301,ts-food-map,605.2745,ts-seat,539.47,ts-basic,257.5587,ts-ticketinfo,250.3108,ts-payment,117.37,ts-user,93.41,ts-contacts,90.57,ts-notification,9.515,ts-delivery,8.215
6, -- ,ts-security,7016.488,ts-train,2304.2879,ts-assurance,1899.21,ts-config,1399.588,ts-food,1354.2,ts-cancel,1325.39,ts-station,1003.7824,ts-food-map,984.828,ts-execute,849.8275,ts-preserve,792.7375,ts-order,772.1182,ts-admin-order,765.0242,ts-travel,694.1023,ts-price,688.5722,ts-inside-payment,676.2729,ts-route,579.3299,ts-seat,431.8185,ts-ticketinfo,413.3157,ts-basic,190.6882,ts-payment,113.425,ts-consign,101.1,ts-contacts,20.63,ts-user,14.03,ts-notification,7.8057,ts-auth,5.4933
7, -- ,ts-assurance,2243.56,ts-security,1606.6908,ts-food,1454.43,ts-train,1400.1198,ts-config,1079.1978,ts-cancel,987.33,ts-station,966.4572,ts-route,857.5412,ts-execute,809.325,ts-inside-payment,794.6896,ts-travel,791.9142,ts-food-map,753.18,ts-preserve,742.0425,ts-order,634.7655,ts-price,518.8665,ts-ticketinfo,359.2917,ts-payment,247.745,ts-seat,194.8282,ts-admin-order,181.0675,ts-basic,92.0642,ts-consign,20.07,ts-auth,10.1267,ts-contacts,5.58,ts-delivery,2.675,ts-notification,0.29
8, -- ,ts-preserve,2555.09,ts-food,1437.44,ts-security,1230.35,ts-train,988.9442,ts-station,873.0519,ts-travel,852.3524,ts-order,820.5962,ts-execute,667.2208,ts-price,654.987,ts-route,543.8176,ts-payment,415.525,ts-config,361.6487,ts-inside-payment,273.9325,ts-seat,196.6791,ts-consign,133.29,ts-basic,126.5087,ts-ticketinfo,64.3039,ts-food-map,44.315,ts-user,20.34,ts-admin-order,14.5279,ts-auth,12.3367,ts-contacts,8.79,ts-assurance,2.01,ts-delivery,1.795,ts-notification,1.31
9, -- ,ts-security,1876.755,ts-food,1553.7,ts-station,984.5179,ts-train,766.2295,ts-order,655.1321,ts-execute,461.6625,ts-assurance,347.15,ts-travel,257.2571,ts-config,228.9922,ts-basic,186.5984,ts-route,180.1749,ts-preserve,126.93,ts-seat,116.5438,ts-payment,89.62,ts-price,88.9977,ts-admin-order,85.3191,ts-ticketinfo,57.1968,ts-inside-payment,37.6537,ts-cancel,17.08,ts-user,16.74,ts-contacts,3.93,ts-delivery,2.285,ts-notification,1.74,ts-food-map,1.51
10, -- ,ts-food,2032.545,ts-security,1412.535,ts-station,1298.668,ts-price,388.782,ts-seat,330.4854,ts-train,325.0764,ts-travel,255.8042,ts-route,223.2642,ts-order,213.1346,ts-payment,209.83,ts-contacts,182.86,ts-execute,172.0375,ts-config,156.1724,ts-user,142.16,ts-food-map,136.132,ts-basic,104.9144,ts-inside-payment,52.9692,ts-preserve,51.58,ts-admin-order,47.4504,ts-assurance,43.1267,ts-consign,37.92,ts-ticketinfo,15.2035,ts-delivery,1.5,ts-notification,0.955
11, -- ,ts-food,2432.4325,ts-station,1327.2512,ts-security,1127.57,ts-seat,213.4065,ts-route,211.5135,ts-price,178.1883,ts-execute,148.675,ts-config,147.1931,ts-contacts,110.92,ts-admin-order,90.4674,ts-train,83.953,ts-user,73.28,ts-order,55.7236,ts-travel,51.9276,ts-ticketinfo,42.9702,ts-food-map,37.018,ts-payment,20.185,ts-inside-payment,13.5125,ts-basic,12.9521,ts-assurance,8.995,ts-consign,5.46,ts-notification,1.23
12, -- ,ts-food,1799.35,ts-security,1047.6353,ts-station,934.7676,ts-order,367.6407,ts-travel,358.8647,ts-payment,241.075,ts-route,224.9557,ts-food-map,218.0605,ts-seat,202.7701,ts-ticketinfo,148.4675,ts-inside-payment,126.5733,ts-config,85.5122,ts-user,79.59,ts-train,75.0752,ts-execute,65.5025,ts-price,44.601,ts-contacts,36.51,ts-preserve,28.39,ts-admin-order,27.3106,ts-assurance,8.9133,ts-delivery,3.74,ts-rebook,1.2,ts-notification,1.155,ts-basic,1.0837
13, -- ,ts-food,1745.9867,ts-security,1206.641,ts-station,560.0583,ts-order,189.5161,ts-payment,166.835,ts-route,118.457,ts-travel,113.5875,ts-seat,90.9571,ts-config,75.1786,ts-ticketinfo,70.4082,ts-train,49.3762,ts-preserve,33.498,ts-basic,28.4035,ts-execute,17.77,ts-user,17.13,ts-price,16.6977,ts-inside-payment,10.0325,ts-admin-order,8.3296,ts-food-map,3.49,ts-delivery,2.185,ts-contacts,0.68,ts-notification,0.525
14, -- ,ts-food,602.48,ts-payment,573.84,ts-station,243.9418,ts-inside-payment,209.3675,ts-user,207.0233,ts-security,186.66,ts-admin-order,119.7774,ts-config,117.3971,ts-travel,89.8167,ts-train,75.9492,ts-food-map,71.0265,ts-route,65.559,ts-assurance,52.2567,ts-order,49.6379,ts-basic,29.3054,ts-execute,18.8,ts-cancel,16.95,ts-price,16.445,ts-ticketinfo,12.1405,ts-delivery,3.35,ts-contacts,2.85,ts-preserve,2.41,ts-notification,1.465,ts-seat,0.7667,ts-rebook,0.25
15, -- ,ts-travel,855.2269,ts-config,344.6163,ts-route,291.2963,ts-payment,276.285,ts-train,265.9874,ts-station,230.9352,ts-food-map,184.86,ts-food,184.1467,ts-security,84.3,ts-order,79.5475,ts-cancel,70.89,ts-seat,41.6753,ts-assurance,40.44,ts-execute,38.79,ts-basic,36.4241,ts-price,35.1177,ts-inside-payment,19.905,ts-consign,17.16,ts-contacts,15.54,ts-admin-order,11.9048,ts-user,7.92,ts-ticketinfo,4.569,ts-preserve,3.11,ts-delivery,0.19,ts-notification,0.05
16, -- ,ts-travel,290.9112,ts-config,264.4744,ts-route,160.5916,ts-basic,149.5219,ts-train,137.943,ts-station,133.9701,ts-cancel,88.77,ts-security,66.6125,ts-food,57.91,ts-payment,54.62,ts-preserve,35.218,ts-ticketinfo,33.578,ts-assurance,32.4533,ts-order,27.8711,ts-price,24.1763,ts-user,21.81,ts-execute,19.855,ts-seat,19.5416,ts-food-map,16.11,ts-inside-payment,5.635,ts-delivery,2.7,ts-notification,0.69,ts-admin-route,0.49
17, -- ,ts-travel,249.7526,ts-assurance,205.8033,ts-price,196.0383,ts-order,132.3536,ts-preserve,93.65,ts-route,85.5719,ts-train,82.1888,ts-config,80.3757,ts-consign,43.125,ts-station,39.3053,ts-security,32.1825,ts-admin-order,20.2864,ts-food,19.59,ts-basic,19.056,ts-food-map,19.04,ts-user,17.94,ts-execute,16.11,ts-inside-payment,14.86,ts-notification,12.865,ts-payment,10.005,ts-ticketinfo,8.34,ts-seat,5.7721,ts-contacts,5.52,ts-rebook,2.4,ts-admin-route,0.49
18, -- ,ts-travel,786.1244,ts-route,288.1103,ts-admin-order,161.0239,ts-preserve,146.935,ts-order,115.9125,ts-train,100.548,ts-assurance,90.5933,ts-config,76.0112,ts-price,54.859,ts-security,29.9733,ts-seat,27.5145,ts-station,25.1422,ts-payment,19.695,ts-consign,16.89,ts-ticketinfo,16.276,ts-food-map,13.91,ts-inside-payment,6.705,ts-basic,5.5275,ts-execute,4.69,ts-food,4.2367,ts-news,1.167,ts-auth,0.6367,ts-notification,0.58
19, -- ,ts-security,383.32,ts-food-map,226.1385,ts-travel,166.7735,ts-preserve,101.07,ts-config,67.4177,ts-price,52.4275,ts-order,51.1525,ts-train,48.5689,ts-payment,42.9825,ts-food,42.7533,ts-route,40.0096,ts-seat,34.9812,ts-execute,32.6025,ts-admin-order,29.922,ts-assurance,25.83,ts-contacts,25.53,ts-ticketinfo,19.6911,ts-user,14.91,ts-inside-payment,2.0892,ts-news,2.0,ts-notification,1.785,ts-station,0.5017,ts-basic,0.0275
20, -- ,ts-food-map,150.064,ts-travel,142.7378,ts-route,90.0067,ts-config,67.0713,ts-food,61.38,ts-security,51.1025,ts-payment,48.155,ts-admin-user,27.0,ts-price,25.6927,ts-inside-payment,25.685,ts-assurance,24.48,ts-preserve,20.85,ts-consign,20.31,ts-seat,15.5726,ts-execute,15.3864,ts-basic,11.174,ts-station,10.2535,ts-ticketinfo,8.498,ts-order,7.5183,ts-user,3.06,ts-train,1.5262,ts-delivery,0.37,ts-admin-basic-info,0.24
21, -- ,ts-price,372.367,ts-admin-order,365.8846,ts-travel,146.2112,ts-inside-payment,122.2633,ts-assurance,88.19,ts-train,64.9974,ts-config,57.7322,ts-station,47.3945,ts-preserve,31.78,ts-security,30.71,ts-ticketinfo,22.4081,ts-execute,22.015,ts-route,15.6437,ts-consign,13.44,ts-order,13.125,ts-delivery,9.86,ts-user,9.81,ts-food-map,8.0385,ts-notification,8.015,ts-auth,7.92,ts-payment,6.96,ts-admin-route,4.0962,ts-admin-basic-info,2.1637
22, -- ,ts-admin-order,216.636,ts-order,172.3,ts-price,139.5643,ts-execute,120.4325,ts-train,91.0456,ts-travel,69.3334,ts-config,51.2436,ts-seat,50.6178,ts-payment,48.09,ts-security,42.3041,ts-inside-payment,41.6692,ts-ticketinfo,40.5094,ts-station,40.3787,ts-route,37.8109,ts-auth,32.2018,ts-preserve,18.1185,ts-verification-code,10.525,ts-basic,10.3281,ts-assurance,8.24,ts-food,7.095,ts-delivery,4.108,ts-preserve-other,3.385,ts-admin-route,3.375,ts-admin-basic-info,3.125,ts-rebook,1.5,ts-notification,1.26,ts-consign,1.14
23, -- ,ts-auth,595.5515,ts-assurance,89.3767,ts-price,86.1647,ts-food,71.83,ts-config,50.3398,ts-travel,45.0548,ts-notification,44.545,ts-train,44.5328,ts-payment,39.22,ts-security,32.4775,ts-user,24.67,ts-order,24.49,ts-station,22.3509,ts-consign,22.26,ts-inside-payment,22.1775,ts-admin-travel,18.28,ts-ticketinfo,12.15,ts-seat,10.6436,ts-execute,6.78,ts-route,6.7763,ts-preserve,5.51,ts-preserve-other,4.4275,ts-food-map,2.705,ts-delivery,2.158,ts-verification-code,1.945,ts-admin-order,1.322,ts-contacts,0.01
24, -- ,ts-auth,473.2929,ts-food-map,136.639,ts-assurance,102.87,ts-travel,94.6459,ts-food,83.5967,ts-config,47.925,ts-order,35.98,ts-security,35.74,ts-payment,35.305,ts-rebook,23.85,ts-seat,21.265,ts-train,18.0231,ts-admin-order,15.885,ts-user,15.83,ts-ticketinfo,13.896,ts-admin-travel,5.4687,ts-preserve,3.27,ts-route,2.8233,ts-notification,2.365,ts-execute,2.31,ts-price,0.6517,ts-basic,0.088
25, -- ,ts-travel,188.2502,ts-assurance,92.58,ts-consign,63.66,ts-auth,46.8279,ts-ticketinfo,46.1612,ts-config,46.0,ts-user,33.9,ts-admin-order,30.8421,ts-notification,23.62,ts-food-map,18.589,ts-inside-payment,12.9017,ts-rebook,12.75,ts-train,9.461,ts-food,7.64,ts-route,5.5172,ts-payment,5.51,ts-security,4.265,ts-price,2.8267,ts-cancel,2.52,ts-execute,2.395,ts-preserve,1.2575,ts-seat,1.0495
26, -- ,ts-inside-payment,435.225,ts-ticketinfo,147.78,ts-travel,131.3179,ts-food,48.76,ts-config,46.445,ts-admin-order,45.2953,ts-payment,24.51,ts-cancel,23.55,ts-order,19.8657,ts-train,18.7579,ts-assurance,15.78,ts-auth,14.0442,ts-security,9.25,ts-seat,8.6395,ts-notification,5.42,ts-price,5.0,ts-execute,3.9225,ts-route,3.52,ts-food-map,3.47,ts-preserve,2.995,ts-basic,0.422,ts-station,0.2267
27, -- ,ts-seat,521.4902,ts-inside-payment,375.9275,ts-food-map,190.7055,ts-ticketinfo,183.3519,ts-food,133.14,ts-security,102.9625,ts-price,97.8993,ts-train,97.6126,ts-travel,64.588,ts-route,61.1416,ts-payment,51.905,ts-config,47.44,ts-user,26.61,ts-preserve,21.05,ts-order,11.63,ts-consign,7.62,ts-station,6.8229,ts-admin-order,6.3404,ts-contacts,5.58,ts-execute,5.37,ts-auth,4.1667
28, -- ,ts-seat,452.4875,ts-security,90.92,ts-food,88.96,ts-inside-payment,77.4075,ts-preserve,68.133,ts-config,56.5148,ts-price,43.95,ts-route,42.6666,ts-train,24.768,ts-contacts,18.42,ts-user,17.88,ts-food-map,17.3925,ts-auth,9.0233,ts-payment,7.26,ts-consign,4.74,ts-travel,4.7303,ts-station,1.1633,ts-rebook,0.21,ts-basic,0.0275
29, -- ,ts-inside-payment,1153.8817,ts-travel,140.0989,ts-payment,65.42,ts-route,54.994,ts-config,46.4683,ts-security,44.5775,ts-seat,38.483,ts-price,37.567,ts-admin-order,34.7368,ts-execute,29.96,ts-train,19.6076,ts-order,11.2457,ts-food,10.89,ts-auth,9.6867,ts-notification,9.2,ts-preserve,8.55,ts-ticketinfo,6.0137,ts-food-map,3.96,ts-station,2.4625,ts-user,2.16,ts-consign,2.01,ts-delivery,0.915
30, -- ,ts-inside-payment,1041.6425,ts-food-map,175.6225,ts-food,111.44,ts-security,58.845,ts-travel,50.2859,ts-config,48.295,ts-payment,34.65,ts-assurance,33.33,ts-ticketinfo,22.799,ts-route,22.31,ts-seat,18.819,ts-execute,17.66,ts-order,13.5,ts-user,13.29,ts-price,5.725,ts-admin-order,4.8086,ts-preserve,3.19,ts-notification,1.5,ts-station,0.6933,ts-basic,0.646,ts-auth,0.6367,ts-train,0.2215
31, -- ,ts-inside-payment,2526.0837,ts-food-map,282.822,ts-user,203.17,ts-train,118.1359,ts-price,59.8917,ts-config,46.0,ts-travel,45.2328,ts-consign,44.0,ts-route,40.1092,ts-assurance,25.0267,ts-seat,19.2928,ts-preserve,18.185,ts-ticketinfo,18.0712,ts-food,17.94,ts-payment,13.935,ts-security,10.195,ts-notification,6.255,ts-station,5.4937,ts-order,4.72,ts-execute,3.0467,ts-basic,2.1702,ts-admin-order,1.758,ts-auth,1.0767,ts-delivery,0.95
32, -- ,ts-food,333.58,ts-inside-payment,299.2825,ts-user,71.33,ts-price,60.435,ts-train,53.3666,ts-travel,53.0613,ts-config,46.075,ts-station,40.3542,ts-order,39.1914,ts-payment,28.625,ts-consign,27.12,ts-auth,27.0547,ts-seat,23.4084,ts-security,20.115,ts-admin-order,13.41,ts-food-map,12.839,ts-assurance,7.4567,ts-preserve,6.8,ts-admin-travel,2.0837,ts-notification,1.38,ts-contacts,0.68
33, -- ,ts-payment,431.495,ts-food,151.1,ts-security,62.8925,ts-config,62.5012,ts-travel,57.8364,ts-price,54.962,ts-train,46.5413,ts-order,45.665,ts-user,27.9533,ts-assurance,17.22,ts-cancel,14.1,ts-station,12.3175,ts-contacts,10.86,ts-consign,7.38,ts-seat,7.1246,ts-inside-payment,6.3587,ts-admin-travel,3.125,ts-preserve,2.3575,ts-basic,0.982,ts-notification,0.9
34, -- ,ts-payment,454.295,ts-food-map,108.286,ts-admin-order,69.0327,ts-config,46.4099,ts-inside-payment,40.3475,ts-order,35.2593,ts-cancel,28.5,ts-seat,26.0759,ts-user,20.22,ts-food,14.18,ts-contacts,13.2467,ts-route,6.095,ts-travel,5.103,ts-security,4.8666,ts-price,3.7317,ts-preserve,2.48,ts-station,1.6333,ts-notification,1.44,ts-ticketinfo,1.038,ts-assurance,0.7267
35, -- ,ts-payment,551.8325,ts-travel,80.6601,ts-config,49.78,ts-contacts,43.14,ts-price,39.5,ts-security,38.31,ts-seat,36.693,ts-station,33.5378,ts-food-map,33.3825,ts-food,30.24,ts-user,22.83,ts-ticket-office,17.08,ts-order,16.035,ts-route,9.6778,ts-preserve,9.43,ts-train,8.4038,ts-assurance,8.28,ts-admin-user,4.17,ts-rebook,3.87,ts-admin-order,2.522,ts-cancel,2.1,ts-inside-payment,1.3275,ts-execute,0.17
36, -- ,ts-order,146.1907,ts-admin-order,84.0401,ts-security,65.3174,ts-config,46.0,ts-contacts,42.77,ts-seat,35.0033,ts-travel,34.423,ts-price,34.1667,ts-inside-payment,30.131,ts-user,27.9167,ts-food,25.6,ts-route,21.7683,ts-ticket-office,17.37,ts-consign,16.83,ts-payment,16.0614,ts-assurance,14.01,ts-execute,11.21,ts-auth,7.0367,ts-train,5.8015,ts-food-map,5.0195,ts-notification,1.355,ts-basic,1.092,ts-preserve,0.63,ts-admin-route,0.01
37, -- ,ts-assurance,241.9267,ts-inside-payment,60.645,ts-config,46.205,ts-ticketinfo,31.86,ts-payment,24.4275,ts-food,22.07,ts-travel,20.37,ts-food-map,10.3755,ts-seat,8.3164,ts-order,7.07,ts-basic,4.3753,ts-contacts,3.45,ts-execute,3.185,ts-preserve,2.76,ts-train,2.7386,ts-station,2.5733,ts-admin-order,2.14,ts-preserve-other,1.3025,ts-security,0.785,ts-notification,0.57
38, -- ,ts-preserve,515.83,ts-assurance,97.7367,ts-config,93.7435,ts-travel,78.2205,ts-payment,51.05,ts-order,32.3664,ts-station,31.4394,ts-security,16.0208,ts-food-map,11.718,ts-train,5.5257,ts-admin-order,5.2854,ts-auth,4.1667,ts-ticketinfo,3.6255,ts-food,2.26,ts-seat,2.2152,ts-delivery,2.185,ts-route,1.92,ts-user,1.38,ts-execute,1.19,ts-inside-payment,1.0125,ts-notification,0.875,ts-consign,0.84,ts-preserve-other,0.26,ts-rebook,0.01
39, -- ,ts-preserve,491.145,ts-travel,83.7908,ts-config,72.0,ts-seat,70.5218,ts-payment,70.435,ts-train,50.9717,ts-price,32.8783,ts-cancel,30.86,ts-order,24.8014,ts-user,24.45,ts-food-map,21.624,ts-route,18.3025,ts-assurance,7.5467,ts-station,6.365,ts-security,5.9133,ts-execute,4.815,ts-ticketinfo,2.942,ts-inside-payment,2.4,ts-notification,0.68,ts-admin-order,0.614
40, -- ,ts-order,199.2457,ts-preserve,143.31,ts-route,112.5396,ts-travel,95.5278,ts-food-map,69.9275,ts-payment,68.64,ts-config,51.155,ts-seat,45.942,ts-assurance,26.5183,ts-price,26.092,ts-food,23.68,ts-contacts,17.89,ts-ticketinfo,7.6999,ts-station,7.2412,ts-security,7.195,ts-consign,6.3,ts-execute,3.0875,ts-train,1.3503,ts-cancel,1.26,ts-notification,0.34,ts-delivery,0.21
41, -- ,ts-seat,347.3119,ts-payment,158.795,ts-price,148.6457,ts-preserve,124.235,ts-order,57.29,ts-food,57.025,ts-train,55.2808,ts-route,48.2,ts-config,47.9283,ts-food-map,16.4385,ts-station,14.8829,ts-inside-payment,8.508,ts-security,8.4825,ts-travel,8.1968,ts-ticketinfo,3.71,ts-contacts,3.57,ts-notification,2.52,ts-assurance,2.1167,ts-delivery,1.16,ts-consign,1.14,ts-user,1.0,ts-execute,0.38
42, -- ,ts-seat,432.527,ts-inside-payment,99.4837,ts-travel,93.2074,ts-price,80.1817,ts-config,46.0,ts-payment,38.63,ts-security,34.035,ts-food-map,27.135,ts-user,10.02,ts-preserve,7.985,ts-food,5.68,ts-order,3.56,ts-admin-travel,1.23,ts-auth,1.0767,ts-contacts,0.9,ts-assurance,0.81,ts-station,0.6933,ts-delivery,0.6467,ts-train,0.2344
43, -- ,ts-travel,336.7656,ts-inside-payment,307.1979,ts-assurance,93.09,ts-config,91.8442,ts-admin-order,58.2404,ts-user,38.76,ts-train,30.8924,ts-seat,22.888,ts-consign,14.58,ts-security,9.07,ts-station,7.3946,ts-verification-code,6.705,ts-food-map,6.383,ts-food,5.2367,ts-order,4.12,ts-delivery,3.69,ts-auth,3.2833,ts-preserve-other,2.07,ts-admin-basic-info,1.9225,ts-execute,1.085,ts-contacts,1.02,ts-preserve,0.68
44, -- ,ts-inside-payment,1289.7367,ts-travel,1021.0374,ts-user,387.39,ts-contacts,146.135,ts-admin-order,97.2916,ts-food-map,52.1055,ts-food,50.34,ts-config,46.2327,ts-station,39.1499,ts-train,38.9412,ts-order,35.6307,ts-notification,11.645,ts-payment,8.205,ts-security,7.715,ts-verification-code,6.07,ts-seat,5.3429,ts-preserve,3.8717,ts-assurance,2.94,ts-cancel,2.7,ts-admin-travel,2.3437,ts-basic,2.322,ts-admin-basic-info,1.9225,ts-execute,0.8675,ts-price,0.585,ts-delivery,0.17
45, -- ,ts-travel,1378.6837,ts-inside-payment,659.71,ts-config,213.8642,ts-train,150.1187,ts-security,138.365,ts-station,132.4997,ts-execute,102.855,ts-user,51.26,ts-ticketinfo,46.8723,ts-food,42.76,ts-price,27.1017,ts-order,24.4107,ts-rebook,8.7162,ts-food-map,7.25,ts-seat,6.4436,ts-consign,6.24,ts-admin-order,4.646,ts-auth,4.39,ts-notification,4.225,ts-payment,3.47,ts-admin-travel,2.0837,ts-delivery,1.46,ts-basic,1.092
46, -- ,ts-config,1642.7688,ts-security,1139.6343,ts-train,841.606,ts-execute,700.7275,ts-station,645.1763,ts-travel,288.5862,ts-ticketinfo,256.2844,ts-price,28.1883,ts-route,22.6133,ts-food,15.67,ts-notification,7.43,ts-cancel,6.48,ts-consign,6.45,ts-rebook,6.0187,ts-inside-payment,5.525,ts-assurance,2.04,ts-auth,1.74,ts-order,1.69,ts-seat,0.3233
47, -- ,ts-config,2238.591,ts-security,1537.9575,ts-train,1001.13,ts-execute,858.73,ts-station,685.1318,ts-ticketinfo,238.8547,ts-travel,125.3964,ts-inside-payment,96.755,ts-admin-order,26.3089,ts-user,19.77,ts-order,12.84,ts-assurance,11.37,ts-notification,8.0,ts-basic,3.8162,ts-route,3.44,ts-seat,1.9145,ts-preserve,0.09
48, -- ,ts-config,1119.2677,ts-security,1096.775,ts-train,684.095,ts-station,480.6867,ts-execute,329.66,ts-ticketinfo,69.729,ts-travel,66.8481,ts-notification,58.47,ts-inside-payment,26.25,ts-route,23.7533,ts-cancel,23.12,ts-seat,22.7312,ts-payment,22.42,ts-auth,8.1933,ts-order,7.76,ts-admin-order,7.035,ts-delivery,5.22,ts-preserve,4.985,ts-rebook,1.53,ts-user,0.54,ts-food-map,0.176
49, -- ,ts-route,363.925,ts-ticketinfo,253.38,ts-security,195.2875,ts-config,75.2927,ts-order,62.2579,ts-station,57.8088,ts-admin-order,21.3987,ts-train,13.637,ts-assurance,11.22,ts-travel,10.44,ts-basic,7.275,ts-delivery,6.1,ts-consign,4.8,ts-notification,4.525,ts-cancel,3.18,ts-payment,2.44,ts-user,1.96,ts-food,0.94,ts-food-map,0.176,ts-seat,0.07
50, -- ,ts-payment,270.19,ts-config,157.9993,ts-route,145.6633,ts-station,87.894,ts-train,56.7635,ts-security,50.375,ts-food,42.82,ts-inside-payment,32.8575,ts-food-map,23.8115,ts-order,22.84,ts-travel,19.4451,ts-assurance,13.26,ts-seat,12.8039,ts-basic,6.9545,ts-ticketinfo,2.942,ts-user,1.53,ts-preserve,1.1433,ts-consign,0.93,ts-cancel,0.66,ts-execute,0.43
51, -- ,ts-config,272.4842,ts-payment,178.74,ts-travel,156.0082,ts-security,121.53,ts-route,76.33,ts-train,71.1093,ts-assurance,66.6,ts-price,41.775,ts-station,28.191,ts-execute,26.35,ts-order,16.54,ts-consign,15.96,ts-seat,10.4288,ts-ticketinfo,9.6527,ts-basic,4.7443,ts-contacts,4.695,ts-inside-payment,3.64,ts-delivery,0.72,ts-notification,0.3,ts-preserve,0.11
52, -- ,ts-travel,252.3168,ts-food-map,157.4195,ts-security,153.4933,ts-config,152.3471,ts-seat,95.9978,ts-contacts,46.54,ts-price,42.5,ts-station,24.5664,ts-payment,17.935,ts-inside-payment,16.4958,ts-food,12.7,ts-execute,11.0575,ts-train,11.0567,ts-user,8.91,ts-route,3.8725,ts-assurance,2.91,ts-basic,1.3537,ts-auth,0.6367,ts-preserve,0.38,ts-delivery,0.23
53, -- ,ts-travel,275.821,ts-config,88.2049,ts-assurance,65.22,ts-security,60.135,ts-user,38.86,ts-food-map,34.856,ts-inside-payment,15.4717,ts-seat,14.4741,ts-order,14.17,ts-food,12.32,ts-station,6.7656,ts-delivery,6.445,ts-auth,5.4933,ts-notification,3.3664,ts-payment,2.255,ts-preserve,2.19,ts-train,1.6296,ts-contacts,0.45,ts-execute,0.2125
54, -- ,ts-travel,178.0011,ts-config,114.5924,ts-inside-payment,104.0248,ts-admin-order,84.4384,ts-station,30.8214,ts-train,19.1979,ts-payment,15.38,ts-order,14.062,ts-basic,14.0003,ts-consign,9.96,ts-security,9.625,ts-food-map,8.995,ts-route,7.1567,ts-auth,7.0367,ts-seat,6.0255,ts-delivery,5.515,ts-contacts,5.35,ts-rebook,5.19,ts-assurance,2.01,ts-execute,1.565,ts-food,0.21
55, -- ,ts-travel,96.3288,ts-route,77.868,ts-config,62.628,ts-inside-payment,48.0818,ts-payment,44.135,ts-admin-order,42.2721,ts-seat,39.6704,ts-consign,38.31,ts-food,36.286,ts-user,31.6033,ts-security,29.9767,ts-assurance,29.13,ts-order,21.6064,ts-station,13.6067,ts-auth,4.83,ts-basic,3.46,ts-ui,3.3148,ts-train,2.6345,ts-contacts,1.8267,ts-notification,1.645,ts-execute,1.55,ts-preserve,0.765,ts-delivery,0.17,ts-rebook,0.01
56, -- ,ts-config,192.5969,ts-travel,128.4927,ts-food,54.1,ts-execute,46.01,ts-route,35.4108,ts-price,34.71,ts-security,31.2883,ts-payment,28.085,ts-assurance,26.55,ts-admin-order,24.2705,ts-inside-payment,18.5983,ts-seat,16.9341,ts-user,16.25,ts-train,6.167,ts-ticketinfo,1.9957,ts-delivery,1.6667,ts-food-map,1.0925,ts-preserve,0.3067,ts-rebook,0.01
57, -- ,ts-config,192.6007,ts-travel,139.6347,ts-admin-order,53.5029,ts-route,48.5233,ts-price,34.802,ts-food-map,31.32,ts-food,26.68,ts-inside-payment,21.5492,ts-order,20.8043,ts-seat,19.7379,ts-security,17.42,ts-station,8.861,ts-consign,7.2,ts-contacts,6.8133,ts-cancel,4.53,ts-train,3.2401,ts-user,2.68,ts-notification,1.385,ts-assurance,0.1933
58, -- ,ts-cancel,784.53,ts-travel,178.4553,ts-security,151.715,ts-route,120.3533,ts-config,72.5026,ts-train,64.6251,ts-seat,42.1002,ts-station,33.1593,ts-basic,26.7444,ts-contacts,21.785,ts-preserve,13.38,ts-order,11.5864,ts-consign,9.42,ts-user,5.74,ts-inside-payment,5.3461,ts-admin-order,1.922,ts-payment,1.23,ts-food-map,0.644
59, -- ,ts-cancel,179.36,ts-travel,150.9547,ts-config,128.7496,ts-contacts,77.45,ts-food-map,40.52,ts-train,22.1952,ts-route,16.5606,ts-seat,15.4385,ts-preserve,12.69,ts-delivery,6.42,ts-payment,5.4,ts-food,4.845,ts-notification,3.68,ts-execute,2.08,ts-order,1.85,ts-user,1.47,ts-basic,1.2962,ts-station,0.9279,ts-price,0.398,ts-inside-payment,0.0425
60, -- ,ts-contacts,80.21,ts-preserve,57.9,ts-security,51.0625,ts-config,46.0,ts-price,35.9783,ts-seat,29.1107,ts-travel,20.2479,ts-assurance,18.42,ts-user,16.89,ts-cancel,15.11,ts-order,12.7264,ts-route,6.275,ts-payment,5.69,ts-food-map,5.335,ts-consign,4.26,ts-execute,1.76,ts-station,0.3179,ts-basic,0.1362,ts-food,0.12
61, -- ,ts-train,257.467,ts-travel,154.7489,ts-route,114.79,ts-consign,67.65,ts-price,54.8198,ts-preserve,52.74,ts-config,51.7771,ts-security,48.5925,ts-food,30.03,ts-station,24.5324,ts-assurance,19.86,ts-payment,11.9525,ts-seat,11.7071,ts-auth,11.4533,ts-notification,3.31,ts-basic,1.945,ts-food-map,1.43,ts-execute,1.4125
62, -- ,ts-station,12053.3675,ts-train,4435.0884,ts-assurance,204.93,ts-travel,65.3442,ts-config,46.0,ts-security,31.9125,ts-seat,23.7201,ts-execute,22.0725,ts-route,9.5925,ts-food,9.44,ts-inside-payment,8.7825,ts-user,6.63,ts-auth,6.3767,ts-preserve,2.7617,ts-food-map,2.74,ts-admin-order,2.3529,ts-notification,1.125,ts-payment,1.0925,ts-price,0.6517,ts-basic,0.4962,ts-contacts,0.45
63, -- ,ts-station,12011.1067,ts-train,2804.5565,ts-travel,262.8706,ts-config,52.5224,ts-contacts,40.49,ts-food,36.4,ts-inside-payment,25.3342,ts-security,16.7125,ts-food-map,16.6525,ts-user,15.42,ts-consign,9.27,ts-admin-order,8.3968,ts-execute,4.5775,ts-seat,3.7386,ts-delivery,1.17,ts-payment,0.87,ts-basic,0.7775,ts-price,0.29
64, -- ,ts-station,15495.8072,ts-train,2332.1525,ts-delivery,73.98,ts-route,70.4358,ts-payment,66.175,ts-config,54.6998,ts-travel,38.9237,ts-assurance,38.5067,ts-seat,34.0126,ts-user,32.595,ts-admin-order,17.4857,ts-security,16.595,ts-contacts,6.31,ts-inside-payment,5.4325,ts-execute,4.87,ts-food-map,4.8005,ts-preserve,3.9,ts-order,2.745,ts-notification,2.37,ts-basic,2.1425,ts-verification-code,0.835,ts-admin-basic-info,0.4812,ts-admin-route,0.36,ts-food,0.25
65, -- ,ts-station,15834.5358,ts-train,2512.7961,ts-admin-order,151.3479,ts-preserve,116.5025,ts-travel,106.1225,ts-security,64.2975,ts-config,46.1817,ts-price,42.1383,ts-contacts,36.0667,ts-delivery,36.04,ts-food-map,30.438,ts-notification,19.27,ts-seat,12.2708,ts-ticketinfo,4.212,ts-basic,1.489,ts-admin-basic-info,1.4425,ts-verification-code,0.515,ts-assurance,0.4067,ts-consign,0.21
66, -- ,ts-station,19385.8918,ts-train,1900.6756,ts-seat,88.3477,ts-travel,78.5086,ts-config,60.5683,ts-price,41.9567,ts-security,39.0225,ts-payment,20.46,ts-admin-travel,19.755,ts-consign,12.7,ts-notification,10.0,ts-rebook,9.42,ts-preserve,4.65,ts-delivery,2.97,ts-route,2.9545,ts-contacts,2.2042,ts-execute,1.5,ts-inside-payment,0.8775
67, -- ,ts-station,19226.9586,ts-train,2641.4005,ts-travel,56.9101,ts-config,53.5948,ts-notification,49.075,ts-seat,38.8885,ts-admin-travel,10.4162,ts-admin-order,7.5043,ts-security,5.845,ts-inside-payment,5.0667,ts-payment,3.0,ts-route,2.0405,ts-execute,1.84,ts-basic,0.7994,ts-consign,0.72,ts-food-map,0.66
68, -- ,ts-station,22950.8412,ts-train,2941.7152,ts-food-map,84.336,ts-config,58.9741,ts-travel,54.5125,ts-seat,44.5956,ts-security,28.945,ts-notification,28.825,ts-execute,18.55,ts-basic,14.0901,ts-food,4.7308,ts-price,2.7154,ts-preserve,2.44,ts-auth,1.0767,ts-admin-travel,0.5212,ts-ticketinfo,0.404
69, -- ,ts-station,22542.8112,ts-train,2362.5974,ts-config,46.2282,ts-inside-payment,43.4525,ts-security,36.21,ts-food,29.2628,ts-seat,27.3639,ts-execute,22.54,ts-food-map,16.067,ts-travel,13.4378,ts-basic,9.026,ts-payment,4.77,ts-ticketinfo,3.578,ts-preserve,2.6,ts-route,2.1717,ts-admin-travel,0.5212,ts-order,0.3
70, -- ,ts-station,26286.0377,ts-train,2319.2981,ts-config,125.3931,ts-travel,73.2135,ts-admin-order,49.7281,ts-price,43.9481,ts-preserve,32.7533,ts-security,28.255,ts-seat,24.4978,ts-inside-payment,23.1115,ts-cancel,16.7,ts-food,14.95,ts-contacts,14.01,ts-assurance,12.3,ts-payment,9.13,ts-delivery,7.08,ts-user,6.32,ts-ticketinfo,4.848,ts-route,3.972,ts-food-map,3.0555,ts-basic,0.4641
71, -- ,ts-station,26264.8242,ts-train,2025.5665,ts-travel,73.2237,ts-config,47.185,ts-price,43.95,ts-preserve,21.68,ts-inside-payment,16.3258,ts-seat,11.3361,ts-food,10.59,ts-route,10.0241,ts-delivery,7.47,ts-auth,6.9934,ts-food-map,6.351,ts-payment,5.705,ts-contacts,2.1,ts-notification,1.66,ts-admin-order,1.104,ts-basic,0.62
72, -- ,ts-train,2678.3078,ts-station,505.2645,ts-ticketinfo,227.388,ts-config,110.1002,ts-security,64.47,ts-contacts,52.87,ts-travel,36.6442,ts-seat,23.535,ts-food,20.8,ts-user,10.515,ts-route,7.39,ts-preserve,4.38,ts-basic,1.0743,ts-price,0.7633,ts-notification,0.21,ts-payment,0.19
73, -- ,ts-train,2962.1542,ts-station,1111.0168,ts-contacts,467.8,ts-ticketinfo,225.958,ts-security,65.3075,ts-config,46.0,ts-price,39.3432,ts-travel,24.3904,ts-seat,20.3932,ts-execute,14.455,ts-assurance,9.84,ts-route,8.6533,ts-food,7.64,ts-order,3.07,ts-inside-payment,0.62,ts-food-map,0.468
74, -- ,ts-train,2149.8387,ts-station,1238.5436,ts-price,326.7629,ts-contacts,79.07,ts-food,46.62,ts-config,46.0,ts-order,39.5386,ts-seat,36.4581,ts-inside-payment,23.7817,ts-route,18.2083,ts-food-map,17.652,ts-admin-order,16.3971,ts-travel,10.0913,ts-consign,8.35,ts-security,8.2075,ts-basic,3.4528,ts-payment,3.415,ts-execute,3.16,ts-preserve,0.395
75, -- ,ts-train,2305.7063,ts-station,1219.5613,ts-basic,544.7591,ts-admin-order,91.0449,ts-price,89.0583,ts-preserve,60.175,ts-travel,52.804,ts-config,46.0,ts-route,15.22,ts-ticketinfo,6.0436,ts-contacts,5.97,ts-security,4.62,ts-inside-payment,3.1217,ts-food-map,1.18,ts-seat,1.02,ts-order,1.02,ts-consign,0.3333,ts-ui,0.1866,ts-notification,0.115
76, -- ,ts-train,2150.2915,ts-assurance,1184.2467,ts-station,754.5011,ts-basic,612.4714,ts-food-map,201.072,ts-price,163.4413,ts-contacts,80.09,ts-security,70.15,ts-food,49.94,ts-config,46.0,ts-preserve,18.77,ts-travel,15.25,ts-seat,8.5783,ts-ticketinfo,8.022,ts-route,6.0683,ts-inside-payment,5.89,ts-user,3.4,ts-auth,1.52,ts-consign,1.3333,ts-payment,0.16
77, -- ,ts-train,2650.4674,ts-assurance,918.3533,ts-station,659.0855,ts-security,62.24,ts-config,53.8375,ts-price,48.3,ts-user,33.96,ts-basic,27.7377,ts-payment,26.775,ts-contacts,15.77,ts-travel,9.3295,ts-seat,8.5805,ts-auth,8.4267,ts-ticketinfo,5.324,ts-rebook,3.39,ts-cancel,1.5,ts-notification,0.325
78, -- ,ts-train,2927.26,ts-auth,987.5,ts-station,868.8437,ts-contacts,498.1833,ts-security,243.155,ts-config,58.4339,ts-execute,53.6875,ts-seat,52.8622,ts-user,17.7645,ts-travel,16.6648,ts-price,3.71,ts-ticketinfo,3.42,ts-inside-payment,1.6975,ts-admin-order,0.8143,ts-food-map,0.36,ts-assurance,0.03
79, -- ,ts-auth,2362.5,ts-train,2142.9689,ts-station,1161.7996,ts-security,751.8275,ts-contacts,402.9,ts-price,93.0203,ts-assurance,91.08,ts-config,90.8725,ts-travel,25.477,ts-user,17.7645,ts-execute,11.39,ts-seat,7.9833,ts-ticketinfo,6.752,ts-inside-payment,3.8975,ts-food,3.015,ts-route,2.105,ts-basic,1.54,ts-admin-order,0.5014,ts-food-map,0.2
80, -- ,ts-auth,3363.7967,ts-train,2646.0311,ts-station,1359.3165,ts-security,1259.925,ts-travel,195.5275,ts-preserve,63.6,ts-user,59.19,ts-config,46.815,ts-seat,28.7804,ts-consign,23.13,ts-basic,19.64,ts-food-map,7.9705,ts-assurance,5.97,ts-price,5.905,ts-contacts,3.8825,ts-route,3.325,ts-notification,1.76,ts-inside-payment,0.6575,ts-admin-order,0.4157,ts-order,0.2633
81, -- ,ts-train,2157.4872,ts-security,1350.73,ts-station,1007.5056,ts-travel,201.964,ts-inside-payment,150.2108,ts-order,112.6579,ts-price,62.6397,ts-contacts,58.455,ts-config,46.815,ts-cancel,43.53,ts-user,30.08,ts-payment,24.805,ts-seat,21.7943,ts-basic,20.31,ts-consign,10.68,ts-route,7.986,ts-ticketinfo,4.53,ts-food-map,0.17
82, -- ,ts-train,3289.1835,ts-station,1046.5249,ts-travel,67.57,ts-config,46.0,ts-security,43.625,ts-user,33.54,ts-seat,32.7846,ts-preserve,23.28,ts-order,8.76,ts-price,8.6233,ts-payment,7.06,ts-cancel,3.03,ts-contacts,2.8,ts-food,1.25,ts-auth,0.8567,ts-notification,0.6,ts-route,0.21
83, -- ,ts-train,3478.3808,ts-station,996.9249,ts-travel,373.2497,ts-food-map,353.2635,ts-config,46.0,ts-preserve,22.75,ts-inside-payment,8.7175,ts-seat,7.211,ts-route,3.8168,ts-food,2.93,ts-ticketinfo,2.308,ts-notification,1.0,ts-contacts,0.929,ts-payment,0.3825,ts-basic,0.125
84, -- ,ts-station,50540.2055,ts-train,2672.9102,ts-security,145.205,ts-travel,140.8688,ts-seat,77.1509,ts-config,46.0,ts-food-map,23.704,ts-route,22.598,ts-assurance,13.59,ts-food,7.68,ts-order,5.905,ts-inside-payment,3.705,ts-auth,2.4033,ts-notification,1.0,ts-contacts,0.929,ts-payment,0.78,ts-basic,0.125,ts-delivery,0.01
85, -- ,ts-station,50501.8272,ts-train,2838.5794,ts-travel,1133.3824,ts-config,46.0,ts-consign,25.53,ts-security,20.605,ts-route,10.9633,ts-seat,7.9445,ts-ticketinfo,6.594,ts-order,6.38,ts-admin-basic-info,3.125,ts-food-map,2.654,ts-delivery,2.6467,ts-execute,0.6475,ts-auth,0.4167,ts-inside-payment,0.235,ts-payment,0.0625
86, -- ,ts-train,2684.3301,ts-station,618.8137,ts-config,46.0,ts-contacts,35.87,ts-admin-order,31.5589,ts-seat,18.1175,ts-security,16.775,ts-travel,14.5276,ts-inside-payment,4.9025,ts-assurance,4.14,ts-preserve,3.31,ts-verification-code,3.215,ts-execute,3.0225,ts-admin-basic-info,2.1637,ts-ticketinfo,1.514,ts-preserve-other,1.0412,ts-auth,0.6367,ts-admin-route,0.25
87, -- ,ts-train,3187.084,ts-station,731.3952,ts-consign,143.4,ts-security,62.1179,ts-seat,48.0063,ts-config,46.0,ts-contacts,36.76,ts-food-map,25.4215,ts-cancel,22.35,ts-travel,22.1508,ts-admin-travel,20.7312,ts-preserve,17.97,ts-payment,14.56,ts-route,4.8468,ts-verification-code,2.58,ts-price,2.1909,ts-preserve-other,1.0412,ts-notification,1.0,ts-ticketinfo,0.2991,ts-inside-payment,0.0492,ts-food,0.04,ts-order,0.005
88, -- ,ts-train,5596.7633,ts-station,668.9103,ts-preserve,507.4775,ts-food-map,166.04,ts-config,46.0,ts-security,45.6417,ts-travel,20.5759,ts-notification,13.975,ts-admin-travel,13.0212,ts-seat,9.6669,ts-rebook,8.16,ts-food,5.96,ts-consign,5.82,ts-execute,2.0675,ts-assurance,1.95
89, -- ,ts-consign,776.07,ts-travel,773.7925,ts-voucher,741.84,ts-preserve,589.645,ts-station,560.4883,ts-notification,517.79,ts-ticket-office,502.14,ts-order,471.945,ts-avatar,441.615,ts-admin-travel,399.525,ts-admin-basic-info,390.285,ts-train,388.9994,ts-route,383.205,ts-assurance,382.59,ts-admin-user,382.245,ts-rebook,376.0337,ts-admin-route,375.27,ts-preserve-other,367.095,ts-contacts,339.095,ts-config,305.02,ts-seat,284.8708,ts-news,282.72,ts-security,282.1008,ts-price,262.6433,ts-food-map,262.628,ts-admin-order,260.4555,ts-verification-code,258.615,ts-basic,249.5125,ts-inside-payment,247.4,ts-cancel,242.34,ts-user,236.49,ts-auth,224.2335,ts-delivery,206.165,ts-food,201.94,ts-payment,193.91,ts-ui,172.305,ts-ticketinfo,138.171,ts-execute,123.3375
90, -- ,ts-train,1546.5606,ts-travel,185.5073,ts-station,102.4346,ts-config,46.2182,ts-contacts,26.4,ts-auth,25.8217,ts-seat,22.0778,ts-cancel,4.7892,ts-food-map,2.8245,ts-ticketinfo,2.7585,ts-user,2.31,ts-inside-payment,2.2075,ts-basic,0.8723,ts-route,0.805,ts-execute,0.26
91, -- ,ts-train,2140.0739,ts-station,608.1825,ts-basic,346.916,ts-security,331.5158,ts-travel,134.0575,ts-config,46.2182,ts-contacts,34.96,ts-seat,23.2483,ts-cancel,9.2,ts-route,6.3713,ts-user,2.31,ts-inside-payment,2.2075,ts-execute,1.175,ts-food-map,0.182
92, -- ,ts-train,3415.1554,ts-consign,776.295,ts-voucher,741.84,ts-travel,678.8664,ts-station,523.1179,ts-notification,507.79,ts-ticket-office,501.9,ts-order,472.095,ts-avatar,441.615,ts-route,416.6657,ts-admin-travel,399.525,ts-admin-basic-info,390.285,ts-assurance,382.68,ts-admin-user,382.245,ts-admin-route,375.27,ts-rebook,373.38,ts-preserve-other,367.08,ts-config,315.8612,ts-seat,314.1637,ts-news,283.545,ts-price,262.425,ts-verification-code,258.615,ts-admin-order,257.52,ts-contacts,255.93,ts-food-map,248.389,ts-inside-payment,245.29,ts-cancel,242.385,ts-user,236.655,ts-auth,230.6535,ts-security,210.7617,ts-delivery,207.12,ts-food,202.035,ts-payment,193.91,ts-ui,171.825,ts-preserve,136.485,ts-ticketinfo,131.925,ts-execute,120.9375,ts-basic,82.434
93, -- ,ts-train,3276.3355,ts-station,1747.6406,ts-contacts,85.405,ts-config,46.445,ts-travel,41.5243,ts-food,37.1967,ts-admin-order,22.9422,ts-seat,17.9226,ts-security,16.5175,ts-user,14.8358,ts-voucher,12.62,ts-basic,10.702,ts-ticketinfo,8.34,ts-execute,7.3075,ts-food-map,6.651,ts-payment,5.66,ts-inside-payment,4.475,ts-consign,3.06,ts-price,2.645,ts-assurance,0.94,ts-route,0.654,ts-order,0.21,ts-rebook,0.01
94, -- ,ts-train,3801.6409,ts-station,1784.7389,ts-food,185.18,ts-config,46.0,ts-payment,20.755,ts-preserve,17.8993,ts-security,16.1375,ts-travel,15.2781,ts-seat,10.7536,ts-food-map,8.806,ts-contacts,7.74,ts-assurance,3.6,ts-route,3.412,ts-execute,1.59,ts-price,0.9895,ts-admin-order,0.396,ts-notification,0.165
95, -- ,ts-train,2772.0617,ts-station,535.2985,ts-contacts,119.69,ts-config,46.0,ts-route,38.89,ts-travel,37.8908,ts-food,27.795,ts-inside-payment,12.2783,ts-seat,9.9532,ts-payment,3.88,ts-assurance,2.1167,ts-admin-order,1.7665,ts-preserve,0.58,ts-food-map,0.176,ts-ticketinfo,0.086
96, -- ,ts-train,2702.8865,ts-station,510.4104,ts-travel,115.9789,ts-consign,86.7,ts-config,57.4203,ts-route,43.2456,ts-seat,40.9646,ts-preserve,25.8,ts-user,11.85,ts-food,11.59,ts-security,10.625,ts-contacts,10.14,ts-payment,7.195,ts-food-map,2.14,ts-delivery,0.22,ts-inside-payment,0.0575
97, -- ,ts-train,2550.2534,ts-station,585.3156,ts-contacts,94.11,ts-travel,88.4362,ts-config,46.0,ts-admin-order,44.9256,ts-inside-payment,43.1224,ts-security,35.58,ts-seat,26.5809,ts-route,18.9733,ts-payment,7.85,ts-food,6.56,ts-basic,4.0467,ts-auth,0.4167
98, -- ,ts-train,2711.6659,ts-station,645.0585,ts-security,102.7483,ts-travel,84.6551,ts-config,46.0,ts-payment,37.5,ts-seat,23.5047,ts-admin-order,6.826,ts-inside-payment,6.275,ts-route,5.1833,ts-execute,2.992,ts-food-map,2.648,ts-ticketinfo,2.626,ts-notification,1.41,ts-preserve,0.97,ts-contacts,0.68
99, -- ,ts-train,2691.4676,ts-station,571.6599,ts-travel,74.6222,ts-config,46.0,ts-food,27.86,ts-preserve,26.19,ts-seat,24.5023,ts-consign,18.84,ts-route,11.4207,ts-payment,8.685,ts-security,4.805,ts-notification,3.75,ts-food-map,2.204,ts-ticketinfo,1.514,ts-rebook,0.9,ts-basic,0.9,ts-auth,0.8567
100, -- ,ts-train,2824.9759,ts-station,533.9008,ts-auth,48.6226,ts-config,46.0,ts-seat,36.3085,ts-user,23.55,ts-travel,15.065,ts-food,13.15,ts-preserve,4.04,ts-cancel,1.8,ts-food-map,0.238
101, -- ,ts-train,2713.7979,ts-station,565.6734,ts-food-map,70.616,ts-config,46.0,ts-user,33.63,ts-preserve,23.49,ts-seat,23.1197,ts-travel,21.0383,ts-inside-payment,9.465,ts-security,6.93,ts-food,6.46,ts-price,4.988,ts-order,3.1823,ts-consign,3.09,ts-basic,3.0489,ts-auth,0.8567,ts-notification,0.675,ts-ui,0.3157,ts-payment,0.26,ts-route,0.068
102, -- ,ts-train,2736.6455,ts-station,673.2025,ts-travel,202.0888,ts-auth,79.6395,ts-config,62.8011,ts-consign,43.77,ts-seat,41.9334,ts-food-map,37.41,ts-security,16.725,ts-payment,9.585,ts-contacts,7.985,ts-route,5.8283,ts-notification,1.055,ts-preserve,1.03,ts-assurance,0.93,ts-basic,0.8987,ts-order,0.2342,ts-execute,0.1187,ts-ticketinfo,0.0555
103, -- ,ts-route,6092.38,ts-consign,5992.0,ts-order,5992.0,ts-travel,4853.5095,ts-train,3362.0766,ts-cancel,3092.0,ts-avatar,3092.0,ts-admin-order,3092.0,ts-news,3092.0,ts-price,3092.0,ts-seat,3038.145,ts-assurance,3020.0567,ts-basic,2996.8622,ts-rebook,2996.0,ts-admin-travel,2996.0,ts-food,2996.0,ts-preserve-other,2996.0,ts-ticketinfo,2996.0,ts-user,2996.0,ts-admin-route,2996.0,ts-admin-basic-info,2996.0,ts-admin-user,2996.0,ts-contacts,2996.0,ts-verification-code,2996.0,ts-ticket-office,2996.0,ts-voucher,2996.0,ts-config,2071.4756,ts-station,1537.5324,ts-execute,1522.71,ts-food-map,1510.18,ts-inside-payment,1497.8125,ts-delivery,1497.5,ts-payment,1497.0,ts-preserve,1497.0,ts-security,1407.795,ts-notification,596.0,ts-auth,457.5967,ts-ui,6.09
104, -- ,ts-station,12351.105,ts-travel,7434.5735,ts-route,6057.6266,ts-consign,5992.0,ts-order,5992.0,ts-auth,4734.25,ts-security,3143.445,ts-food,3013.59,ts-admin-order,3012.515,ts-seat,3011.3138,ts-assurance,3003.35,ts-cancel,3000.83,ts-price,2997.4023,ts-ticketinfo,2996.086,ts-rebook,2996.0,ts-admin-travel,2996.0,ts-avatar,2996.0,ts-preserve-other,2996.0,ts-user,2996.0,ts-admin-route,2996.0,ts-admin-basic-info,2996.0,ts-admin-user,2996.0,ts-basic,2996.0,ts-contacts,2996.0,ts-news,2996.0,ts-verification-code,2996.0,ts-ticket-office,2996.0,ts-voucher,2996.0,ts-train,2588.4449,ts-config,1588.101,ts-preserve,1518.94,ts-execute,1510.4503,ts-inside-payment,1509.3175,ts-delivery,1497.5,ts-food-map,1497.5,ts-payment,1497.0,ts-notification,605.265,ts-ui,69.73
105, -- ,ts-station,72191.4515,ts-auth,3112.5,ts-train,2158.8379,ts-travel,773.0983,ts-security,737.205,ts-ui,78.82,ts-config,64.7211,ts-route,27.6293,ts-preserve,20.6167,ts-inside-payment,13.6025,ts-admin-order,11.132,ts-order,9.985,ts-basic,4.892,ts-consign,1.8771,ts-notification,1.45,ts-execute,0.2
106, -- ,ts-station,82356.7477,ts-train,1914.1075,ts-security,1571.7425,ts-auth,987.5,ts-config,758.122,ts-travel,470.9884,ts-seat,99.5698,ts-route,27.9235,ts-inside-payment,12.0633,ts-basic,11.5326,ts-admin-order,8.734,ts-order,6.205,ts-ticketinfo,1.514,ts-admin-travel,1.02
107, -- ,ts-train,2224.8891,ts-station,1805.5586,ts-security,1564.2275,ts-admin-order,852.5754,ts-config,601.1314,ts-inside-payment,483.495,ts-admin-route,375.27,ts-auth,245.5405,ts-cancel,244.5,ts-travel,141.6858,ts-assurance,94.5,ts-rebook,21.765,ts-order,13.4836,ts-consign,11.43,ts-preserve,9.0,ts-seat,7.5487,ts-voucher,5.26,ts-payment,3.5,ts-food-map,3.1755,ts-ticketinfo,0.562,ts-basic,0.3937,ts-admin-basic-info,0.24,ts-verification-code,0.2
108, -- ,ts-train,1934.3839,ts-inside-payment,1304.34,ts-station,1303.5876,ts-security,947.865,ts-admin-route,375.27,ts-auth,362.5,ts-voucher,284.465,ts-config,128.2208,ts-seat,52.5126,ts-travel,48.828,ts-preserve,35.7913,ts-cancel,19.96,ts-execute,8.1025,ts-basic,7.5278,ts-route,3.9745,ts-rebook,3.135,ts-food-map,2.5835,ts-verification-code,0.835,ts-assurance,0.39,ts-admin-basic-info,0.24,ts-contacts,0.21,ts-payment,0.185
109, -- ,ts-train,2765.6919,ts-station,1076.0108,ts-auth,362.5,ts-voucher,284.465,ts-inside-payment,70.45,ts-config,47.2657,ts-user,42.57,ts-security,26.5544,ts-travel,23.0075,ts-assurance,13.26,ts-route,9.89,ts-consign,8.64,ts-seat,8.2948,ts-basic,6.232,ts-notification,6.055,ts-delivery,5.12,ts-ticketinfo,4.212,ts-contacts,1.5633,ts-execute,1.0,ts-payment,0.96,ts-admin-route,0.7312,ts-rebook,0.49,ts-food-map,0.23
110, -- ,ts-train,2596.0629,ts-station,1051.0095,ts-auth,487.5,ts-ui,171.885,ts-travel,98.5041,ts-config,58.2621,ts-security,26.115,ts-seat,22.2182,ts-consign,11.7,ts-price,8.7325,ts-notification,5.595,ts-basic,4.4784,ts-food-map,4.38,ts-payment,3.54,ts-route,1.618,ts-inside-payment,1.545,ts-rebook,0.49,ts-contacts,0.2433
111, -- ,ts-train,2768.7274,ts-station,940.5233,ts-auth,529.4454,ts-ui,171.885,ts-config,46.0,ts-seat,41.9036,ts-travel,37.5545,ts-food-map,27.0595,ts-inside-payment,18.6875,ts-food,6.17,ts-assurance,2.22,ts-delivery,1.305,ts-execute,0.48,ts-order,0.02
112, -- ,ts-train,2475.9001,ts-station,831.9356,ts-inside-payment,63.2186,ts-travel,53.1433,ts-config,46.8981,ts-contacts,40.37,ts-security,37.666,ts-auth,34.3865,ts-admin-order,21.6814,ts-assurance,17.19,ts-price,11.1235,ts-payment,10.37,ts-seat,8.4157,ts-food,6.06,ts-food-map,0.12
113, -- ,ts-station,20839.8999,ts-train,2331.882,ts-auth,1612.9114,ts-payment,293.855,ts-security,148.2761,ts-contacts,78.51,ts-inside-payment,74.6346,ts-config,56.6081,ts-user,38.175,ts-travel,22.65,ts-admin-order,8.952,ts-food-map,8.294,ts-execute,6.23,ts-notification,3.22,ts-seat,2.187,ts-ui,1.44,ts-food,0.98
114, -- ,ts-station,21058.1425,ts-train,2470.6091,ts-auth,1120.4095,ts-security,749.435,ts-travel,71.734,ts-config,47.395,ts-inside-payment,42.3939,ts-admin-order,14.1202,ts-cancel,12.87,ts-admin-travel,6.3,ts-execute,5.9975,ts-food-map,3.117,ts-seat,2.586,ts-ticketinfo,1.99,ts-rebook,1.74,ts-payment,0.39,ts-basic,0.383,ts-contacts,0.214
115, -- ,ts-auth,2862.5,ts-train,2475.3973,ts-station,982.7458,ts-security,237.57,ts-config,57.1609,ts-seat,39.9891,ts-assurance,34.56,ts-inside-payment,20.2225,ts-execute,16.3075,ts-travel,14.2807,ts-user,11.76,ts-consign,10.02,ts-admin-travel,6.99,ts-notification,6.435,ts-preserve-other,5.88,ts-ticketinfo,4.848,ts-payment,1.73,ts-rebook,1.02,ts-preserve,0.8658,ts-contacts,0.214,ts-order,0.16,ts-admin-order,0.1367
116, -- ,ts-auth,3372.7678,ts-train,2418.582,ts-station,1015.9068,ts-travel,102.4019,ts-payment,83.315,ts-contacts,46.67,ts-config,46.0,ts-order,31.1157,ts-preserve,23.02,ts-inside-payment,18.55,ts-notification,16.775,ts-admin-order,16.5354,ts-rebook,11.74,ts-consign,10.77,ts-seat,9.9321,ts-ticketinfo,7.07,ts-food-map,3.9235,ts-security,2.93,ts-user,2.7433,ts-basic,1.764,ts-execute,0.25
117, -- ,ts-train,2730.4911,ts-station,1167.365,ts-contacts,139.5233,ts-travel,103.8206,ts-auth,82.5238,ts-security,48.685,ts-config,46.0,ts-preserve,22.21,ts-consign,19.35,ts-order,14.94,ts-ticketinfo,5.324,ts-notification,5.0,ts-seat,3.8474,ts-payment,2.235,ts-assurance,1.83,ts-rebook,1.2112,ts-execute,1.195,ts-route,0.416,ts-admin-order,0.014
118, -- ,ts-train,2709.7029,ts-station,972.7647,ts-ticket-office,54.4,ts-config,46.0,ts-travel,35.2206,ts-seat,34.1834,ts-route,21.4592,ts-user,8.94,ts-contacts,8.03,ts-payment,7.51,ts-security,4.2525,ts-food-map,1.1555,ts-price,0.9895,ts-notification,0.505,ts-inside-payment,0.4275,ts-basic,0.4199,ts-delivery,0.094
119, -- ,ts-train,2775.0644,ts-station,1162.3479,ts-food,120.375,ts-ticket-office,54.69,ts-auth,51.1867,ts-config,50.4139,ts-travel,47.2834,ts-payment,26.68,ts-security,23.77,ts-admin-order,23.4996,ts-order,21.2464,ts-user,19.3833,ts-inside-payment,9.425,ts-food-map,6.7155,ts-notification,4.33,ts-seat,4.2963,ts-consign,1.71,ts-ui,0.1333,ts-delivery,0.094,ts-basic,0.0171
120, -- ,ts-train,2835.2373,ts-station,925.9098,ts-food,120.39,ts-travel,84.3336,ts-auth,51.1867,ts-config,48.7033,ts-seat,36.8774,ts-security,20.4175,ts-contacts,13.9833,ts-food-map,7.2685,ts-ticketinfo,7.07,ts-route,3.3783,ts-execute,1.195,ts-preserve,0.0767
121, -- ,ts-train,2712.7088,ts-station,1063.3966,ts-seat,90.6028,ts-config,53.5203,ts-order,48.8886,ts-travel,39.7199,ts-inside-payment,33.7756,ts-admin-order,33.0,ts-price,32.3299,ts-food-map,12.646,ts-basic,12.0647,ts-preserve,7.6542,ts-security,7.005,ts-ticketinfo,6.695,ts-food,6.24,ts-route,4.3173,ts-execute,1.85,ts-cancel,1.14,ts-notification,0.505
122, -- ,ts-train,2709.6037,ts-station,1002.1875,ts-config,46.0,ts-travel,37.3351,ts-security,29.235,ts-inside-payment,18.68,ts-admin-order,12.984,ts-order,12.2203,ts-consign,8.58,ts-execute,5.3033,ts-cancel,5.1,ts-seat,4.9001,ts-route,0.818,ts-basic,0.646
123, -- ,ts-train,2621.348,ts-station,832.5017,ts-travel,163.1681,ts-config,46.0,ts-seat,42.6579,ts-payment,15.905,ts-admin-order,12.548,ts-cancel,4.68,ts-execute,4.5775,ts-notification,3.17,ts-basic,2.6496,ts-inside-payment,0.105,ts-price,0.092
124, -- ,ts-train,2726.2951,ts-station,958.8878,ts-travel,215.6508,ts-config,57.1418,ts-security,17.68,ts-route,13.3767,ts-seat,11.2431,ts-basic,8.5672,ts-cancel,8.49,ts-ticketinfo,3.26,ts-payment,2.85,ts-admin-travel,2.25,ts-auth,1.108,ts-inside-payment,0.906,ts-execute,0.32,ts-consign,0.2667
125, -- ,ts-train,2254.8992,ts-station,898.78,ts-travel,140.6347,ts-route,70.4703,ts-seat,59.2843,ts-config,49.3525,ts-basic,5.0237,ts-security,3.0,ts-execute,1.4125,ts-admin-order,0.724,ts-notification,0.675
126, -- ,ts-train,2285.0994,ts-station,1221.4543,ts-execute,152.57,ts-security,118.7,ts-config,69.7852,ts-travel,65.3462,ts-seat,36.1084,ts-route,8.4988,ts-ticketinfo,3.736,ts-basic,1.316,ts-preserve,1.045,ts-order,0.774
127, -- ,ts-route,6092.0447,ts-consign,6007.24,ts-order,5992.018,ts-travel,4850.4258,ts-ticketinfo,3183.3997,ts-admin-order,3108.2594,ts-cancel,3092.0,ts-avatar,3092.0,ts-news,3092.0,ts-price,3092.0,ts-food,3000.94,ts-seat,3000.1863,ts-basic,2998.768,ts-user,2997.7475,ts-rebook,2996.0,ts-admin-travel,2996.0,ts-preserve-other,2996.0,ts-admin-route,2996.0,ts-admin-basic-info,2996.0,ts-admin-user,2996.0,ts-contacts,2996.0,ts-assurance,2996.0,ts-verification-code,2996.0,ts-ticket-office,2996.0,ts-voucher,2996.0,ts-train,2550.6296,ts-config,2539.0253,ts-station,2198.4747,ts-execute,2165.8825,ts-auth,2109.25,ts-preserve,1516.8,ts-delivery,1497.5,ts-food-map,1497.5,ts-inside-payment,1497.3,ts-payment,1497.0,ts-security,816.83,ts-notification,597.24,ts-ui,51.55
128, -- ,ts-station,12226.3205,ts-consign,6118.945,ts-route,6015.8567,ts-order,6004.4674,ts-travel,4984.235,ts-auth,3486.3267,ts-ticketinfo,3182.594,ts-admin-travel,3028.8462,ts-admin-order,3016.9732,ts-food,3001.11,ts-seat,2998.4167,ts-basic,2998.21,ts-rebook,2996.49,ts-cancel,2996.0,ts-avatar,2996.0,ts-preserve-other,2996.0,ts-user,2996.0,ts-admin-route,2996.0,ts-admin-basic-info,2996.0,ts-admin-user,2996.0,ts-contacts,2996.0,ts-news,2996.0,ts-assurance,2996.0,ts-verification-code,2996.0,ts-ticket-office,2996.0,ts-voucher,2996.0,ts-price,2996.0,ts-config,2602.8379,ts-train,2175.166,ts-preserve,1517.34,ts-delivery,1497.5,ts-food-map,1497.5,ts-inside-payment,1497.0,ts-payment,1497.0,ts-execute,1496.0,ts-security,1074.62,ts-notification,599.0,ts-ui,51.55
129, -- ,ts-station,10664.9597,ts-train,2535.5742,ts-auth,1741.4467,ts-config,1600.7999,ts-security,785.9925,ts-travel,225.557,ts-consign,126.945,ts-execute,35.63,ts-ui,16.8509,ts-admin-travel,4.1662,ts-ticketinfo,4.054,ts-notification,3.875,ts-preserve,3.46,ts-rebook,0.49
130, -- ,ts-station,123768.2613,ts-auth,6491.0067,ts-train,2579.2743,ts-security,2145.6717,ts-config,1280.328,ts-user,73.098,ts-cancel,59.04,ts-seat,56.0136,ts-food-map,10.1935,ts-travel,9.7883,ts-route,9.38,ts-contacts,8.8533,ts-ticketinfo,4.372,ts-inside-payment,4.09,ts-food,1.692,ts-admin-travel,1.3025,ts-execute,1.3025,ts-payment,0.2225
131, -- ,ts-station,18020.3744,ts-security,4821.3771,ts-train,2395.8066,ts-config,451.6575,ts-auth,111.1942,ts-travel,92.7747,ts-inside-payment,24.9125,ts-admin-order,22.4032,ts-order,21.9566,ts-basic,2.992,ts-rebook,2.3812,ts-admin-travel,2.3437,ts-food-map,2.08,ts-execute,1.3025,ts-payment,0.2225,ts-food,0.112
132, -- ,ts-station,138639.5688,ts-security,2737.0074,ts-train,2052.8476,ts-config,715.0376,ts-auth,107.92,ts-travel,48.4583,ts-inside-payment,33.01,ts-notification,23.165,ts-admin-order,20.29,ts-order,11.2655,ts-admin-user,6.96,ts-ticketinfo,5.8,ts-basic,5.674,ts-news,2.89,ts-ui,1.5549,ts-rebook,1.4525,ts-route,1.2333
133, -- ,ts-station,89035.1343,ts-train,2463.8562,ts-security,2321.8925,ts-config,1052.5293,ts-route,103.275,ts-travel,73.3921,ts-food,61.178,ts-assurance,7.89,ts-user,7.13,ts-food-map,5.315,ts-notification,4.0,ts-ticketinfo,2.626,ts-consign,2.37,ts-seat,1.166,ts-basic,0.7905
134, -- ,ts-station,89914.9786,ts-train,3009.5334,ts-security,2316.2725,ts-travel,1751.9124,ts-config,982.2922,ts-food,402.03,ts-order,18.7386,ts-seat,14.5586,ts-user,8.76,ts-route,8.6133,ts-notification,5.85,ts-execute,3.4875,ts-assurance,2.67,ts-inside-payment,2.6125,ts-contacts,1.46,ts-food-map,0.272,ts-basic,0.0212
135, -- ,ts-train,2687.2004,ts-travel,1998.6271,ts-security,1663.9242,ts-station,1472.4206,ts-config,1204.6854,ts-food,131.2,ts-admin-order,9.0122,ts-preserve,8.255,ts-seat,7.4979,ts-inside-payment,4.2825,ts-delivery,0.325
136, -- ,ts-station,4046.4803,ts-train,2728.8593,ts-security,2005.7817,ts-config,1166.5848,ts-ticket-office,382.08,ts-travel,90.2453,ts-seat,6.7876,ts-food-map,3.4695,ts-inside-payment,1.8425,ts-order,1.2525,ts-notification,1.135,ts-basic,0.213,ts-preserve,0.09
137, -- ,ts-station,4267.7451,ts-train,2771.2804,ts-security,1978.8125,ts-config,834.8136,ts-ticket-office,382.29,ts-travel,62.4576,ts-contacts,40.8633,ts-seat,27.8436,ts-admin-order,26.6164,ts-food-map,13.89,ts-consign,6.36,ts-ticketinfo,3.102,ts-route,3.0005,ts-execute,1.85,ts-price,1.3083,ts-order,0.585,ts-basic,0.2979
138, -- ,ts-train,2558.8343,ts-security,1491.4125,ts-station,1318.6137,ts-config,729.6988,ts-payment,48.58,ts-travel,37.396,ts-admin-order,19.416,ts-seat,17.5496,ts-food-map,16.0295,ts-notification,5.725,ts-ticketinfo,5.642,ts-auth,4.0933,ts-preserve,1.5425,ts-order,1.0233,ts-price,0.29
139, -- ,ts-train,2715.1647,ts-station,1462.2769,ts-security,999.6508,ts-config,359.4819,ts-verification-code,258.66,ts-route,136.605,ts-travel,28.454,ts-admin-order,20.0484,ts-execute,4.36,ts-auth,3.9676,ts-basic,3.216,ts-ticketinfo,2.466,ts-seat,0.8533,ts-food-map,0.783,ts-order,0.74,ts-payment,0.695
140, -- ,ts-station,143964.3605,ts-train,2508.2865,ts-config,339.1088,ts-verification-code,258.66,ts-security,240.22,ts-route,141.5967,ts-travel,62.9338,ts-seat,48.6292,ts-basic,7.9752,ts-food-map,7.476,ts-delivery,6.495,ts-food,4.26,ts-ticketinfo,2.308,ts-assurance,0.87
141, -- ,ts-station,144157.8874,ts-train,3042.6375,ts-config,261.1507,ts-travel,80.3074,ts-security,68.515,ts-seat,4.6355,ts-notification,0.87,ts-delivery,0.035
142, -- ,ts-train,2912.2317,ts-travel,1743.4072,ts-station,1741.9941,ts-config,172.6462,ts-seat,79.642,ts-security,67.9404,ts-preserve,46.22,ts-route,33.8408,ts-food-map,32.7595,ts-contacts,13.29,ts-basic,2.573,ts-execute,1.5225,ts-order,1.36,ts-payment,0.84,ts-ticketinfo,0.72,ts-notification,0.585,ts-user,0.1867
143, -- ,ts-station,147602.8857,ts-train,2618.7362,ts-travel,2038.7125,ts-config,270.116,ts-security,60.6258,ts-seat,50.9663,ts-payment,50.75,ts-preserve,30.39,ts-admin-order,25.7561,ts-inside-payment,21.6169,ts-route,17.5363,ts-user,12.9518,ts-ticketinfo,3.896,ts-food-map,0.36
144, -- ,ts-station,147594.172,ts-train,2772.4424,ts-config,353.8268,ts-travel,68.1393,ts-payment,43.305,ts-seat,23.3862,ts-security,14.66,ts-user,12.9518,ts-food,9.98,ts-cancel,8.13,ts-food-map,6.48,ts-delivery,6.01,ts-assurance,5.73,ts-execute,2.505,ts-inside-payment,0.8775,ts-price,0.8333
145, -- ,ts-train,2793.4601,ts-station,1638.8564,ts-config,257.1617,ts-travel,206.7706,ts-inside-payment,109.6617,ts-seat,4.8857,ts-security,3.435,ts-admin-order,1.5429,ts-basic,0.9173,ts-order,0.184,ts-route,0.092,ts-notification,0.07
146, -- ,ts-train,2637.0156,ts-station,1472.2785,ts-travel,205.5768,ts-seat,128.2984,ts-config,66.007,ts-auth,59.6777,ts-payment,24.5,ts-route,8.614,ts-security,4.39,ts-preserve,2.04,ts-notification,0.755,ts-food-map,0.256
147, -- ,ts-train,2327.25,ts-station,1455.3407,ts-config,98.3429,ts-travel,67.5358,ts-auth,39.93,ts-seat,18.1282,ts-cancel,11.82,ts-food,6.11,ts-contacts,3.34,ts-basic,3.1565,ts-security,2.76,ts-execute,1.04,ts-ticketinfo,1.038,ts-route,0.2215
148, -- ,ts-train,2861.1631,ts-station,1265.9552,ts-travel,280.9817,ts-config,62.147,ts-seat,49.6774,ts-security,27.35,ts-price,19.2618,ts-food,6.45,ts-notification,1.14,ts-inside-payment,0.8775,ts-assurance,0.54
149, -- ,ts-train,3045.3557,ts-station,1483.6903,ts-travel,285.388,ts-config,87.7885,ts-seat,80.5607,ts-auth,53.1729,ts-contacts,52.16,ts-inside-payment,43.7877,ts-order,33.7964,ts-price,32.628,ts-admin-order,9.0429,ts-verification-code,9.025,ts-basic,5.3819,ts-route,5.0595,ts-security,4.5625,ts-consign,4.0,ts-notification,0.95,ts-payment,0.55,ts-admin-basic-info,0.4812
150, -- ,ts-train,2805.2011,ts-station,1236.482,ts-config,65.814,ts-contacts,44.6433,ts-delivery,43.69,ts-rebook,27.8225,ts-food,24.42,ts-travel,23.9683,ts-consign,21.78,ts-seat,20.8324,ts-admin-travel,16.9325,ts-notification,12.405,ts-security,10.9875,ts-auth,2.8433,ts-order,2.57,ts-admin-basic-info,1.6825,ts-verification-code,1.625,ts-food-map,1.5805,ts-admin-order,1.3201,ts-inside-payment,1.1312,ts-basic,0.4199,ts-route,0.3885,ts-preserve,0.09
151, -- ,ts-train,2943.9799,ts-station,1440.7841,ts-preserve,110.06,ts-config,69.2896,ts-inside-payment,63.9668,ts-delivery,31.575,ts-seat,30.4319,ts-price,6.59,ts-order,4.44,ts-food-map,4.2195,ts-ticketinfo,3.4442,ts-route,2.98,ts-basic,2.322,ts-rebook,1.9325,ts-admin-travel,1.0412,ts-execute,0.7575,ts-admin-order,0.6167
152, -- ,ts-train,2580.9393,ts-station,1355.0151,ts-config,76.3566,ts-order,61.2686,ts-travel,54.2634,ts-notification,53.64,ts-user,18.06,ts-security,10.285,ts-seat,8.0274,ts-contacts,3.725,ts-basic,2.88,ts-execute,2.505,ts-food-map,1.99,ts-ticketinfo,1.674,ts-payment,0.25,ts-delivery,0.23,ts-route,0.181,ts-admin-order,0.0667
153, -- ,ts-station,164627.0387,ts-train,2137.3183,ts-preserve,300.364,ts-security,146.52,ts-seat,135.2978,ts-config,87.5192,ts-payment,41.035,ts-route,28.4343,ts-travel,22.8077,ts-user,13.53,ts-food-map,11.7315,ts-order,9.835,ts-notification,4.285,ts-delivery,1.4667,ts-food,1.12,ts-basic,0.0275
154, -- ,ts-station,164743.8296,ts-train,2695.9574,ts-security,460.81,ts-config,394.9804,ts-food,124.5,ts-preserve,26.37,ts-travel,25.6122,ts-order,4.337,ts-execute,3.9225,ts-contacts,2.24,ts-seat,0.7857,ts-auth,0.1933,ts-notification,0.0729
155, -- ,ts-train,2560.8078,ts-station,2033.9019,ts-travel,1585.4285,ts-config,484.6527,ts-security,324.8,ts-food,124.5,ts-order,17.675,ts-basic,14.388,ts-route,7.837,ts-ticketinfo,7.704,ts-inside-payment,5.3843,ts-seat,0.8533,ts-auth,0.716,ts-contacts,0.45
156, -- ,ts-train,2200.6453,ts-station,1879.8871,ts-travel,495.5331,ts-security,386.0435,ts-config,346.5546,ts-seat,45.3875,ts-route,38.11,ts-assurance,35.43,ts-basic,18.6345,ts-preserve,8.331,ts-ticketinfo,2.942,ts-order,1.97,ts-auth,1.3667
157, -- ,ts-train,2499.6566,ts-station,1945.827,ts-security,793.0925,ts-ticket-office,381.135,ts-config,124.5186,ts-food-map,92.1725,ts-travel,65.3089,ts-preserve,17.145,ts-auth,10.3281,ts-basic,2.098,ts-order,1.82,ts-seat,1.24
158, -- ,ts-train,2556.6165,ts-station,1615.4392,ts-security,1434.3025,ts-ticket-office,381.33,ts-travel,124.2514,ts-config,74.9829,ts-seat,21.4117,ts-route,12.9252,ts-basic,11.268,ts-food-map,6.754,ts-food,4.26,ts-cancel,1.8
159, -- ,ts-train,2688.1008,ts-station,1884.6071,ts-security,1741.51,ts-config,129.0,ts-travel,65.3253,ts-admin-order,36.2979,ts-admin-user,21.3,ts-seat,6.5249,ts-notification,2.405,ts-ticketinfo,2.15,ts-order,1.5814,ts-inside-payment,1.02,ts-route,0.205
160, -- ,ts-train,2692.1913,ts-security,2286.27,ts-station,1565.4203,ts-config,290.0979,ts-travel,83.5457,ts-consign,43.47,ts-seat,40.6312,ts-price,10.72,ts-food-map,2.763,ts-basic,2.322,ts-contacts,1.44,ts-inside-payment,1.0825,ts-food,0.14,ts-payment,0.115
161, -- ,ts-train,2911.0431,ts-security,2435.35,ts-station,1734.7856,ts-config,305.7732,ts-travel,64.8074,ts-seat,36.5326,ts-route,22.8033,ts-food,19.4967,ts-basic,14.861,ts-price,12.8954,ts-contacts,2.76,ts-rebook,2.34,ts-preserve,1.5967,ts-notification,1.43
162, -- ,ts-security,2854.755,ts-train,2602.4782,ts-station,1766.4431,ts-config,241.4893,ts-travel,35.8753,ts-seat,32.6651,ts-user,5.215,ts-preserve,4.37,ts-route,3.3633,ts-contacts,3.071,ts-price,2.2605,ts-auth,1.0767,ts-food-map,0.194
163, -- ,ts-train,2452.1915,ts-security,2284.665,ts-station,1830.3351,ts-food-map,421.119,ts-config,330.6985,ts-seat,89.15,ts-travel,74.7543,ts-route,49.2495,ts-consign,30.45,ts-preserve,29.2283,ts-payment,17.87,ts-contacts,11.6267,ts-food,7.01,ts-execute,2.505,ts-basic,2.0323,ts-assurance,1.58,ts-voucher,1.42,ts-inside-payment,1.0356,ts-admin-order,0.58,ts-order,0.22
164, -- ,ts-train,2445.8852,ts-station,1722.9491,ts-security,1002.305,ts-config,468.3047,ts-seat,60.3803,ts-travel,39.0187,ts-preserve,33.9742,ts-food,6.45,ts-food-map,2.649,ts-assurance,2.33,ts-basic,2.098,ts-order,1.55,ts-execute,1.5225,ts-inside-payment,0.9486,ts-payment,0.9,ts-auth,0.8567,ts-ui,0.1285
165, -- ,ts-train,2535.057,ts-station,1819.2667,ts-security,614.97,ts-travel,103.6545,ts-config,76.5602,ts-preserve,54.55,ts-consign,17.88,ts-seat,11.0148,ts-basic,6.3332,ts-order,0.2
166, -- ,ts-train,2552.7557,ts-station,1784.3798,ts-security,370.68,ts-travel,99.8172,ts-config,66.6476,ts-user,49.828,ts-price,40.4286,ts-preserve,38.97,ts-seat,31.9064,ts-cancel,21.81,ts-route,7.5483,ts-food-map,4.7655,ts-notification,4.15,ts-ticketinfo,2.308,ts-basic,1.1023,ts-inside-payment,0.8829
167, -- ,ts-train,2567.0971,ts-station,1798.7561,ts-travel,1460.0394,ts-security,444.7337,ts-config,78.6633,ts-route,11.7393,ts-seat,10.934,ts-user,10.4,ts-cancel,9.81,ts-delivery,1.34,ts-preserve-other,0.7812,ts-order,0.53,ts-notification,0.035
168, -- ,ts-train,2507.0846,ts-station,2001.3342,ts-security,246.9175,ts-travel,186.9505,ts-delivery,136.46,ts-seat,70.5253,ts-config,56.0595,ts-route,41.8882,ts-food-map,22.508,ts-food,14.3667,ts-ticketinfo,4.53,ts-consign,2.67,ts-assurance,2.43,ts-basic,2.2962,ts-payment,0.23
169, -- ,ts-train,2725.8514,ts-station,1883.9516,ts-food,145.84,ts-delivery,100.035,ts-travel,83.0407,ts-payment,66.295,ts-security,59.4775,ts-config,49.7467,ts-admin-order,40.4689,ts-food-map,30.756,ts-seat,10.8814,ts-ticketinfo,4.372,ts-assurance,4.2,ts-route,0.2733
170, -- ,ts-train,2668.6089,ts-station,1844.7444,ts-price,165.289,ts-config,86.4297,ts-food-map,37.6985,ts-order,33.0,ts-travel,23.2127,ts-security,15.5325,ts-seat,7.317,ts-inside-payment,1.6325,ts-preserve,1.6167,ts-cancel,0.75,ts-notification,0.61,ts-payment,0.08
171, -- ,ts-train,2711.1819,ts-station,1846.478,ts-travel,135.7916,ts-security,133.7325,ts-config,103.8893,ts-preserve,36.96,ts-seat,31.3757,ts-food-map,28.656,ts-delivery,10.46,ts-food,8.92,ts-consign,4.26,ts-price,3.7846,ts-basic,2.2273,ts-route,0.776,ts-ticketinfo,0.0564
172, -- ,ts-train,2789.1088,ts-station,1693.8849,ts-food,123.76,ts-inside-payment,65.3464,ts-config,51.6717,ts-travel,41.4567,ts-security,36.525,ts-seat,27.9899,ts-consign,6.27,ts-route,6.161,ts-price,0.9833,ts-food-map,0.8825,ts-auth,0.4167,ts-execute,0.32
173, -- ,ts-train,2805.0479,ts-station,1999.5036,ts-cancel,202.71,ts-food,131.695,ts-seat,60.0263,ts-config,49.7467,ts-contacts,40.95,ts-security,35.415,ts-food-map,21.771,ts-route,16.8508,ts-inside-payment,14.4158,ts-auth,7.9944,ts-rebook,2.86,ts-travel,2.5333,ts-preserve,1.905,ts-execute,0.7575
174, -- ,ts-train,2772.8889,ts-station,2388.0003,ts-inside-payment,251.8277,ts-food,99.2025,ts-config,49.7467,ts-delivery,25.225,ts-security,24.9525,ts-auth,7.706,ts-price,4.55,ts-seat,3.6874,ts-travel,2.878,ts-cancel,2.43,ts-ticketinfo,2.0291,ts-food-map,1.72,ts-rebook,1.4525,ts-notification,0.61
175, -- ,ts-train,2518.304,ts-station,2101.0229,ts-config,49.7467,ts-security,24.8225,ts-delivery,19.21,ts-travel,17.3973,ts-seat,16.259,ts-auth,3.5729,ts-execute,3.16,ts-user,0.57,ts-food-map,0.462,ts-payment,0.2225
176, -- ,ts-train,2771.6168,ts-station,2469.224,ts-preserve,81.86,ts-travel,53.6892,ts-config,49.7467,ts-seat,38.2348,ts-food,37.56,ts-security,24.6325,ts-consign,8.79,ts-route,4.529,ts-contacts,3.8,ts-food-map,2.6815,ts-execute,1.3025,ts-payment,0.2225,ts-rebook,0.01
177, -- ,ts-station,16490.9819,ts-train,2217.0549,ts-preserve,84.28,ts-travel,52.4133,ts-config,49.7467,ts-security,16.1175,ts-contacts,2.01,ts-seat,1.2317,ts-notification,1.005,ts-execute,0.975,ts-basic,0.0275,ts-rebook,0.01
178, -- ,ts-station,11250.1373,ts-train,2964.5238,ts-assurance,369.0,ts-config,156.9083,ts-security,150.7575,ts-delivery,82.8,ts-travel,41.592,ts-ui,21.228,ts-consign,0.9333,ts-ticketinfo,0.404,ts-seat,0.2983,ts-food-map,0.17
179, -- ,ts-station,53997.1042,ts-auth,10109.25,ts-route,6088.0,ts-consign,5992.8667,ts-order,5992.125,ts-travel,4875.1776,ts-train,3731.088,ts-assurance,3365.0,ts-cancel,3092.0,ts-avatar,3092.0,ts-admin-order,3092.0,ts-news,3092.0,ts-price,3092.0,ts-seat,3000.8426,ts-basic,2996.0275,ts-rebook,2996.0,ts-admin-travel,2996.0,ts-food,2996.0,ts-preserve-other,2996.0,ts-ticketinfo,2996.0,ts-user,2996.0,ts-admin-route,2996.0,ts-admin-basic-info,2996.0,ts-admin-user,2996.0,ts-contacts,2996.0,ts-verification-code,2996.0,ts-ticket-office,2996.0,ts-voucher,2996.0,ts-config,2539.4593,ts-security,1872.0925,ts-delivery,1580.3,ts-execute,1521.91,ts-food-map,1497.5,ts-payment,1497.115,ts-inside-payment,1497.0,ts-preserve,1497.0,ts-notification,596.335,ts-ui,6.09
180, -- ,ts-station,53114.0559,ts-order,5994.2808,ts-route,5992.0,ts-consign,5992.0,ts-travel,4879.5288,ts-auth,4609.25,ts-rebook,2996.0,ts-cancel,2996.0,ts-admin-travel,2996.0,ts-avatar,2996.0,ts-food,2996.0,ts-preserve-other,2996.0,ts-ticketinfo,2996.0,ts-user,2996.0,ts-admin-route,2996.0,ts-admin-basic-info,2996.0,ts-admin-user,2996.0,ts-admin-order,2996.0,ts-basic,2996.0,ts-contacts,2996.0,ts-news,2996.0,ts-assurance,2996.0,ts-verification-code,2996.0,ts-ticket-office,2996.0,ts-seat,2996.0,ts-voucher,2996.0,ts-price,2996.0,ts-config,2771.3664,ts-train,2578.8633,ts-security,1961.08,ts-delivery,1497.5,ts-food-map,1497.5,ts-payment,1497.2225,ts-inside-payment,1497.0,ts-preserve,1497.0,ts-execute,1496.0,ts-notification,596.485,ts-ui,78.82
181, -- ,ts-security,11580.245,ts-consign,6722.2925,ts-route,6290.67,ts-order,6142.075,ts-auth,6017.7817,ts-travel,5121.5528,ts-admin-order,4252.31,ts-voucher,3707.5725,ts-cancel,3597.53,ts-avatar,3555.7075,ts-train,3509.5208,ts-admin-travel,3418.55,ts-rebook,3391.3187,ts-assurance,3386.39,ts-price,3229.04,ts-ticketinfo,3159.3425,ts-contacts,3129.7675,ts-user,3127.4225,ts-news,3111.5567,ts-basic,3078.3455,ts-ticket-office,3045.2992,ts-preserve-other,3018.2925,ts-admin-basic-info,3017.79,ts-verification-code,3016.8475,ts-admin-route,3016.4975,ts-admin-user,3016.3375,ts-food,3013.68,ts-seat,2996.5933,ts-config,2256.7931,ts-station,2153.3625,ts-payment,1721.93,ts-inside-payment,1665.64,ts-preserve,1652.25,ts-food-map,1647.3825,ts-execute,1516.7725,ts-delivery,1512.62,ts-notification,1143.01,ts-ui,95.3275
