1, -- ,ts-admin-order,245.9443,ts-route,122.28,ts-travel,81.9602,ts-order,66.645,ts-config,46.0,ts-train,1.35
2, -- ,ts-config,6365.9092,ts-train,5331.9237,ts-admin-order,4023.0891,ts-station,3559.0041,ts-route,2618.5347,ts-price,2326.9673,ts-ticketinfo,2220.7222,ts-order,1792.2471,ts-travel,1750.2107,ts-food,1622.05,ts-seat,1211.4076,ts-basic,1115.3051,ts-preserve,594.185,ts-inside-payment,575.375,ts-ui,187.91,ts-food-map,69.985,ts-notification,13.3433,ts-security,6.125,ts-preserve-other,1.5625,ts-auth,0.6367
3, -- ,ts-train,4261.9305,ts-security,3888.3531,ts-config,3338.5674,ts-assurance,2661.8433,ts-order,2544.9252,ts-price,2125.8555,ts-station,1964.81,ts-route,1864.8469,ts-user,1563.0,ts-travel,1537.7822,ts-ticketinfo,1531.2889,ts-admin-order,1239.2096,ts-food,1150.888,ts-payment,1102.9325,ts-preserve,1064.439,ts-food-map,1019.0125,ts-seat,994.9237,ts-inside-payment,822.4504,ts-basic,770.3531,ts-consign,607.42,ts-execute,407.5383,ts-delivery,213.9899,ts-ui,191.09,ts-contacts,117.63,ts-notification,1.275
4, -- ,ts-config,3921.1679,ts-train,2363.9839,ts-security,2044.6733,ts-station,1850.6244,ts-order,1639.313,ts-preserve,1227.195,ts-travel,1159.113,ts-execute,1000.7842,ts-admin-order,751.2679,ts-price,616.689,ts-route,558.1256,ts-ticketinfo,556.667,ts-food-map,488.16,ts-payment,465.8828,ts-inside-payment,420.5583,ts-user,417.0,ts-food,382.8347,ts-assurance,311.3033,ts-basic,254.7862,ts-seat,245.2554,ts-delivery,123.055,ts-contacts,81.5,ts-ui,60.64,ts-consign,58.03,ts-notification,1.0
5, -- ,ts-train,2570.302,ts-security,1964.7525,ts-food,1736.2742,ts-travel,1465.1692,ts-price,1236.4907,ts-order,1228.4978,ts-config,1170.8591,ts-user,1099.0975,ts-execute,961.6758,ts-station,914.8033,ts-payment,745.5625,ts-admin-order,690.2254,ts-preserve,652.1292,ts-seat,607.9128,ts-food-map,574.9775,ts-inside-payment,506.2921,ts-route,410.3104,ts-cancel,400.86,ts-ticketinfo,298.2657,ts-basic,245.6872,ts-assurance,82.2467,ts-ui,60.64,ts-contacts,44.04,ts-consign,15.75,ts-delivery,2.26,ts-rebook,0.01
6, -- ,ts-security,2782.175,ts-user,2051.7008,ts-food,1968.9958,ts-travel,1817.9339,ts-payment,1284.0,ts-train,1279.623,ts-config,1213.7137,ts-order,1097.7769,ts-price,952.285,ts-station,834.4409,ts-food-map,710.068,ts-preserve,684.72,ts-execute,632.3292,ts-admin-order,547.3346,ts-route,478.7219,ts-inside-payment,382.1475,ts-seat,250.3341,ts-assurance,194.48,ts-basic,166.3713,ts-ticketinfo,159.0737,ts-cancel,43.83,ts-contacts,39.45,ts-delivery,3.96,ts-notification,2.965
7, -- ,ts-security,2448.3717,ts-user,2401.575,ts-travel,2141.2469,ts-food,2108.7533,ts-payment,1787.5867,ts-train,1064.0022,ts-order,1056.1816,ts-config,1015.0469,ts-station,842.5701,ts-basic,821.4533,ts-food-map,755.6275,ts-price,689.3293,ts-seat,675.9051,ts-execute,618.64,ts-route,474.1041,ts-inside-payment,404.3575,ts-preserve,328.61,ts-admin-order,243.2091,ts-ticketinfo,150.1617,ts-assurance,123.67,ts-contacts,12.39,ts-notification,2.43,ts-delivery,1.7
8, -- ,ts-travel,1935.3686,ts-user,1817.5386,ts-security,1755.1425,ts-station,1668.7152,ts-payment,1479.2467,ts-food,1475.8767,ts-train,1009.9788,ts-config,1001.1811,ts-price,684.7372,ts-basic,672.5804,ts-food-map,648.84,ts-order,638.2766,ts-execute,613.9375,ts-seat,485.222,ts-inside-payment,380.2758,ts-preserve,328.94,ts-route,241.668,ts-admin-order,231.1424,ts-ticketinfo,155.2044,ts-contacts,41.43,ts-assurance,5.2667,ts-consign,4.1324,ts-admin-travel,1.3025,ts-auth,1.2287,ts-notification,0.55,ts-delivery,0.16
9, -- ,ts-payment,1866.82,ts-security,1640.7225,ts-travel,1626.9565,ts-price,1342.0177,ts-station,1329.8696,ts-food,1303.66,ts-user,1119.2909,ts-train,1012.851,ts-config,873.3693,ts-order,663.3362,ts-execute,554.3083,ts-food-map,462.254,ts-seat,403.6916,ts-route,290.579,ts-preserve,245.22,ts-ticketinfo,147.5396,ts-admin-order,108.883,ts-inside-payment,81.8625,ts-basic,81.6388,ts-auth,40.3171,ts-contacts,4.74,ts-assurance,4.36,ts-admin-basic-info,1.2025,ts-notification,0.36,ts-ticket-office,0.22
10, -- ,ts-food,1373.9066,ts-security,1225.58,ts-payment,1151.95,ts-station,858.3362,ts-price,826.4148,ts-order,816.6886,ts-execute,771.3575,ts-food-map,698.0525,ts-travel,649.7354,ts-train,514.6911,ts-config,368.0658,ts-seat,208.0112,ts-route,199.7076,ts-ticketinfo,167.7675,ts-preserve,147.7433,ts-contacts,69.27,ts-assurance,58.1167,ts-inside-payment,49.38,ts-user,38.54,ts-admin-order,28.1843,ts-basic,25.9757,ts-cancel,20.23,ts-consign,17.94,ts-delivery,5.16,ts-auth,4.1667,ts-admin-basic-info,2.1637,ts-notification,1.445,ts-ticket-office,0.41
11, -- ,ts-food,1489.315,ts-order,1059.9716,ts-train,807.3361,ts-config,758.6743,ts-travel,617.9402,ts-security,605.813,ts-station,570.8686,ts-price,495.8652,ts-seat,489.4383,ts-execute,471.02,ts-food-map,293.92,ts-ticketinfo,210.7298,ts-route,209.9929,ts-user,113.79,ts-preserve,75.005,ts-inside-payment,59.1975,ts-contacts,36.78,ts-assurance,23.0667,ts-payment,19.9167,ts-basic,17.9622,ts-auth,15.8667,ts-admin-order,4.7,ts-delivery,3.175,ts-cancel,0.71
12, -- ,ts-food,1531.1125,ts-admin-order,1039.5755,ts-order,861.826,ts-travel,815.1939,ts-train,801.6914,ts-config,716.1069,ts-price,540.039,ts-station,477.8537,ts-security,401.81,ts-seat,377.3947,ts-assurance,260.4533,ts-contacts,226.452,ts-route,138.6308,ts-ticketinfo,129.394,ts-execute,106.6562,ts-user,97.045,ts-food-map,74.4185,ts-payment,60.4933,ts-basic,42.4246,ts-preserve,35.395,ts-consign,29.58,ts-inside-payment,20.188,ts-auth,14.5206,ts-delivery,7.84,ts-notification,0.585
13, -- ,ts-food,1209.9433,ts-train,803.2048,ts-travel,684.1602,ts-price,598.9145,ts-config,526.6021,ts-station,477.6217,ts-order,343.8628,ts-security,257.105,ts-ticketinfo,163.0558,ts-route,152.9518,ts-contacts,96.302,ts-food-map,81.09,ts-user,63.19,ts-payment,48.53,ts-seat,47.9676,ts-admin-order,47.5516,ts-basic,36.3367,ts-inside-payment,23.4475,ts-assurance,16.2633,ts-preserve,15.99,ts-execute,8.2575,ts-auth,5.5971,ts-delivery,2.26,ts-notification,0.335
14, -- ,ts-train,771.6667,ts-travel,766.6099,ts-config,516.5965,ts-price,490.424,ts-security,323.075,ts-station,307.7509,ts-route,271.7254,ts-food,253.0067,ts-order,238.9895,ts-payment,94.8583,ts-inside-payment,82.2292,ts-assurance,76.63,ts-user,65.195,ts-contacts,49.755,ts-admin-order,44.6846,ts-food-map,40.44,ts-ticketinfo,26.0903,ts-execute,19.49,ts-auth,14.2341,ts-basic,13.8556,ts-preserve,11.42,ts-seat,10.9086,ts-consign,8.07,ts-notification,7.795
15, -- ,ts-travel,854.21,ts-train,635.9291,ts-config,523.037,ts-price,463.37,ts-route,198.3898,ts-station,170.1196,ts-payment,150.995,ts-order,128.5702,ts-user,104.7206,ts-consign,89.1,ts-security,43.1375,ts-auth,41.3815,ts-food,33.51,ts-contacts,26.49,ts-ticketinfo,22.4159,ts-assurance,16.8833,ts-execute,15.45,ts-food-map,12.49,ts-inside-payment,6.2125,ts-admin-order,5.6193,ts-admin-route,3.8562,ts-preserve,3.64,ts-seat,3.11,ts-basic,2.27,ts-notification,2.245,ts-delivery,0.92
16, -- ,ts-travel,537.7767,ts-train,231.7913,ts-config,223.7021,ts-user,194.8436,ts-payment,172.625,ts-price,162.462,ts-food,118.5367,ts-security,116.4075,ts-inside-payment,114.4617,ts-order,104.1354,ts-auth,92.3826,ts-route,78.6031,ts-station,53.6409,ts-admin-order,38.3154,ts-food-map,23.951,ts-contacts,23.79,ts-preserve,22.94,ts-cancel,20.01,ts-execute,11.87,ts-ticketinfo,10.1215,ts-seat,6.3957,ts-admin-route,3.135,ts-assurance,0.27,ts-delivery,0.23
17, -- ,ts-admin-order,2095.3186,ts-travel,1556.1159,ts-train,294.2851,ts-food,203.3033,ts-order,150.5312,ts-config,131.0073,ts-payment,118.055,ts-security,102.5826,ts-assurance,81.0533,ts-price,65.8183,ts-food-map,55.16,ts-contacts,50.41,ts-user,42.98,ts-station,31.8007,ts-seat,26.3533,ts-route,24.4583,ts-preserve,21.405,ts-auth,19.914,ts-ticketinfo,12.5043,ts-notification,4.34,ts-inside-payment,4.0275,ts-consign,3.6,ts-execute,3.56,ts-basic,2.805
18, -- ,ts-travel,549.3229,ts-config,153.113,ts-train,141.6867,ts-food,80.5867,ts-order,66.0341,ts-auth,60.1974,ts-price,56.316,ts-payment,52.54,ts-security,45.695,ts-inside-payment,44.46,ts-station,36.2044,ts-assurance,31.8067,ts-contacts,22.86,ts-seat,14.9067,ts-preserve,13.879,ts-cancel,12.42,ts-route,7.5404,ts-notification,6.445,ts-food-map,4.3105,ts-delivery,3.7,ts-user,3.12,ts-admin-user,2.37,ts-ticketinfo,1.196,ts-consign,0.63,ts-admin-order,0.614,ts-basic,0.0275
19, -- ,ts-security,171.9941,ts-travel,142.4974,ts-config,92.1411,ts-auth,90.3826,ts-assurance,87.0667,ts-train,70.9837,ts-user,55.87,ts-station,51.9529,ts-payment,43.03,ts-food,42.7167,ts-order,38.6484,ts-route,33.8905,ts-inside-payment,22.8283,ts-food-map,18.95,ts-seat,12.589,ts-price,12.354,ts-notification,8.635,ts-contacts,6.84,ts-execute,5.42,ts-preserve,5.215,ts-delivery,5.08,ts-admin-order,4.21,ts-basic,0.0275
20, -- ,ts-food-map,530.9335,ts-security,346.0041,ts-route,165.6932,ts-travel,126.0324,ts-assurance,92.3433,ts-train,64.8431,ts-config,64.1067,ts-order,34.8916,ts-auth,28.8933,ts-ticketinfo,24.1726,ts-station,23.4218,ts-food,22.8033,ts-payment,21.59,ts-admin-basic-info,15.1437,ts-seat,14.772,ts-contacts,10.92,ts-user,10.08,ts-admin-route,8.7437,ts-price,8.7322,ts-preserve,6.4067,ts-consign,5.94,ts-verification-code,5.225,ts-inside-payment,3.8825,ts-execute,3.2658,ts-admin-travel,2.6037,ts-notification,1.76,ts-delivery,0.13
21, -- ,ts-route,312.5565,ts-user,218.2567,ts-order,201.6118,ts-security,166.67,ts-food-map,115.4045,ts-travel,73.1753,ts-config,47.5909,ts-basic,29.0535,ts-notification,26.315,ts-ticketinfo,24.688,ts-preserve,23.245,ts-train,20.9073,ts-price,16.214,ts-seat,15.4033,ts-admin-basic-info,14.6637,ts-admin-order,9.4789,ts-auth,9.3604,ts-preserve-other,7.5175,ts-rebook,6.0187,ts-admin-route,3.8562,ts-admin-travel,3.125,ts-contacts,2.76,ts-station,2.5733,ts-delivery,2.5,ts-food,1.7633,ts-assurance,1.58,ts-verification-code,0.99,ts-execute,0.41,ts-payment,0.185,ts-consign,0.02
22, -- ,ts-assurance,553.3333,ts-admin-order,273.476,ts-inside-payment,229.9575,ts-route,160.3433,ts-train,126.0619,ts-food-map,104.29,ts-order,82.44,ts-security,64.8725,ts-seat,57.9629,ts-config,49.4641,ts-price,33.633,ts-basic,28.1583,ts-preserve,18.96,ts-notification,17.41,ts-travel,10.857,ts-rebook,6.5,ts-auth,6.1533,ts-preserve-other,4.9475,ts-food,3.4067,ts-delivery,3.165,ts-user,2.8582,ts-ticketinfo,1.038,ts-execute,0.43,ts-contacts,0.06
23, -- ,ts-travel,351.0077,ts-security,294.2725,ts-assurance,210.3933,ts-train,118.37,ts-config,60.7545,ts-admin-order,53.532,ts-route,49.4667,ts-seat,47.6287,ts-food,39.4,ts-contacts,33.96,ts-payment,33.1,ts-inside-payment,20.8775,ts-food-map,18.3115,ts-ticketinfo,18.2377,ts-user,14.4,ts-preserve,9.582,ts-admin-user,8.31,ts-price,8.1259,ts-order,6.0275,ts-ui,5.84,ts-notification,5.24,ts-auth,5.0467,ts-execute,4.75,ts-delivery,4.43,ts-consign,0.42,ts-basic,0.3455
24, -- ,ts-assurance,711.8467,ts-inside-payment,481.595,ts-admin-order,435.0724,ts-food,113.02,ts-security,94.6257,ts-order,66.4139,ts-config,63.3175,ts-execute,59.375,ts-travel,52.5575,ts-payment,40.39,ts-user,36.03,ts-contacts,34.86,ts-seat,27.7938,ts-train,26.0698,ts-preserve,25.24,ts-ticketinfo,16.594,ts-price,13.081,ts-food-map,7.14,ts-delivery,2.02,ts-route,1.7695,ts-auth,0.6367,ts-notification,0.5,ts-rebook,0.49,ts-station,0.2267
25, -- ,ts-inside-payment,422.8683,ts-admin-order,353.1591,ts-assurance,315.8967,ts-travel,148.969,ts-user,119.0406,ts-security,109.0333,ts-config,53.7376,ts-ticketinfo,47.466,ts-food,40.1875,ts-train,34.633,ts-route,32.198,ts-execute,29.8425,ts-order,15.7975,ts-contacts,11.07,ts-food-map,11.0395,ts-payment,9.985,ts-price,9.1427,ts-preserve,6.995,ts-station,5.0182,ts-notification,4.62,ts-seat,2.4764,ts-auth,2.4033,ts-verification-code,2.4,ts-cancel,2.22,ts-basic,0.646
26, -- ,ts-inside-payment,944.5742,ts-travel,183.1941,ts-price,135.8774,ts-security,73.29,ts-seat,67.1202,ts-config,66.7582,ts-order,66.2325,ts-train,22.9229,ts-food,20.54,ts-route,12.6217,ts-contacts,9.48,ts-ticketinfo,7.5,ts-assurance,6.9467,ts-consign,6.72,ts-payment,6.3125,ts-execute,4.6225,ts-basic,3.44,ts-notification,2.7007,ts-auth,2.4033,ts-station,0.84,ts-delivery,0.64,ts-food-map,0.44,ts-preserve,0.23
27, -- ,ts-inside-payment,1275.7983,ts-price,268.8787,ts-food,196.41,ts-travel,169.6766,ts-order,112.5625,ts-config,89.2181,ts-train,74.621,ts-preserve,66.245,ts-security,36.8425,ts-station,20.0073,ts-user,19.86,ts-route,19.2935,ts-food-map,9.534,ts-execute,6.5425,ts-ticketinfo,5.8,ts-consign,5.43,ts-payment,4.625,ts-contacts,3.824,ts-assurance,2.01,ts-delivery,1.52,ts-notification,1.1564,ts-seat,1.1249,ts-basic,0.0275
28, -- ,ts-inside-payment,2010.2317,ts-order,464.7842,ts-food-map,199.842,ts-price,142.3836,ts-food,136.08,ts-auth,113.3052,ts-train,87.9875,ts-travel,64.8132,ts-config,62.9273,ts-seat,50.8073,ts-preserve,50.2317,ts-security,50.0024,ts-execute,23.1425,ts-payment,19.685,ts-assurance,17.4,ts-user,16.47,ts-contacts,16.32,ts-route,14.0739,ts-basic,3.0429,ts-voucher,1.98,ts-notification,1.96,ts-station,1.0747,ts-admin-order,1.05
29, -- ,ts-inside-payment,841.0562,ts-food-map,466.2735,ts-order,329.0544,ts-security,278.643,ts-price,170.717,ts-config,84.3832,ts-train,70.8239,ts-food,38.3233,ts-contacts,35.82,ts-cancel,33.36,ts-travel,28.2043,ts-seat,26.1196,ts-consign,25.05,ts-user,18.96,ts-ticketinfo,14.887,ts-route,13.9671,ts-payment,12.165,ts-preserve,6.745,ts-execute,5.45,ts-station,4.6016,ts-auth,3.5067,ts-delivery,2.19,ts-notification,0.64
30, -- ,ts-order,925.3189,ts-ticketinfo,332.5507,ts-food,182.1308,ts-security,182.05,ts-price,136.6286,ts-travel,106.9276,ts-config,83.5415,ts-food-map,81.296,ts-route,71.3717,ts-seat,68.2531,ts-user,58.08,ts-payment,54.7,ts-train,38.2684,ts-assurance,36.39,ts-station,34.3698,ts-inside-payment,18.42,ts-contacts,16.331,ts-preserve,10.905,ts-verification-code,10.71,ts-preserve-other,7.47,ts-delivery,3.82,ts-auth,3.0633,ts-execute,1.7,ts-admin-user,1.375,ts-ui,0.644
31, -- ,ts-travel,2329.0593,ts-order,736.4904,ts-admin-order,586.0607,ts-security,98.5275,ts-price,96.985,ts-food,78.5883,ts-ticketinfo,77.4411,ts-config,50.5167,ts-payment,47.6755,ts-inside-payment,41.8825,ts-seat,31.6371,ts-contacts,19.44,ts-user,16.92,ts-route,16.645,ts-food-map,14.29,ts-execute,10.44,ts-train,8.6813,ts-assurance,8.13,ts-station,5.7938,ts-preserve,3.61,ts-notification,1.34,ts-cancel,0.75,ts-delivery,0.425,ts-admin-basic-info,0.24,ts-basic,0.1269
32, -- ,ts-travel,1556.7214,ts-train,559.0909,ts-order,401.3896,ts-station,295.9216,ts-food,280.03,ts-config,276.4092,ts-security,159.945,ts-user,99.63,ts-auth,49.7498,ts-payment,23.05,ts-food-map,10.946,ts-execute,6.3567,ts-verification-code,5.37,ts-seat,4.819,ts-admin-order,4.2418,ts-rebook,2.7,ts-consign,1.53,ts-contacts,1.5,ts-preserve,1.135,ts-price,0.6517,ts-route,0.395,ts-inside-payment,0.3,ts-voucher,0.14
33, -- ,ts-train,1380.572,ts-auth,1242.2397,ts-config,694.35,ts-station,626.9047,ts-order,262.9987,ts-food,197.61,ts-user,131.38,ts-travel,68.24,ts-assurance,56.04,ts-inside-payment,55.88,ts-payment,52.7192,ts-admin-order,47.5671,ts-food-map,32.18,ts-rebook,27.4,ts-ticketinfo,16.9789,ts-preserve-other,11.76,ts-ticket-office,11.38,ts-security,9.27,ts-consign,5.43,ts-delivery,4.64,ts-execute,4.5775,ts-contacts,3.69,ts-notification,1.53,ts-price,0.6517,ts-preserve,0.285
34, -- ,ts-train,844.5381,ts-order,591.6543,ts-config,322.7339,ts-station,259.3528,ts-inside-payment,160.0183,ts-security,127.165,ts-food-map,77.1465,ts-admin-order,69.5794,ts-food,69.13,ts-payment,45.125,ts-seat,42.2286,ts-assurance,23.5543,ts-ticketinfo,19.5914,ts-verification-code,17.4,ts-user,16.2,ts-auth,13.1039,ts-ticket-office,11.1,ts-preserve,3.105,ts-travel,2.7333,ts-contacts,2.7,ts-consign,2.28,ts-execute,1.6525,ts-price,1.614,ts-notification,0.965,ts-ui,0.84,ts-preserve-other,0.81,ts-rebook,0.37
35, -- ,ts-user,992.01,ts-order,251.956,ts-train,113.064,ts-food-map,104.6285,ts-food,72.3,ts-security,48.575,ts-config,46.0,ts-payment,36.355,ts-preserve,34.17,ts-price,27.0538,ts-station,26.2024,ts-contacts,25.14,ts-inside-payment,21.9375,ts-ticketinfo,15.4092,ts-route,13.5733,ts-assurance,12.18,ts-seat,11.5699,ts-admin-order,10.3443,ts-travel,2.4567,ts-execute,1.82,ts-notification,0.285,ts-verification-code,0.21,ts-consign,0.1114
36, -- ,ts-user,578.84,ts-food-map,409.0475,ts-preserve,345.055,ts-train,235.958,ts-order,228.2902,ts-travel,161.1854,ts-security,131.035,ts-config,76.2507,ts-food,61.165,ts-price,55.6687,ts-station,51.5344,ts-inside-payment,47.285,ts-seat,41.5361,ts-contacts,40.05,ts-cancel,29.9,ts-route,24.16,ts-payment,16.925,ts-preserve-other,9.03,ts-consign,7.44,ts-ticketinfo,6.7469,ts-execute,1.195,ts-delivery,0.4
37, -- ,ts-travel,883.6526,ts-preserve,276.575,ts-order,211.8018,ts-payment,143.89,ts-contacts,119.24,ts-inside-payment,115.7,ts-train,91.2337,ts-config,64.0423,ts-price,56.6603,ts-station,55.736,ts-security,40.675,ts-assurance,27.12,ts-user,22.2,ts-seat,20.6111,ts-food,16.19,ts-verification-code,9.6,ts-execute,9.2525,ts-route,8.457,ts-food-map,7.83,ts-auth,6.3767,ts-notification,2.535,ts-cancel,0.96
38, -- ,ts-travel,2622.9173,ts-payment,643.89,ts-contacts,261.49,ts-order,189.8553,ts-admin-order,150.4103,ts-inside-payment,132.9583,ts-station,94.4543,ts-config,77.9921,ts-price,62.208,ts-route,29.8417,ts-seat,28.3174,ts-train,26.7679,ts-food,16.48,ts-user,15.3,ts-execute,8.4725,ts-auth,7.7,ts-security,7.065,ts-preserve,4.3,ts-ticketinfo,3.132,ts-assurance,2.3743,ts-delivery,0.05
39, -- ,ts-travel,1967.418,ts-payment,494.915,ts-security,162.77,ts-order,123.7057,ts-price,84.723,ts-seat,60.2957,ts-station,59.2046,ts-config,48.7686,ts-train,47.99,ts-contacts,45.84,ts-user,40.14,ts-inside-payment,24.5921,ts-admin-order,20.8654,ts-food,16.92,ts-assurance,14.79,ts-route,14.512,ts-preserve,10.52,ts-execute,8.85,ts-delivery,5.83,ts-notification,4.745,ts-ticketinfo,2.15,ts-ticket-office,1.4229,ts-basic,1.1982,ts-cancel,0.84
40, -- ,ts-train,99.3123,ts-food,63.3777,ts-price,62.065,ts-travel,52.8422,ts-config,46.9719,ts-seat,39.755,ts-food-map,27.3635,ts-security,26.995,ts-station,23.186,ts-cancel,21.54,ts-payment,21.4435,ts-order,15.57,ts-preserve,14.885,ts-contacts,14.44,ts-route,7.0493,ts-delivery,2.83,ts-inside-payment,2.5208,ts-execute,2.43,ts-assurance,1.5567,ts-basic,1.4732,ts-user,1.17
41, -- ,ts-price,164.5053,ts-seat,142.1834,ts-travel,102.6602,ts-security,73.3175,ts-user,63.21,ts-train,54.9853,ts-config,47.26,ts-food,46.9067,ts-route,43.3471,ts-payment,41.3225,ts-station,40.9518,ts-order,23.3989,ts-notification,18.505,ts-consign,18.36,ts-food-map,10.1665,ts-ticketinfo,8.18,ts-auth,7.7,ts-admin-travel,5.99,ts-contacts,5.55,ts-preserve,5.255,ts-basic,4.7143,ts-rebook,3.27,ts-assurance,3.21,ts-execute,3.205,ts-inside-payment,2.45
42, -- ,ts-food-map,509.479,ts-travel,159.4963,ts-admin-order,105.6627,ts-inside-payment,97.3107,ts-route,74.5701,ts-config,61.9583,ts-order,54.3446,ts-security,53.5275,ts-execute,45.7883,ts-food,27.095,ts-payment,25.93,ts-seat,22.3097,ts-user,21.48,ts-train,19.1153,ts-verification-code,12.775,ts-station,8.3175,ts-auth,7.0367,ts-ticketinfo,6.434,ts-contacts,5.67,ts-admin-travel,4.9475,ts-delivery,4.9,ts-notification,4.8,ts-rebook,3.615,ts-basic,3.5378,ts-ticket-office,2.34,ts-price,2.1937,ts-preserve-other,2.0837,ts-preserve,0.37
43, -- ,ts-train,635.2863,ts-inside-payment,507.6875,ts-config,436.7579,ts-station,408.2469,ts-food-map,365.26,ts-execute,322.3233,ts-travel,275.9232,ts-order,86.7187,ts-seat,86.5571,ts-food,48.295,ts-route,42.3013,ts-user,26.9867,ts-security,25.6083,ts-auth,25.0455,ts-payment,20.27,ts-contacts,18.54,ts-consign,16.56,ts-notification,12.0,ts-preserve-other,9.7937,ts-assurance,9.06,ts-price,9.042,ts-admin-order,6.608,ts-rebook,4.8175,ts-basic,4.2298,ts-verification-code,2.42,ts-preserve,1.6433
44, -- ,ts-train,1260.7718,ts-config,1240.1136,ts-inside-payment,1140.4375,ts-station,733.123,ts-execute,525.33,ts-travel,133.035,ts-food-map,107.7505,ts-assurance,66.1267,ts-food,52.2,ts-user,47.82,ts-contacts,46.35,ts-security,41.9408,ts-order,39.4868,ts-notification,38.82,ts-route,38.5208,ts-price,31.8497,ts-seat,9.9496,ts-auth,8.5833,ts-ticket-office,7.8257,ts-consign,5.7257,ts-verification-code,4.62,ts-preserve,3.04,ts-rebook,2.52,ts-payment,2.49,ts-basic,2.2984,ts-preserve-other,1.2,ts-ticketinfo,0.4771
45, -- ,ts-config,1076.6425,ts-train,1073.8138,ts-inside-payment,920.1508,ts-order,689.1646,ts-seat,664.1582,ts-station,532.8886,ts-execute,322.0325,ts-travel,139.1454,ts-payment,136.8275,ts-security,61.8525,ts-price,43.7241,ts-route,42.6382,ts-user,36.15,ts-admin-order,16.9875,ts-food-map,15.49,ts-contacts,13.71,ts-basic,13.0921,ts-auth,6.8595,ts-notification,5.42,ts-food,5.28,ts-assurance,5.179,ts-preserve-other,1.08,ts-preserve,0.34
46, -- ,ts-ticketinfo,1078.658,ts-seat,741.9807,ts-order,446.7521,ts-security,196.3859,ts-config,186.5442,ts-inside-payment,142.4108,ts-travel,130.833,ts-station,115.3444,ts-train,99.3398,ts-admin-order,81.1651,ts-food,67.3116,ts-food-map,56.3305,ts-payment,40.1858,ts-user,12.81,ts-route,6.4901,ts-basic,5.7362,ts-consign,4.8943,ts-admin-travel,2.85,ts-contacts,2.85,ts-admin-user,2.035,ts-verification-code,0.6,ts-preserve,0.365
47, -- ,ts-ticketinfo,1082.784,ts-seat,642.6235,ts-travel,499.0734,ts-order,305.7979,ts-route,190.1023,ts-price,99.982,ts-config,66.5771,ts-train,62.0078,ts-food,53.645,ts-food-map,37.787,ts-inside-payment,22.005,ts-payment,17.1967,ts-security,16.47,ts-delivery,14.9633,ts-assurance,11.07,ts-consign,9.2443,ts-station,8.6538,ts-admin-order,7.721,ts-notification,3.605,ts-preserve,2.394,ts-basic,2.0135,ts-execute,1.14
48, -- ,ts-travel,230.2505,ts-seat,159.6474,ts-train,137.5691,ts-config,114.5764,ts-inside-payment,85.0875,ts-order,83.7871,ts-price,72.7009,ts-route,63.3926,ts-assurance,48.66,ts-security,39.7183,ts-food,28.54,ts-contacts,26.68,ts-station,16.7271,ts-admin-order,14.6657,ts-auth,10.167,ts-rebook,9.9,ts-verification-code,8.55,ts-ticket-office,7.7571,ts-user,5.34,ts-preserve,3.97,ts-food-map,3.838,ts-delivery,2.185,ts-basic,2.123,ts-payment,2.025,ts-admin-travel,1.92,ts-notification,1.065
49, -- ,ts-order,217.7297,ts-price,137.2333,ts-config,73.0136,ts-food-map,70.24,ts-inside-payment,59.53,ts-station,52.1346,ts-consign,47.3914,ts-train,46.3457,ts-route,37.4174,ts-contacts,24.21,ts-seat,19.5312,ts-security,16.595,ts-travel,14.0907,ts-user,13.41,ts-food,6.84,ts-assurance,6.3938,ts-verification-code,6.27,ts-auth,5.7133,ts-payment,4.635,ts-delivery,2.39,ts-preserve-other,2.28,ts-basic,1.95,ts-ui,1.8094,ts-preserve,0.9,ts-execute,0.49
50, -- ,ts-order,493.2585,ts-route,208.05,ts-food-map,172.45,ts-security,100.07,ts-station,61.8708,ts-user,60.03,ts-config,53.7974,ts-admin-user,52.77,ts-travel,46.825,ts-inside-payment,36.4175,ts-food,18.26,ts-seat,18.0528,ts-basic,18.0,ts-consign,17.52,ts-execute,12.86,ts-assurance,11.52,ts-train,11.3214,ts-verification-code,8.85,ts-preserve-other,7.14,ts-price,5.5897,ts-rebook,5.34,ts-auth,5.05,ts-preserve,4.035,ts-ticketinfo,1.514,ts-notification,1.395,ts-delivery,0.99,ts-contacts,0.9,ts-payment,0.39,ts-admin-order,0.0343
51, -- ,ts-order,408.3187,ts-security,151.4625,ts-station,150.0033,ts-cancel,141.93,ts-food,132.2725,ts-travel,74.9675,ts-user,53.96,ts-config,48.4333,ts-route,45.0028,ts-train,30.103,ts-assurance,28.6714,ts-admin-order,26.5575,ts-payment,21.0985,ts-ticket-office,17.8971,ts-consign,16.9629,ts-inside-payment,10.7958,ts-food-map,9.1925,ts-contacts,8.77,ts-verification-code,8.13,ts-preserve-other,7.98,ts-execute,7.56,ts-delivery,4.975,ts-admin-travel,4.74,ts-price,4.2148,ts-preserve,4.035,ts-ticketinfo,2.15,ts-basic,0.3825,ts-seat,0.1057
52, -- ,ts-order,509.5791,ts-security,200.1775,ts-station,106.679,ts-config,56.1961,ts-seat,54.565,ts-travel,46.2317,ts-train,33.6848,ts-route,31.2646,ts-food,31.2,ts-verification-code,9.87,ts-contacts,9.83,ts-food-map,9.116,ts-consign,6.48,ts-inside-payment,5.5129,ts-price,5.466,ts-rebook,5.25,ts-delivery,3.62,ts-preserve-other,3.3,ts-preserve,2.725,ts-payment,1.66,ts-ticketinfo,0.5567
53, -- ,ts-order,330.7899,ts-food-map,262.9475,ts-price,101.8252,ts-config,83.4276,ts-admin-order,41.6079,ts-food,38.835,ts-inside-payment,24.5736,ts-travel,22.879,ts-basic,20.9705,ts-assurance,19.5257,ts-seat,17.3377,ts-security,12.99,ts-user,12.72,ts-route,11.6903,ts-contacts,9.36,ts-payment,8.295,ts-station,7.9322,ts-train,7.6759,ts-verification-code,7.5,ts-rebook,5.43,ts-ticketinfo,5.006,ts-preserve-other,4.53,ts-admin-route,0.63,ts-delivery,0.3
54, -- ,ts-rebook,246.3,ts-config,87.0673,ts-food,80.16,ts-payment,63.385,ts-order,58.1984,ts-security,48.04,ts-travel,41.888,ts-price,32.7367,ts-station,23.0359,ts-contacts,18.9,ts-train,17.4501,ts-execute,17.16,ts-consign,15.3257,ts-assurance,11.28,ts-ticket-office,7.1229,ts-cancel,5.01,ts-seat,4.7561,ts-preserve-other,4.65,ts-inside-payment,3.8183,ts-verification-code,1.74,ts-basic,0.6875,ts-notification,0.44,ts-ui,0.25
55, -- ,ts-rebook,246.3,ts-travel,68.5553,ts-security,56.065,ts-config,53.17,ts-inside-payment,48.8092,ts-order,45.2893,ts-station,39.5196,ts-food,34.482,ts-verification-code,24.9,ts-price,21.744,ts-contacts,19.59,ts-train,14.3479,ts-seat,13.5677,ts-admin-order,10.5718,ts-payment,8.3745,ts-route,7.105,ts-user,6.84,ts-notification,3.895,ts-assurance,3.72,ts-preserve-other,3.54,ts-ticketinfo,0.88,ts-preserve,0.785,ts-execute,0.3725
56, -- ,ts-assurance,524.9833,ts-food-map,227.52,ts-travel,150.6306,ts-config,73.0976,ts-security,55.6725,ts-route,50.3483,ts-order,34.1,ts-user,24.69,ts-station,21.7857,ts-inside-payment,20.285,ts-seat,19.0714,ts-price,19.037,ts-consign,15.3429,ts-train,12.969,ts-preserve-other,10.32,ts-basic,5.9976,ts-contacts,5.88,ts-admin-order,3.8261,ts-ticketinfo,2.942,ts-rebook,1.95
57, -- ,ts-assurance,292.12,ts-food-map,77.21,ts-order,70.3184,ts-route,66.2963,ts-travel,62.8762,ts-config,54.1851,ts-seat,36.7386,ts-station,33.3243,ts-consign,30.4043,ts-verification-code,25.98,ts-inside-payment,20.0692,ts-security,15.52,ts-train,15.2051,ts-preserve,14.646,ts-admin-order,13.3543,ts-user,13.02,ts-food,9.025,ts-ticketinfo,5.3187,ts-rebook,0.9,ts-basic,0.6839,ts-preserve-other,0.66,ts-payment,0.53,ts-notification,0.2
58, -- ,ts-config,159.2478,ts-travel,149.611,ts-user,57.74,ts-price,54.6337,ts-seat,47.2361,ts-preserve,39.0233,ts-route,38.465,ts-security,35.5335,ts-payment,33.9675,ts-order,27.1125,ts-execute,25.5225,ts-food,24.78,ts-assurance,22.53,ts-train,20.6388,ts-station,14.4867,ts-consign,11.9571,ts-verification-code,11.55,ts-admin-order,9.8861,ts-contacts,7.95,ts-rebook,4.59,ts-inside-payment,3.8633,ts-cancel,3.27,ts-preserve-other,1.98,ts-ticketinfo,1.832,ts-notification,0.735,ts-delivery,0.525,ts-food-map,0.04
59, -- ,ts-travel,78.1483,ts-config,67.7256,ts-order,62.3694,ts-preserve,53.98,ts-price,42.0317,ts-security,41.39,ts-user,28.7667,ts-payment,28.02,ts-assurance,27.8143,ts-route,20.3812,ts-verification-code,15.78,ts-station,11.6146,ts-seat,10.8587,ts-ticket-office,5.7257,ts-ui,3.8733,ts-food,3.78,ts-consign,3.5229,ts-execute,2.91,ts-basic,2.8975,ts-admin-travel,2.79,ts-notification,1.275,ts-preserve-other,0.87,ts-delivery,0.62,ts-food-map,0.19
60, -- ,ts-security,424.8325,ts-travel,410.0592,ts-food-map,85.472,ts-config,77.9954,ts-admin-order,64.5222,ts-inside-payment,32.3842,ts-contacts,29.9,ts-order,23.0445,ts-food,21.84,ts-seat,17.0027,ts-user,11.55,ts-consign,10.4743,ts-payment,7.5795,ts-ticket-office,6.5143,ts-verification-code,2.46,ts-delivery,1.89,ts-preserve,1.53,ts-assurance,1.2686,ts-notification,0.99,ts-execute,0.96
61, -- ,ts-travel,75.3283,ts-preserve,54.8225,ts-config,46.1271,ts-security,39.4525,ts-food-map,33.232,ts-food,21.12,ts-verification-code,13.8,ts-preserve-other,11.73,ts-order,9.7368,ts-basic,9.5077,ts-consign,9.15,ts-seat,7.7969,ts-payment,6.6,ts-user,4.44,ts-inside-payment,3.9825,ts-train,3.7383,ts-rebook,2.97,ts-contacts,2.34,ts-ticket-office,2.2543,ts-admin-order,2.032,ts-ticketinfo,1.99,ts-execute,1.52,ts-station,0.657,ts-price,0.6517
62, -- ,ts-travel,84.5023,ts-preserve,49.29,ts-config,46.815,ts-contacts,45.53,ts-ui,25.4485,ts-ticketinfo,25.166,ts-security,23.695,ts-notification,21.55,ts-inside-payment,16.7108,ts-consign,15.1286,ts-basic,12.712,ts-train,9.85,ts-route,7.1063,ts-verification-code,6.12,ts-station,1.6333,ts-news,1.167,ts-delivery,0.43,ts-seat,0.3067,ts-order,0.13
63, -- ,ts-config,48.295,ts-contacts,43.22,ts-admin-order,34.2343,ts-admin-travel,31.53,ts-rebook,26.725,ts-admin-basic-info,25.525,ts-consign,23.6571,ts-order,19.045,ts-basic,16.736,ts-preserve-other,16.5,ts-verification-code,9.5,ts-ticketinfo,9.45,ts-notification,8.5,ts-security,6.755,ts-train,5.78,ts-route,2.7833,ts-travel,2.1033,ts-delivery,1.6,ts-auth,0.8812
64, -- ,ts-notification,61.385,ts-config,46.0,ts-ticketinfo,31.99,ts-ui,24.27,ts-travel,22.4917,ts-order,21.3388,ts-admin-basic-info,16.1062,ts-rebook,10.3462,ts-basic,10.032,ts-food,6.84,ts-ticket-office,4.2857,ts-seat,2.554,ts-verification-code,2.42,ts-admin-order,1.104,ts-train,1.0109,ts-delivery,1.01,ts-consign,0.96,ts-price,0.1083
65, -- ,ts-ticketinfo,83.26,ts-config,63.6016,ts-notification,38.0,ts-ui,34.3617,ts-basic,31.26,ts-train,13.7299,ts-verification-code,13.62,ts-contacts,10.86,ts-consign,7.74,ts-rebook,6.67,ts-order,3.14,ts-preserve-other,1.8,ts-seat,0.875,ts-price,0.8267,ts-payment,0.7325,ts-route,0.5733,ts-travel,0.066
66, -- ,ts-ticketinfo,83.102,ts-config,49.9285,ts-basic,36.958,ts-price,34.8343,ts-ui,33.36,ts-preserve,29.935,ts-security,26.88,ts-ticket-office,18.0943,ts-route,12.9693,ts-notification,9.765,ts-consign,8.7,ts-travel,5.531,ts-verification-code,5.04,ts-contacts,3.03,ts-train,0.7418,ts-execute,0.45,ts-admin-order,0.07
67, -- ,ts-admin-order,118.7963,ts-food-map,71.9925,ts-config,46.0,ts-delivery,36.92,ts-price,34.5283,ts-order,24.3793,ts-security,22.86,ts-ui,7.8833,ts-travel,7.6729,ts-train,5.6885,ts-route,5.1403,ts-inside-payment,3.6142,ts-preserve,3.525,ts-notification,3.2314,ts-verification-code,1.56,ts-consign,1.44,ts-seat,1.3317,ts-auth,0.4167
68, -- ,ts-config,49.1578,ts-basic,20.646,ts-verification-code,15.93,ts-order,14.0925,ts-delivery,6.74,ts-inside-payment,6.3896,ts-train,5.8712,ts-preserve-other,4.38,ts-assurance,3.7886,ts-security,3.595,ts-rebook,3.27,ts-travel,2.928,ts-execute,1.5225,ts-user,1.44,ts-consign,1.38,ts-ticketinfo,1.196,ts-notification,1.0964,ts-ticket-office,0.7286,ts-auth,0.6367
69, -- ,ts-config,48.295,ts-auth,26.7165,ts-basic,21.428,ts-user,15.925,ts-verification-code,9.06,ts-food,7.4,ts-contacts,7.24,ts-assurance,4.5857,ts-preserve-other,3.78,ts-consign,3.7714,ts-station,3.1465,ts-train,2.22,ts-security,1.5,ts-ticket-office,0.7114,ts-ui,0.305
70, -- ,ts-config,46.0,ts-security,24.775,ts-train,15.8613,ts-ticketinfo,8.816,ts-admin-travel,3.78,ts-contacts,3.57,ts-admin-basic-info,3.12,ts-notification,1.28,ts-travel,0.66,ts-food-map,0.288
71, -- ,ts-preserve,1003.12,ts-food-map,135.2415,ts-user,62.07,ts-security,57.6775,ts-config,46.0,ts-station,39.3781,ts-cancel,23.25,ts-ticketinfo,17.546,ts-consign,4.2943,ts-auth,4.1667,ts-rebook,3.72,ts-notification,3.55,ts-execute,3.2675,ts-verification-code,3.18,ts-route,0.805,ts-seat,0.6083,ts-travel,0.4943
72, -- ,ts-preserve,949.905,ts-station,74.6879,ts-order,52.1079,ts-config,46.0,ts-travel,42.69,ts-security,37.2767,ts-verification-code,13.59,ts-seat,12.6793,ts-consign,7.5,ts-price,7.1143,ts-preserve-other,6.24,ts-auth,3.5067,ts-execute,1.985,ts-ticketinfo,1.196,ts-admin-travel,1.08,ts-notification,0.255,ts-delivery,0.23
73, -- ,ts-config,46.0,ts-consign,20.5943,ts-admin-order,19.1914,ts-inside-payment,10.4975,ts-security,6.9325,ts-auth,5.4933,ts-basic,5.004,ts-ticket-office,4.0029,ts-ticketinfo,3.896,ts-preserve,2.035,ts-order,0.7933,ts-execute,0.2125,ts-payment,0.185,ts-route,0.015
74, -- ,ts-admin-order,244.6693,ts-config,46.0,ts-order,25.5107,ts-auth,22.2839,ts-user,9.6267,ts-basic,3.998,ts-travel,3.28,ts-notification,2.52,ts-ui,2.0517
75, -- ,ts-admin-order,3085.5121,ts-food,62.1608,ts-config,49.1627,ts-order,23.4775,ts-inside-payment,9.1675,ts-food-map,7.476,ts-rebook,5.28,ts-train,3.63,ts-route,1.0783,ts-preserve-other,1.0412,ts-ticketinfo,0.88,ts-travel,0.7167,ts-consign,0.6667
76, -- ,ts-admin-order,1278.2693,ts-config,68.7325,ts-security,14.34,ts-inside-payment,9.6825,ts-ticketinfo,6.276,ts-auth,4.61,ts-preserve-other,2.0837,ts-notification,1.575,ts-route,1.1367,ts-order,0.795,ts-consign,0.6,ts-travel,0.105
77, -- ,ts-admin-order,97.3001,ts-config,46.0,ts-travel,10.095,ts-ticketinfo,7.864,ts-consign,7.26,ts-security,6.125,ts-seat,4.8083,ts-verification-code,4.68,ts-notification,4.205,ts-preserve-other,2.85,ts-order,2.6383,ts-route,1.7967,ts-price,1.195,ts-basic,0.422,ts-auth,0.4167
78, -- ,ts-config,46.0,ts-admin-order,38.5055,ts-order,12.4181,ts-ticketinfo,8.658,ts-route,8.2367,ts-auth,5.3367,ts-travel,4.088,ts-consign,1.8343,ts-seat,1.505,ts-notification,0.575,ts-price,0.1083
79, -- ,ts-cancel,247.725,ts-admin-order,54.4071,ts-config,46.0,ts-ticketinfo,14.372,ts-route,12.1867,ts-security,7.1333,ts-consign,4.9714,ts-basic,1.204,ts-travel,0.7233,ts-ui,0.15,ts-preserve-other,0.15
80, -- ,ts-cancel,247.725,ts-admin-order,94.8548,ts-config,46.0,ts-notification,9.505,ts-verification-code,6.06,ts-order,5.8146,ts-food-map,1.062,ts-travel,0.066,ts-seat,0.01
81, -- ,ts-admin-order,2105.8275,ts-config,46.0,ts-assurance,4.9371,ts-order,4.4833,ts-ticketinfo,3.736,ts-travel,1.845,ts-auth,1.8333,ts-food-map,1.062
82, -- ,ts-config,46.0,ts-order,41.9648,ts-basic,22.992,ts-consign,7.98,ts-route,6.8733,ts-notification,4.45,ts-ticket-office,1.9114,ts-admin-user,1.375
83, -- ,ts-auth,88.4933,ts-ticketinfo,47.864,ts-config,46.0,ts-admin-route,18.2625,ts-basic,15.06,ts-verification-code,12.69,ts-route,8.8467,ts-notification,5.19,ts-order,4.4167,ts-rebook,2.34,ts-security,1.9575,ts-preserve-other,1.11,ts-consign,0.84,ts-travel,0.75
84, -- ,ts-order,86.2019,ts-auth,84.7433,ts-config,46.0,ts-ticketinfo,40.88,ts-admin-travel,28.5762,ts-travel,19.2973,ts-route,10.4933,ts-verification-code,8.79,ts-admin-route,7.2212,ts-admin-basic-info,6.43,ts-assurance,0.5229,ts-notification,0.35,ts-preserve-other,0.3
85, -- ,ts-config,46.0,ts-notification,28.03,ts-consign,13.2,ts-rebook,12.2887,ts-admin-travel,10.1562,ts-admin-basic-info,6.9712,ts-preserve-other,6.24,ts-order,3.305,ts-verification-code,2.04,ts-ticketinfo,1.832,ts-travel,1.505,ts-seat,0.4117,ts-delivery,0.13,ts-basic,0.0275
86, -- ,ts-order,58.8482,ts-config,46.0,ts-notification,13.86,ts-ui,11.428,ts-ticketinfo,7.546,ts-route,6.2133,ts-rebook,5.5387,ts-ticket-office,0.9343,ts-delivery,0.815,ts-travel,0.29,ts-admin-route,0.01
87, -- ,ts-config,46.0,ts-order,40.1298,ts-price,39.6017,ts-basic,10.702,ts-consign,9.5828,ts-travel,7.304,ts-notification,1.76,ts-seat,1.635,ts-assurance,1.4571,ts-ticketinfo,1.356,ts-admin-route,0.01
88, -- ,ts-admin-order,47.325,ts-config,46.0,ts-order,43.4552,ts-price,39.2383,ts-ticketinfo,21.196,ts-travel,5.635,ts-rebook,4.41,ts-preserve-other,2.94,ts-inside-payment,1.5467,ts-notification,1.185,ts-ui,1.1799,ts-route,1.0433,ts-station,0.5787,ts-security,0.4114
89, -- ,ts-travel,214.616,ts-order,205.6196,ts-config,46.0,ts-ticketinfo,42.982,ts-admin-order,25.1164,ts-basic,13.942,ts-consign,7.0971,ts-verification-code,5.76,ts-ui,4.145,ts-rebook,3.81,ts-route,2.0767,ts-security,0.3949,ts-inside-payment,0.3525,ts-preserve-other,0.06
90, -- ,ts-order,88.5833,ts-config,46.0,ts-notification,6.795,ts-ui,6.0599,ts-travel,4.055,ts-preserve-other,2.4,ts-price,1.5583,ts-security,0.9175,ts-auth,0.8567,ts-basic,0.534
91, -- ,ts-config,46.0,ts-order,21.9127,ts-consign,11.7295,ts-travel,3.52,ts-ui,2.6567,ts-rebook,1.41,ts-security,0.9175,ts-price,0.8333,ts-notification,0.675,ts-ticketinfo,0.244
92, -- ,ts-config,46.0,ts-order,10.845,ts-admin-travel,5.01,ts-verification-code,1.2,ts-consign,1.0667,ts-admin-order,0.8871,ts-notification,0.845,ts-ui,0.5,ts-basic,0.31
93, -- ,ts-auth,82.4567,ts-config,46.0,ts-order,35.3598,ts-consign,14.2914,ts-rebook,6.99,ts-basic,5.004,ts-verification-code,3.78,ts-ui,0.5358,ts-travel,0.06
94, -- ,ts-order,62.9832,ts-auth,47.6567,ts-config,46.0,ts-ticketinfo,31.196,ts-basic,10.478,ts-notification,7.98,ts-route,2.5067,ts-assurance,1.68,ts-station,0.6933,ts-ui,0.35
95, -- ,ts-order,46.4605,ts-config,46.0,ts-basic,28.356,ts-ticketinfo,21.514,ts-admin-user,17.305,ts-travel,8.433,ts-route,1.9833,ts-auth,1.5172
96, -- ,ts-config,46.0586,ts-order,28.1046,ts-basic,14.278,ts-notification,4.185,ts-admin-user,2.57,ts-ticketinfo,2.308,ts-auth,1.2967,ts-route,0.15
97, -- ,ts-ticketinfo,74.53,ts-config,46.0,ts-order,22.951,ts-route,22.0133,ts-basic,20.198,ts-ui,15.3396,ts-security,12.7381,ts-consign,8.0914,ts-auth,6.9195,ts-rebook,6.57,ts-travel,1.2267,ts-preserve-other,0.69,ts-station,0.326
98, -- ,ts-config,46.0,ts-order,45.9826,ts-ticketinfo,40.244,ts-auth,6.8167,ts-route,6.6867,ts-voucher,5.0,ts-consign,2.82,ts-admin-route,1.56,ts-notification,1.47,ts-station,0.68,ts-basic,0.422,ts-travel,0.1967,ts-security,0.075
99, -- ,ts-ticketinfo,77.228,ts-auth,60.3645,ts-config,46.0,ts-order,37.2,ts-basic,23.886,ts-route,10.6333,ts-notification,7.36,ts-travel,5.5517
100, -- ,ts-ticketinfo,64.728,ts-config,46.0,ts-basic,16.846,ts-order,16.6533,ts-consign,16.62,ts-travel,11.9133,ts-ui,8.6033,ts-auth,8.4756,ts-notification,3.67,ts-admin-travel,2.58,ts-assurance,2.0229
101, -- ,ts-notification,398.2075,ts-config,46.0029,ts-order,45.3551,ts-ticketinfo,38.974,ts-verification-code,13.68,ts-basic,10.814,ts-travel,4.752,ts-route,4.1933,ts-news,1.583,ts-admin-order,0.9037,ts-security,0.845
102, -- ,ts-notification,397.215,ts-basic,308.244,ts-config,46.0,ts-order,21.9387,ts-admin-order,4.2504,ts-travel,3.895,ts-route,2.22,ts-news,1.583,ts-price,0.29
103, -- ,ts-basic,329.696,ts-config,47.2956,ts-order,37.092,ts-notification,26.5617,ts-route,15.8533,ts-ticketinfo,14.054,ts-consign,11.22,ts-travel,5.635,ts-seat,4.318,ts-contacts,3.13,ts-auth,0.3143
104, -- ,ts-config,46.0,ts-order,38.647,ts-ticketinfo,18.498,ts-rebook,8.31,ts-inside-payment,8.075,ts-assurance,7.4057,ts-contacts,4.46,ts-basic,4.11,ts-travel,3.2413,ts-admin-basic-info,3.12,ts-notification,3.01,ts-admin-route,2.58,ts-station,1.965,ts-ui,1.5808,ts-consign,1.44,ts-route,1.384,ts-seat,1.245,ts-preserve-other,0.93
105, -- ,ts-config,46.0,ts-order,28.885,ts-ticketinfo,19.134,ts-price,16.8618,ts-admin-travel,9.8762,ts-inside-payment,7.9475,ts-basic,5.226,ts-rebook,4.65,ts-verification-code,4.47,ts-consign,4.44,ts-assurance,3.3771,ts-admin-route,0.49,ts-security,0.395,ts-admin-basic-info,0.24,ts-seat,0.2033
106, -- ,ts-basic,221.316,ts-config,46.445,ts-auth,39.4867,ts-order,17.7983,ts-notification,8.345,ts-preserve-other,7.86,ts-rebook,7.4825,ts-consign,6.78,ts-admin-travel,4.9475,ts-ticketinfo,3.102,ts-security,2.8749,ts-travel,2.215,ts-admin-basic-info,2.1637,ts-route,1.695,ts-verification-code,1.35,ts-station,1.146,ts-admin-route,0.49
107, -- ,ts-basic,212.378,ts-config,46.0,ts-auth,27.1267,ts-order,12.505,ts-admin-basic-info,12.4537,ts-ticketinfo,9.174,ts-notification,7.345,ts-verification-code,4.71,ts-rebook,1.9325,ts-security,0.3949
108, -- ,ts-basic,239.528,ts-config,46.0,ts-order,24.0403,ts-consign,11.2114,ts-travel,11.0967,ts-auth,7.7,ts-ui,2.4499,ts-admin-travel,2.37,ts-assurance,2.1,ts-notification,0.77
109, -- ,ts-basic,246.902,ts-inside-payment,149.3667,ts-config,46.0,ts-order,28.4895,ts-preserve-other,3.12,ts-travel,2.8647,ts-notification,2.095,ts-consign,1.5,ts-admin-route,1.08
110, -- ,ts-order,54.5128,ts-config,46.0,ts-inside-payment,12.7725,ts-route,4.18,ts-notification,2.59,ts-ui,1.4308,ts-train,1.265,ts-voucher,1.08,ts-ticket-office,0.8829,ts-basic,0.646,ts-travel,0.5
111, -- ,ts-config,46.0,ts-travel,11.09,ts-order,10.1042,ts-verification-code,6.69,ts-ui,6.2899,ts-rebook,3.99,ts-admin-basic-info,1.8,ts-security,1.6398,ts-station,1.5,ts-admin-route,1.14,ts-basic,1.092,ts-notification,0.315
112, -- ,ts-basic,188.244,ts-config,46.0,ts-admin-route,27.1337,ts-order,19.1058,ts-travel,16.82,ts-verification-code,14.97,ts-notification,13.23,ts-ui,9.0241,ts-consign,7.08,ts-preserve-other,3.96,ts-rebook,3.24,ts-admin-user,3.15,ts-admin-basic-info,3.15,ts-ticketinfo,1.514,ts-seat,0.985,ts-route,0.0833
113, -- ,ts-basic,188.578,ts-order,50.7191,ts-verification-code,49.47,ts-config,46.815,ts-contacts,37.22,ts-user,37.17,ts-admin-travel,30.8512,ts-rebook,24.18,ts-notification,22.52,ts-travel,22.2823,ts-assurance,21.9257,ts-consign,19.1229,ts-preserve-other,13.05,ts-security,12.71,ts-auth,8.5833,ts-route,4.38,ts-ui,2.6567,ts-admin-route,2.6537,ts-food-map,2.37,ts-delivery,0.32
114, -- ,ts-basic,192.154,ts-order,63.1451,ts-config,46.0,ts-auth,16.5835,ts-ticketinfo,15.482,ts-ui,14.9582,ts-preserve-other,13.56,ts-route,12.42,ts-notification,11.47,ts-admin-order,7.59,ts-verification-code,7.53,ts-travel,7.3667,ts-contacts,4.56,ts-admin-travel,4.0525,ts-consign,3.66,ts-rebook,2.37,ts-food-map,0.03
115, -- ,ts-basic,192.936,ts-ticketinfo,137.07,ts-config,46.0,ts-order,35.048,ts-consign,21.8371,ts-price,19.0721,ts-admin-order,10.314,ts-preserve-other,5.31,ts-route,4.6467,ts-security,1.6398,ts-train,1.0927,ts-rebook,0.72,ts-ui,0.625,ts-notification,0.2314,ts-auth,0.1933
116, -- ,ts-ticketinfo,125.166,ts-ticket-office,55.2529,ts-order,54.6199,ts-config,46.0,ts-basic,34.612,ts-ui,20.4399,ts-train,15.2042,ts-auth,7.7,ts-verification-code,4.08,ts-route,3.2,ts-consign,1.94,ts-notification,1.885,ts-price,1.15
117, -- ,ts-route,73.07,ts-travel,67.9833,ts-ticket-office,62.3443,ts-config,46.2775,ts-ticketinfo,29.926,ts-rebook,12.5287,ts-verification-code,9.75,ts-preserve-other,7.83,ts-auth,6.3767,ts-order,3.675,ts-assurance,2.1343,ts-notification,0.93,ts-consign,0.8,ts-ui,0.725
118, -- ,ts-basic,348.132,ts-travel,115.3533,ts-route,91.6933,ts-config,46.33,ts-order,46.2573,ts-ticketinfo,25.324,ts-notification,8.865,ts-rebook,5.9287,ts-ui,5.4419,ts-verification-code,5.28,ts-security,4.595,ts-consign,2.8371,ts-seat,2.6767,ts-station,1.9713,ts-voucher,1.88
119, -- ,ts-basic,384.892,ts-route,64.9666,ts-config,46.0,ts-price,42.5,ts-ticketinfo,27.864,ts-order,25.7025,ts-travel,12.5943,ts-verification-code,9.27,ts-consign,6.5571,ts-rebook,5.22,ts-auth,4.052,ts-contacts,1.464,ts-preserve-other,0.78,ts-news,0.333
120, -- ,ts-route,90.0225,ts-travel,47.7548,ts-config,46.0,ts-ticketinfo,45.0,ts-price,43.5867,ts-order,27.7833,ts-basic,10.144,ts-admin-travel,9.605,ts-verification-code,8.07,ts-security,5.31,ts-contacts,3.704,ts-admin-order,3.5111,ts-rebook,3.42,ts-news,2.89,ts-train,2.4182,ts-notification,2.3,ts-auth,1.1127,ts-preserve-other,0.6,ts-inside-payment,0.2533
121, -- ,ts-order,130.0145,ts-config,64.6127,ts-travel,31.6127,ts-route,25.25,ts-train,18.5407,ts-consign,13.8257,ts-basic,11.484,ts-verification-code,9.72,ts-ui,7.9949,ts-preserve-other,3.84,ts-admin-travel,3.125,ts-contacts,2.68,ts-notification,2.415,ts-rebook,0.69
122, -- ,ts-travel,245.915,ts-config,48.665,ts-ui,18.0183,ts-order,15.7533,ts-auth,3.8021,ts-ticket-office,3.36,ts-preserve-other,2.04,ts-consign,1.44,ts-price,1.4023,ts-notification,1.28,ts-assurance,1.0371,ts-admin-travel,0.51
123, -- ,ts-order,62.3823,ts-config,46.0,ts-verification-code,15.96,ts-assurance,7.7743,ts-consign,4.8343,ts-notification,3.235,ts-security,2.8225,ts-travel,0.1,ts-basic,0.0275
124, -- ,ts-config,46.4909,ts-consign,31.0114,ts-order,15.46,ts-admin-order,15.1321,ts-user,7.14,ts-preserve-other,2.67,ts-inside-payment,1.8158,ts-auth,1.7533,ts-notification,1.68,ts-security,1.4375,ts-travel,0.58,ts-route,0.335,ts-seat,0.233
125, -- ,ts-config,54.2771,ts-order,40.1571,ts-admin-order,11.296,ts-basic,9.584,ts-consign,6.9,ts-notification,6.76,ts-train,2.4509,ts-travel,0.8312
126, -- ,ts-basic,274.199,ts-config,46.0,ts-order,26.154,ts-train,18.2356,ts-ui,5.0233,ts-verification-code,3.0,ts-route,2.69,ts-notification,1.115
127, -- ,ts-basic,261.45,ts-config,46.0,ts-order,23.9363,ts-verification-code,9.54,ts-preserve-other,4.86,ts-admin-travel,3.4012,ts-route,2.5,ts-auth,1.96,ts-price,0.9671
128, -- ,ts-basic,335.842,ts-route,87.41,ts-config,46.0,ts-consign,10.3314,ts-ticket-office,8.8029,ts-travel,6.15,ts-notification,5.715,ts-auth,2.7086,ts-verification-code,2.1,ts-order,1.7667,ts-admin-travel,0.5212
129, -- ,ts-basic,324.8151,ts-route,88.0667,ts-config,46.0,ts-order,33.8257,ts-ticketinfo,23.934,ts-admin-order,16.5659,ts-inside-payment,9.1025,ts-verification-code,8.31,ts-admin-user,7.5,ts-notification,4.89,ts-assurance,4.4143,ts-ui,2.535,ts-travel,0.973
130, -- ,ts-consign,128.43,ts-route,71.19,ts-config,46.0,ts-order,29.0822,ts-ticketinfo,16.118,ts-travel,10.994,ts-inside-payment,8.8475,ts-preserve-other,3.81,ts-ticket-office,3.4457,ts-admin-order,3.23,ts-basic,2.434,ts-notification,2.285,ts-rebook,1.53,ts-user,1.44,ts-verification-code,1.23,ts-admin-user,0.63
131, -- ,ts-voucher,399.03,ts-consign,132.2571,ts-route,58.9667,ts-config,46.0,ts-travel,9.485,ts-order,7.11,ts-security,5.31,ts-train,2.335,ts-ui,1.0833,ts-notification,0.43,ts-station,0.374,ts-ticketinfo,0.3017,ts-rebook,0.18
132, -- ,ts-voucher,399.06,ts-order,60.2165,ts-config,46.0,ts-basic,16.736,ts-ticketinfo,13.578,ts-route,9.3167,ts-travel,8.115,ts-ui,8.0415,ts-consign,4.58,ts-admin-order,3.1532,ts-preserve-other,1.35,ts-notification,0.99,ts-train,0.91,ts-assurance,0.5667,ts-seat,0.0733
133, -- ,ts-config,46.0,ts-basic,15.73,ts-ticketinfo,13.102,ts-order,11.6041,ts-preserve-other,2.64,ts-ticket-office,2.0057,ts-travel,1.5733,ts-price,1.5583,ts-assurance,0.5067,ts-consign,0.2
134, -- ,ts-config,46.0,ts-security,30.698,ts-order,28.8495,ts-basic,18.522,ts-admin-order,12.222,ts-notification,6.8433,ts-auth,4.8167,ts-route,1.0433,ts-consign,0.12
135, -- ,ts-admin-user,180.5,ts-route,69.9667,ts-config,46.0,ts-order,44.1858,ts-basic,18.3,ts-admin-order,12.93,ts-admin-route,4.32,ts-ticketinfo,4.054,ts-security,0.9175,ts-price,0.4717,ts-notification,0.005
136, -- ,ts-basic,312.936,ts-route,66.16,ts-config,46.0,ts-travel,11.0521,ts-auth,5.4933,ts-notification,4.88,ts-rebook,4.8175,ts-ticketinfo,4.212,ts-order,3.4417,ts-ui,0.685
137, -- ,ts-basic,249.25,ts-config,46.0,ts-order,32.4225,ts-rebook,5.7787,ts-route,5.6667,ts-travel,3.74,ts-notification,3.2983
138, -- ,ts-ticket-office,462.315,ts-config,46.0,ts-basic,33.942,ts-order,28.9488,ts-notification,19.73,ts-travel,6.5813,ts-ticketinfo,2.626,ts-route,0.48
139, -- ,ts-ticket-office,462.525,ts-order,64.5727,ts-config,46.0,ts-consign,38.88,ts-notification,26.6,ts-ticketinfo,3.578,ts-basic,2.992,ts-admin-route,1.74,ts-auth,1.52,ts-route,1.4833,ts-contacts,0.51,ts-travel,0.0167
140, -- ,ts-config,46.0,ts-basic,16.4,ts-order,14.1091,ts-notification,8.9557,ts-security,5.31,ts-travel,4.03,ts-train,0.7744,ts-route,0.76
141, -- ,ts-payment,127.715,ts-ticketinfo,49.768,ts-config,46.0,ts-order,28.941,ts-security,7.855,ts-admin-order,7.0854,ts-travel,3.491,ts-consign,1.8667,ts-notification,1.135,ts-train,0.7744,ts-route,0.76
142, -- ,ts-payment,127.73,ts-ticketinfo,50.88,ts-config,46.0,ts-order,40.8675,ts-notification,0.815,ts-route,0.64,ts-ui,0.0133
143, -- ,ts-config,46.0,ts-order,14.6108,ts-ticketinfo,11.99,ts-food,5.1,ts-route,2.5,ts-seat,0.8533,ts-notification,0.545,ts-contacts,0.155
144, -- ,ts-ticketinfo,105.642,ts-order,51.6756,ts-config,46.0,ts-route,44.1667,ts-consign,2.1086,ts-ui,1.1032,ts-train,0.3544,ts-notification,0.255,ts-contacts,0.155
145, -- ,ts-config,46.0,ts-route,44.5833,ts-ticketinfo,39.134,ts-order,19.4786,ts-travel,8.48,ts-consign,4.08,ts-assurance,1.9371,ts-notification,1.0,ts-verification-code,0.9,ts-train,0.3544
146, -- ,ts-route,152.9933,ts-config,46.0,ts-order,44.8355,ts-admin-order,11.786,ts-travel,11.2447,ts-admin-basic-info,10.2625,ts-ticketinfo,9.65,ts-seat,8.54,ts-rebook,8.16,ts-auth,7.48,ts-ui,3.9932,ts-preserve-other,1.02,ts-basic,0.758,ts-notification,0.265
147, -- ,ts-ticketinfo,371.99,ts-route,110.086,ts-basic,106.12,ts-config,46.0,ts-consign,28.41,ts-order,21.28,ts-travel,12.565,ts-admin-order,10.314,ts-auth,9.4667,ts-notification,3.1983,ts-ui,2.27,ts-seat,1.375,ts-security,1.345,ts-admin-basic-info,0.9612,ts-price,0.1083
148, -- ,ts-basic,1094.612,ts-order,166.7543,ts-ticketinfo,95.3,ts-route,81.18,ts-config,46.0,ts-preserve-other,20.19,ts-seat,18.0626,ts-travel,16.445,ts-user,15.925,ts-inside-payment,2.5667,ts-notification,0.91,ts-security,0.395
149, -- ,ts-basic,1209.25,ts-admin-basic-info,396.135,ts-ticketinfo,348.974,ts-order,193.3377,ts-config,46.0,ts-verification-code,38.165,ts-travel,21.8017,ts-route,19.08,ts-station,8.5183,ts-price,1.4717,ts-preserve-other,1.0412,ts-notification,0.88,ts-security,0.075,ts-ui,0.05
150, -- ,ts-basic,547.574,ts-admin-basic-info,396.135,ts-price,48.2054,ts-config,46.0,ts-order,33.016,ts-route,19.04,ts-food,16.6,ts-verification-code,9.485,ts-travel,3.72,ts-ui,0.4967
151, -- ,ts-ticketinfo,290.404,ts-basic,50.144,ts-price,46.485,ts-config,46.0,ts-travel,44.8287,ts-order,35.2833,ts-route,19.0,ts-ui,11.0815,ts-notification,2.91,ts-rebook,0.54
152, -- ,ts-basic,486.68,ts-ticketinfo,291.356,ts-order,256.2905,ts-config,46.0,ts-seat,38.9783,ts-route,18.68,ts-ui,15.0833,ts-verification-code,12.39,ts-consign,11.9343,ts-auth,3.7267,ts-admin-travel,3.36,ts-user,0.8488,ts-station,0.68,ts-travel,0.61,ts-preserve-other,0.27
153, -- ,ts-basic,536.624,ts-order,230.04,ts-food-map,118.26,ts-config,46.0,ts-security,39.2123,ts-admin-order,21.6954,ts-route,18.32,ts-ticketinfo,4.212,ts-travel,2.47,ts-preserve-other,2.07,ts-auth,1.96,ts-notification,0.88,ts-rebook,0.78,ts-station,0.2267
154, -- ,ts-basic,511.148,ts-order,268.1746,ts-ticketinfo,252.942,ts-food-map,118.485,ts-delivery,118.455,ts-user,110.625,ts-config,46.0,ts-security,23.8348,ts-route,18.16,ts-auth,8.4587,ts-verification-code,8.1,ts-travel,2.292,ts-rebook,1.47,ts-consign,1.38,ts-seat,1.245,ts-voucher,0.84,ts-preserve-other,0.81,ts-notification,0.53
155, -- ,ts-user,444.555,ts-rebook,377.01,ts-ticketinfo,261.318,ts-cancel,247.755,ts-delivery,118.455,ts-config,48.2867,ts-order,36.0613,ts-basic,28.69,ts-admin-order,20.288,ts-route,18.12,ts-ticket-office,7.62,ts-admin-travel,5.64,ts-verification-code,4.56,ts-consign,4.5,ts-preserve-other,3.93,ts-notification,2.84,ts-travel,1.7467
156, -- ,ts-rebook,377.01,ts-user,333.93,ts-order,252.2083,ts-cancel,247.755,ts-contacts,76.68,ts-config,48.2867,ts-admin-order,20.668,ts-route,18.16,ts-security,11.3681,ts-auth,5.7133,ts-admin-travel,3.72,ts-ticketinfo,2.79,ts-preserve-other,2.49,ts-ticket-office,2.22,ts-assurance,1.8429,ts-station,1.5,ts-ui,1.3267,ts-notification,1.175
157, -- ,ts-route,143.365,ts-price,47.9865,ts-config,46.0,ts-contacts,13.74,ts-verification-code,8.82,ts-auth,8.1717,ts-order,7.83,ts-assurance,4.4914,ts-ui,3.9177,ts-ticketinfo,2.79,ts-notification,2.3833,ts-consign,0.6514,ts-preserve-other,0.3
158, -- ,ts-ticketinfo,377.668,ts-route,143.31,ts-order,50.2323,ts-config,46.0,ts-auth,40.59,ts-travel,16.615,ts-consign,15.8914,ts-verification-code,13.89,ts-rebook,11.49,ts-price,3.1883,ts-preserve-other,2.25,ts-notification,1.225,ts-assurance,0.4629
159, -- ,ts-travel,103.835,ts-ticketinfo,96.228,ts-config,46.0,ts-auth,37.6847,ts-order,27.3383,ts-route,18.04,ts-inside-payment,8.7825,ts-rebook,7.89,ts-ui,4.3857,ts-notification,2.2783,ts-price,2.1017,ts-verification-code,2.01,ts-basic,1.316,ts-seat,1.115,ts-admin-travel,0.39,ts-ticket-office,0.1457
160, -- ,ts-ticketinfo,473.634,ts-config,46.0,ts-order,41.3683,ts-ui,25.1757,ts-travel,22.052,ts-route,17.92,ts-auth,17.6251,ts-preserve-other,10.4412,ts-inside-payment,8.3975,ts-basic,6.12,ts-security,5.27,ts-ticket-office,2.82,ts-consign,2.1,ts-train,1.7782,ts-admin-travel,1.44,ts-notification,0.795
161, -- ,ts-admin-travel,391.62,ts-order,92.2773,ts-config,46.0,ts-travel,36.88,ts-ticketinfo,33.854,ts-route,18.1317,ts-train,16.7853,ts-auth,15.3494,ts-verification-code,12.66,ts-basic,7.684,ts-assurance,3.0343,ts-preserve-other,2.58,ts-security,0.395,ts-admin-order,0.232
162, -- ,ts-admin-travel,391.62,ts-ticketinfo,328.18,ts-order,50.8411,ts-config,46.0,ts-route,39.43,ts-basic,8.02,ts-consign,5.3314,ts-ui,2.8561,ts-contacts,2.238,ts-notification,2.23,ts-auth,1.3146,ts-travel,0.6467,ts-food,0.112
163, -- ,ts-ticketinfo,350.378,ts-config,46.0,ts-order,42.322,ts-route,35.2267,ts-consign,13.5686,ts-basic,8.244,ts-station,6.7175,ts-ticket-office,5.1943,ts-verification-code,5.04,ts-rebook,4.29,ts-auth,2.2681,ts-admin-travel,1.08,ts-food,0.112
164, -- ,ts-order,61.5827,ts-config,46.0,ts-admin-order,30.27,ts-route,19.36,ts-station,17.5212,ts-ticketinfo,12.626,ts-preserve-other,10.5,ts-verification-code,5.61,ts-ui,5.0893,ts-travel,1.898,ts-notification,1.845,ts-price,1.5583
165, -- ,ts-ticketinfo,432.784,ts-config,46.0,ts-route,19.675,ts-travel,7.283,ts-assurance,4.7914,ts-consign,2.76,ts-preserve-other,2.22,ts-security,0.845,ts-station,0.68,ts-order,0.57,ts-price,0.1083
166, -- ,ts-ticketinfo,436.58,ts-preserve-other,379.3762,ts-config,46.0,ts-admin-order,20.124,ts-route,19.24,ts-consign,10.1571,ts-order,8.3267,ts-verification-code,6.93,ts-admin-travel,5.13,ts-auth,3.7876,ts-ticket-office,3.2279,ts-seat,2.2533,ts-ui,2.1375,ts-rebook,1.2,ts-travel,0.338,ts-train,0.2944
167, -- ,ts-preserve-other,378.855,ts-ticketinfo,369.292,ts-order,103.5808,ts-config,46.0,ts-admin-order,19.47,ts-route,19.28,ts-notification,6.435,ts-ticket-office,4.62,ts-travel,3.672,ts-verification-code,3.3,ts-ui,1.3233,ts-basic,1.204,ts-seat,0.3333,ts-train,0.0544
168, -- ,ts-ticketinfo,371.124,ts-consign,133.5429,ts-food-map,118.275,ts-auth,58.9558,ts-order,57.5044,ts-config,46.0,ts-route,37.1633,ts-price,37.1434,ts-travel,16.522,ts-verification-code,7.56,ts-basic,6.344,ts-admin-travel,6.12,ts-assurance,1.9886,ts-ui,1.795,ts-notification,1.495
169, -- ,ts-consign,169.5343,ts-food-map,118.275,ts-ticketinfo,109.28,ts-config,48.2867,ts-auth,40.3625,ts-route,38.5875,ts-basic,9.584,ts-ticket-office,5.2629,ts-preserve-other,4.83,ts-rebook,2.61,ts-seat,2.0267,ts-travel,0.66,ts-order,0.35,ts-station,0.338,ts-notification,0.2843
170, -- ,ts-ticketinfo,92.928,ts-config,48.2867,ts-auth,31.8752,ts-travel,31.8083,ts-route,21.92,ts-verification-code,19.08,ts-basic,18.858,ts-admin-order,10.2011,ts-order,7.8667,ts-ui,5.8733,ts-assurance,1.0714,ts-notification,0.2843,ts-price,0.2675,ts-user,0.12
171, -- ,ts-route,161.3667,ts-config,46.0,ts-order,44.0738,ts-auth,35.6707,ts-ticketinfo,25.529,ts-travel,13.913,ts-security,5.9181,ts-notification,4.655,ts-price,4.385,ts-preserve-other,3.81,ts-basic,1.986,ts-consign,1.2857,ts-ui,0.4117
172, -- ,ts-admin-basic-info,396.135,ts-ticket-office,129.465,ts-config,46.0,ts-order,32.0689,ts-route,23.66,ts-ticketinfo,6.09,ts-rebook,5.43,ts-verification-code,3.3,ts-ui,1.9713,ts-travel,1.2183
173, -- ,ts-admin-basic-info,396.135,ts-ticket-office,129.75,ts-order,53.3954,ts-config,46.0,ts-route,27.2645,ts-travel,10.3073,ts-news,7.417,ts-preserve-other,7.2,ts-assurance,6.84,ts-station,6.7012,ts-ticketinfo,6.12,ts-basic,1.652,ts-seat,1.5,ts-consign,1.4657,ts-train,1.4473,ts-notification,1.275,ts-rebook,0.87
174, -- ,ts-ticketinfo,440.332,ts-travel,270.9783,ts-config,46.0,ts-route,20.68,ts-admin-user,19.375,ts-train,18.497,ts-order,17.9466,ts-news,8.25,ts-auth,7.8921,ts-rebook,6.0187,ts-consign,5.6314,ts-ui,3.9549,ts-seat,1.8967,ts-admin-travel,0.75,ts-basic,0.6735
175, -- ,ts-ticketinfo,592.44,ts-travel,328.3847,ts-config,46.0,ts-route,20.6,ts-verification-code,14.04,ts-rebook,6.9812,ts-order,5.2916,ts-basic,3.998,ts-notification,1.8733,ts-auth,0.0486
176, -- ,ts-consign,393.465,ts-ticketinfo,151.5,ts-route,62.9367,ts-order,58.2711,ts-config,46.0,ts-travel,24.168,ts-ui,19.94,ts-notification,3.0033,ts-rebook,2.88,ts-basic,2.098,ts-station,0.68,ts-price,0.0412
177, -- ,ts-consign,393.465,ts-route,184.0217,ts-travel,133.4117,ts-payment,67.68,ts-config,53.3515,ts-auth,48.3167,ts-execute,39.6283,ts-order,24.9882,ts-admin-user,12.885,ts-assurance,5.7943,ts-ticketinfo,5.0773,ts-admin-basic-info,3.6062,ts-seat,2.8067,ts-preserve-other,0.96,ts-notification,0.2314,ts-station,0.0733
178, -- ,ts-route,196.7483,ts-travel,119.19,ts-payment,79.075,ts-config,71.3238,ts-auth,48.98,ts-execute,39.6283,ts-order,36.5828,ts-ticketinfo,24.846,ts-ui,23.1098,ts-consign,16.4829,ts-verification-code,8.04,ts-food-map,7.476,ts-admin-basic-info,3.6062,ts-rebook,3.33,ts-notification,1.3298
179, -- ,ts-security,121.185,ts-config,46.0,ts-ticketinfo,22.024,ts-route,20.48,ts-order,20.1785,ts-auth,13.4142,ts-preserve-other,10.14,ts-ticket-office,8.1686,ts-notification,3.27,ts-basic,2.434,ts-admin-travel,1.89,ts-seat,1.115,ts-travel,0.95,ts-station,0.4313
180, -- ,ts-security,121.185,ts-price,104.6383,ts-order,73.4354,ts-ticketinfo,50.46,ts-config,46.0,ts-route,40.2867,ts-ui,11.0615,ts-verification-code,9.84,ts-basic,2.098,ts-consign,1.5,ts-assurance,1.0371
181, -- ,ts-admin-order,7587.98,ts-consign,6821.4025,ts-order,6610.69,ts-route,6563.3075,ts-travel,5570.54,ts-assurance,4724.67,ts-voucher,3800.4125,ts-ticket-office,3639.2058,ts-avatar,3553.1,ts-price,3512.1425,ts-user,3460.6275,ts-news,3438.8567,ts-admin-route,3416.5525,ts-admin-basic-info,3414.9025,ts-admin-travel,3408.84,ts-preserve-other,3398.6825,ts-rebook,3395.6425,ts-basic,3368.6605,ts-cancel,3339.755,ts-seat,3306.095,ts-verification-code,3292.34,ts-admin-user,3274.31,ts-contacts,3252.2425,ts-food,3219.9517,ts-ticketinfo,3168.363,ts-inside-payment,1921.51,ts-food-map,1829.9225,ts-config,1770.43,ts-delivery,1718.3917,ts-payment,1707.9383,ts-preserve,1633.995,ts-execute,1567.9708,ts-notification,1155.4675,ts-security,910.2925,ts-train,890.735,ts-station,742.0775,ts-auth,631.548,ts-ui,181.2075
