1, -- ,ts-travel,235.1498,ts-order,202.155,ts-admin-order,187.4571,ts-train,133.4298,ts-config,106.324,ts-food,51.5,ts-route,49.3733,ts-price,32.832,ts-food-map,8.99,ts-station,2.2182
2, -- ,ts-station,6291.3154,ts-travel,4664.2691,ts-train,3798.8603,ts-route,3182.4848,ts-price,3172.652,ts-config,2551.169,ts-ticketinfo,2407.2239,ts-food-map,1548.302,ts-seat,1452.1238,ts-food,1237.63,ts-basic,1177.4207,ts-order,789.0124,ts-inside-payment,540.7508,ts-ui,251.55,ts-preserve,22.58,ts-admin-order,18.8147,ts-consign,16.98,ts-security,13.135,ts-auth,10.1267,ts-delivery,6.14,ts-execute,5.43,ts-contacts,4.23,ts-admin-travel,3.6462,ts-verification-code,1.785,ts-preserve-other,1.5625,ts-admin-basic-info,1.2025,ts-assurance,0.4067,ts-notification,0.3733
3, -- ,ts-station,4837.9388,ts-security,4157.2908,ts-assurance,2756.47,ts-train,2510.6694,ts-order,2111.5466,ts-price,1879.825,ts-config,1763.7674,ts-route,1737.905,ts-ticketinfo,1470.2703,ts-preserve,1448.365,ts-payment,1031.6975,ts-seat,1025.4783,ts-food-map,954.555,ts-travel,904.1138,ts-user,860.3,ts-food,715.402,ts-consign,684.17,ts-execute,570.71,ts-basic,449.2235,ts-contacts,286.18,ts-inside-payment,285.505,ts-delivery,246.1669,ts-ui,78.82,ts-admin-order,58.3832,ts-auth,4.61,ts-notification,3.2983,ts-admin-travel,0.26,ts-verification-code,0.2
4, -- ,ts-security,2268.9383,ts-train,1691.4275,ts-order,1165.4425,ts-travel,1033.7718,ts-station,981.9072,ts-preserve,935.88,ts-config,848.2043,ts-basic,687.5206,ts-execute,543.555,ts-route,474.0319,ts-payment,397.3675,ts-assurance,366.11,ts-ticketinfo,337.0117,ts-ui,334.955,ts-food,256.374,ts-inside-payment,194.2858,ts-user,175.69,ts-price,174.9389,ts-seat,119.681,ts-food-map,117.52,ts-admin-order,108.401,ts-delivery,97.052,ts-contacts,66.13,ts-consign,44.51,ts-auth,12.9967
5, -- ,ts-travel,3403.6453,ts-train,1927.9937,ts-assurance,1747.8367,ts-station,1110.238,ts-config,867.8346,ts-route,849.7933,ts-avatar,837.345,ts-order,783.9075,ts-consign,761.02,ts-price,757.313,ts-voucher,718.72,ts-rebook,568.3025,ts-notification,544.395,ts-ticket-office,530.04,ts-inside-payment,433.8425,ts-payment,428.06,ts-execute,408.8725,ts-seat,404.07,ts-admin-travel,400.545,ts-admin-route,397.815,ts-admin-basic-info,393.615,ts-food-map,371.6025,ts-ticketinfo,370.849,ts-preserve-other,369.0437,ts-admin-order,345.2437,ts-security,338.2825,ts-admin-user,314.04,ts-food,310.13,ts-verification-code,274.15,ts-basic,273.272,ts-contacts,269.89,ts-news,260.97,ts-user,260.895,ts-auth,240.9302,ts-cancel,238.44,ts-delivery,196.2,ts-preserve,184.195,ts-ui,176.3482
6, -- ,ts-station,866.6981,ts-train,330.1207,ts-payment,242.38,ts-route,206.0583,ts-order,170.98,ts-travel,145.9713,ts-config,111.8096,ts-food,105.14,ts-execute,94.17,ts-price,85.02,ts-admin-order,75.6257,ts-inside-payment,59.945,ts-preserve,43.81,ts-food-map,39.49,ts-contacts,23.01,ts-user,21.09,ts-security,17.355,ts-basic,16.8,ts-ticketinfo,12.5,ts-notification,3.4683,ts-seat,2.2867,ts-delivery,1.14,ts-ui,0.85
7, -- ,ts-travel,14741.5172,ts-security,3766.775,ts-cancel,3381.365,ts-payment,3309.27,ts-station,2070.7431,ts-route,1845.8112,ts-assurance,1718.7417,ts-inside-payment,1712.7196,ts-train,1608.5438,ts-price,1375.6808,ts-order,1323.7927,ts-consign,995.3033,ts-config,941.4247,ts-avatar,837.345,ts-food-map,798.102,ts-voucher,783.3,ts-notification,715.5908,ts-execute,705.3875,ts-food,630.691,ts-rebook,617.81,ts-ticket-office,610.97,ts-preserve,606.565,ts-admin-order,599.9293,ts-seat,561.7196,ts-basic,470.7463,ts-admin-travel,459.5037,ts-ticketinfo,448.6066,ts-admin-route,444.3325,ts-admin-basic-info,435.32,ts-preserve-other,433.5787,ts-contacts,425.87,ts-user,411.225,ts-verification-code,356.69,ts-admin-user,324.36,ts-auth,306.5132,ts-delivery,290.6333,ts-news,262.35,ts-ui,171.63
8, -- ,ts-security,1886.1417,ts-payment,1491.44,ts-travel,906.584,ts-inside-payment,789.927,ts-station,674.2421,ts-route,611.559,ts-assurance,565.7167,ts-train,503.3369,ts-config,459.7677,ts-price,446.2636,ts-order,415.3941,ts-execute,361.1,ts-seat,329.569,ts-preserve,321.34,ts-food-map,244.29,ts-ticketinfo,178.8371,ts-admin-order,166.736,ts-food,107.046,ts-basic,104.4868,ts-cancel,71.39,ts-delivery,41.0267,ts-auth,26.0233,ts-contacts,20.03,ts-user,16.68,ts-notification,11.5,ts-admin-travel,7.2912,ts-rebook,3.375,ts-admin-route,2.6537,ts-preserve-other,2.6037,ts-consign,1.4567,ts-ticket-office,1.13,ts-verification-code,0.2
9, -- ,ts-inside-payment,854.6517,ts-payment,853.835,ts-food,761.3167,ts-config,698.978,ts-travel,591.6032,ts-train,542.4343,ts-price,428.5947,ts-food-map,422.4755,ts-station,318.4111,ts-order,304.7286,ts-preserve,223.985,ts-seat,196.3705,ts-security,180.195,ts-admin-order,175.9062,ts-route,161.3484,ts-ticketinfo,129.165,ts-basic,124.2121,ts-execute,108.44,ts-user,101.83,ts-contacts,94.22,ts-delivery,40.26,ts-rebook,35.1675,ts-assurance,24.19,ts-notification,10.3533,ts-auth,3.5067
10, -- ,ts-food,1210.8433,ts-train,1118.0865,ts-config,1030.3186,ts-food-map,741.1725,ts-order,627.5423,ts-security,425.0425,ts-inside-payment,411.6083,ts-price,408.4723,ts-seat,404.2398,ts-travel,385.8755,ts-preserve,281.795,ts-assurance,271.02,ts-station,258.1492,ts-user,251.2533,ts-ticketinfo,178.9495,ts-basic,155.5634,ts-route,137.3245,ts-contacts,61.31,ts-execute,49.01,ts-rebook,35.1675,ts-notification,16.1383,ts-payment,8.62,ts-admin-order,4.428,ts-auth,4.1667,ts-cancel,2.67,ts-delivery,1.325
11, -- ,ts-config,1167.3434,ts-food,1074.75,ts-train,832.2921,ts-order,683.397,ts-food-map,664.67,ts-inside-payment,538.9167,ts-security,472.8414,ts-travel,360.6103,ts-station,241.9333,ts-user,222.26,ts-payment,215.88,ts-route,153.9517,ts-ticketinfo,151.3706,ts-seat,127.4235,ts-basic,118.6251,ts-price,84.4487,ts-execute,81.9782,ts-preserve,42.125,ts-contacts,33.18,ts-assurance,27.72,ts-auth,16.75,ts-delivery,8.405,ts-cancel,2.97,ts-notification,0.36
12, -- ,ts-food,1158.6433,ts-config,1068.5248,ts-order,934.7877,ts-train,862.3579,ts-food-map,644.3845,ts-inside-payment,499.0992,ts-ticketinfo,223.6233,ts-route,221.6143,ts-payment,166.12,ts-station,152.1748,ts-security,135.6498,ts-seat,134.1802,ts-basic,118.353,ts-execute,99.2245,ts-travel,97.2645,ts-price,34.898,ts-contacts,34.14,ts-user,25.08,ts-assurance,19.22,ts-preserve,9.975,ts-admin-order,9.5914,ts-delivery,1.5,ts-auth,0.4167,ts-notification,0.12
13, -- ,ts-food,1083.31,ts-order,1001.5198,ts-config,973.9043,ts-train,920.641,ts-food-map,601.3813,ts-inside-payment,564.0367,ts-travel,308.9917,ts-security,237.2233,ts-station,180.8082,ts-route,152.573,ts-execute,104.475,ts-price,86.3637,ts-ticketinfo,72.1742,ts-basic,50.7886,ts-seat,34.3968,ts-assurance,13.2717,ts-user,13.05,ts-payment,9.73,ts-preserve,8.55,ts-contacts,4.98,ts-admin-order,2.2696,ts-notification,1.84
14, -- ,ts-travel,10484.1832,ts-order,1454.3896,ts-food,1044.7067,ts-config,918.9211,ts-assurance,692.6983,ts-train,662.7269,ts-inside-payment,528.1175,ts-food-map,488.1545,ts-notification,437.475,ts-payment,269.685,ts-security,235.2025,ts-price,165.0,ts-station,142.0573,ts-route,124.4639,ts-contacts,66.85,ts-ticketinfo,40.4299,ts-seat,39.342,ts-execute,29.5325,ts-user,9.3267,ts-basic,6.375,ts-consign,4.83,ts-preserve,4.38,ts-admin-order,0.506
15, -- ,ts-food,2121.2543,ts-order,1238.5457,ts-config,1191.5802,ts-train,834.2956,ts-food-map,681.7075,ts-inside-payment,541.54,ts-travel,394.2407,ts-security,219.3525,ts-station,145.4085,ts-payment,124.825,ts-ticketinfo,97.4263,ts-price,58.505,ts-route,56.3041,ts-basic,51.578,ts-user,37.02,ts-assurance,30.9767,ts-delivery,29.3067,ts-execute,19.1867,ts-cancel,17.295,ts-seat,13.739,ts-contacts,4.69,ts-admin-order,0.56
16, -- ,ts-config,1251.0011,ts-train,734.9517,ts-inside-payment,515.475,ts-food-map,418.37,ts-order,266.4687,ts-food,255.4943,ts-travel,243.6477,ts-security,133.68,ts-ticketinfo,95.518,ts-station,52.8819,ts-execute,37.3225,ts-route,32.6892,ts-price,32.5727,ts-payment,20.805,ts-seat,8.4463,ts-consign,7.41,ts-contacts,5.85,ts-assurance,5.55,ts-auth,4.3667,ts-notification,3.4936,ts-preserve,3.46,ts-preserve-other,2.31,ts-admin-order,1.432
17, -- ,ts-order,599.8543,ts-food,591.4467,ts-config,530.98,ts-train,183.7447,ts-price,170.1777,ts-travel,153.0653,ts-contacts,119.965,ts-assurance,110.1,ts-security,103.965,ts-inside-payment,84.605,ts-payment,62.0525,ts-food-map,54.2195,ts-basic,40.1467,ts-execute,35.93,ts-ticketinfo,33.265,ts-station,31.5791,ts-admin-order,25.7196,ts-consign,24.1133,ts-route,23.9383,ts-seat,20.8645,ts-cancel,10.68,ts-preserve,4.04,ts-admin-basic-info,0.4812,ts-auth,0.4167,ts-verification-code,0.2
18, -- ,ts-travel,450.8694,ts-security,271.9734,ts-execute,234.46,ts-order,227.9437,ts-admin-order,176.7655,ts-train,117.9066,ts-preserve,107.925,ts-config,79.5712,ts-route,73.5732,ts-price,64.141,ts-inside-payment,60.365,ts-food,49.7333,ts-payment,32.95,ts-ticketinfo,26.912,ts-basic,19.2077,ts-notification,16.2,ts-contacts,15.42,ts-consign,15.3133,ts-seat,11.0125,ts-assurance,8.1167,ts-station,6.7576,ts-admin-basic-info,0.4812,ts-avatar,0.17
19, -- ,ts-travel,636.2568,ts-contacts,601.05,ts-auth,164.3205,ts-security,139.9,ts-admin-order,133.0734,ts-config,104.3838,ts-execute,96.5125,ts-preserve,92.205,ts-train,61.9641,ts-order,49.8327,ts-notification,25.9267,ts-inside-payment,25.67,ts-route,17.5664,ts-station,16.8604,ts-food,16.6633,ts-price,16.5583,ts-seat,16.3816,ts-payment,14.12,ts-admin-user,6.9,ts-ticketinfo,6.3623,ts-basic,3.328,ts-assurance,2.61,ts-consign,0.9514,ts-delivery,0.845
20, -- ,ts-travel,2348.9743,ts-auth,257.6285,ts-config,235.5586,ts-contacts,224.32,ts-security,186.9896,ts-route,174.0567,ts-price,163.9353,ts-train,108.1834,ts-admin-order,86.228,ts-inside-payment,55.3475,ts-user,32.3,ts-preserve,31.4275,ts-food,28.6433,ts-order,26.5775,ts-seat,18.6945,ts-execute,11.1525,ts-assurance,9.18,ts-notification,7.455,ts-food-map,4.48,ts-station,4.3379,ts-payment,2.825,ts-admin-user,0.84,ts-consign,0.1614
21, -- ,ts-travel,1762.702,ts-security,1347.0557,ts-assurance,261.8833,ts-price,113.6313,ts-config,104.7995,ts-preserve,96.535,ts-route,80.7943,ts-seat,64.8497,ts-food,56.0433,ts-train,29.3688,ts-ticketinfo,23.89,ts-contacts,15.8,ts-execute,13.24,ts-station,11.334,ts-basic,11.14,ts-payment,8.125,ts-order,6.6643,ts-admin-basic-info,4.2362,ts-user,4.05,ts-food-map,2.88
22, -- ,ts-security,1020.0783,ts-travel,553.3111,ts-price,236.9685,ts-food,125.898,ts-assurance,100.38,ts-preserve,83.265,ts-execute,74.9806,ts-auth,66.2,ts-station,59.8708,ts-config,50.1419,ts-contacts,26.0783,ts-seat,24.4196,ts-admin-order,22.4819,ts-train,17.2682,ts-inside-payment,14.275,ts-order,13.5979,ts-food-map,12.291,ts-route,11.6664,ts-consign,10.92,ts-basic,8.3675,ts-preserve-other,4.8962,ts-admin-basic-info,4.0862,ts-delivery,2.83
23, -- ,ts-inside-payment,437.23,ts-travel,160.3348,ts-security,148.375,ts-price,121.019,ts-payment,106.39,ts-assurance,85.2633,ts-auth,70.6133,ts-station,62.5593,ts-order,54.3402,ts-food,53.32,ts-config,47.8208,ts-train,40.4996,ts-food-map,39.0485,ts-basic,22.25,ts-notification,21.0083,ts-ticketinfo,20.6775,ts-seat,19.1365,ts-admin-route,18.8712,ts-execute,16.0825,ts-admin-travel,15.625,ts-admin-order,12.3111,ts-verification-code,10.77,ts-preserve-other,6.185,ts-preserve,3.81,ts-delivery,3.36,ts-contacts,2.24,ts-route,0.1067
24, -- ,ts-travel,429.0555,ts-inside-payment,368.33,ts-order,346.3007,ts-seat,174.1094,ts-security,129.4122,ts-train,114.0116,ts-route,99.2716,ts-price,85.2533,ts-food-map,67.609,ts-payment,59.055,ts-config,55.2047,ts-execute,45.0501,ts-station,36.7624,ts-food,36.4,ts-basic,17.36,ts-admin-travel,14.3225,ts-admin-route,10.8275,ts-ticketinfo,4.4043,ts-rebook,3.615,ts-assurance,3.5033,ts-consign,3.36,ts-preserve,2.665,ts-admin-order,2.086,ts-notification,1.84,ts-delivery,0.1
25, -- ,ts-travel,237.4783,ts-security,148.0,ts-order,90.4964,ts-route,79.2203,ts-config,64.7025,ts-food,62.12,ts-payment,45.37,ts-ticketinfo,45.0,ts-seat,40.1256,ts-train,38.5863,ts-auth,21.8267,ts-execute,19.5675,ts-user,19.38,ts-notification,14.9733,ts-food-map,10.791,ts-station,10.0833,ts-preserve,5.21,ts-rebook,4.3362,ts-price,3.1883,ts-admin-order,3.0164,ts-verification-code,2.74,ts-inside-payment,2.22,ts-delivery,0.31
26, -- ,ts-travel,213.0831,ts-contacts,141.64,ts-security,105.1175,ts-food,86.48,ts-execute,71.59,ts-config,46.445,ts-route,41.8875,ts-admin-order,39.5286,ts-order,27.7557,ts-auth,21.37,ts-seat,9.1754,ts-train,5.8387,ts-price,5.56,ts-food-map,3.19,ts-user,2.88,ts-notification,2.225,ts-station,1.0875,ts-preserve-other,0.9,ts-admin-travel,0.5212,ts-assurance,0.4433,ts-payment,0.125,ts-inside-payment,0.0425,ts-consign,0.03
27, -- ,ts-security,258.3091,ts-execute,165.7575,ts-contacts,162.35,ts-notification,116.1683,ts-station,94.5208,ts-travel,88.717,ts-inside-payment,86.7825,ts-assurance,71.63,ts-order,68.2564,ts-payment,52.56,ts-config,48.5964,ts-food,43.26,ts-seat,42.6414,ts-user,22.92,ts-route,22.38,ts-preserve,9.73,ts-admin-order,6.336,ts-price,3.4971,ts-food-map,3.2545,ts-delivery,1.655,ts-ticketinfo,0.72,ts-train,0.1862,ts-basic,0.0275
28, -- ,ts-security,289.965,ts-travel,165.9853,ts-admin-user,120.0,ts-inside-payment,102.1065,ts-station,99.5634,ts-payment,95.96,ts-route,93.4744,ts-food,88.29,ts-price,65.1823,ts-config,62.7558,ts-seat,55.2233,ts-food-map,44.1595,ts-user,20.618,ts-train,19.7355,ts-execute,15.4525,ts-order,11.5825,ts-preserve,9.52,ts-contacts,4.46,ts-notification,4.39,ts-assurance,4.17,ts-admin-order,2.086,ts-consign,1.56
29, -- ,ts-user,719.56,ts-execute,165.785,ts-travel,125.5423,ts-cancel,112.42,ts-security,97.82,ts-price,86.2253,ts-station,65.0133,ts-food-map,63.2165,ts-config,60.0432,ts-seat,50.2343,ts-train,46.0061,ts-inside-payment,39.8892,ts-delivery,31.4433,ts-contacts,28.89,ts-order,24.4182,ts-food,23.265,ts-admin-order,20.4999,ts-assurance,20.46,ts-auth,9.0233,ts-consign,8.85,ts-route,8.8467,ts-payment,7.595,ts-preserve,2.92
30, -- ,ts-travel,1104.3301,ts-food-map,716.1335,ts-user,433.55,ts-price,189.811,ts-execute,168.59,ts-security,90.3151,ts-train,89.2825,ts-ticketinfo,66.7675,ts-config,63.27,ts-payment,62.28,ts-food,43.83,ts-seat,36.9153,ts-order,30.0796,ts-route,26.9686,ts-inside-payment,5.955,ts-admin-order,5.792,ts-preserve,4.095,ts-station,4.018,ts-rebook,3.74,ts-auth,3.0633,ts-delivery,1.205,ts-cancel,0.28
31, -- ,ts-food-map,1071.2725,ts-payment,318.9331,ts-station,121.7494,ts-security,73.0325,ts-travel,57.9618,ts-order,53.0475,ts-config,48.7149,ts-seat,22.0232,ts-notification,16.835,ts-price,14.7627,ts-food,13.98,ts-route,12.389,ts-train,10.8717,ts-assurance,9.36,ts-preserve,5.02,ts-execute,1.9225,ts-user,0.58,ts-rebook,0.35,ts-auth,0.1933
32, -- ,ts-security,2629.2725,ts-payment,166.4775,ts-train,61.3533,ts-food-map,55.4195,ts-config,50.8691,ts-travel,43.7833,ts-seat,36.6426,ts-order,32.9607,ts-station,27.9788,ts-user,25.8,ts-notification,10.7533,ts-auth,8.5717,ts-price,8.3801,ts-execute,8.35,ts-preserve,3.465,ts-route,1.8733,ts-rebook,0.425
33, -- ,ts-security,2302.6075,ts-payment,770.06,ts-order,318.4393,ts-travel,261.1224,ts-station,121.2465,ts-seat,93.7967,ts-route,83.9459,ts-config,77.0028,ts-price,65.87,ts-food-map,63.2055,ts-admin-order,32.7411,ts-train,27.5127,ts-cancel,19.33,ts-inside-payment,17.04,ts-assurance,10.59,ts-food,3.64,ts-execute,2.81,ts-preserve,1.675,ts-ticketinfo,0.88,ts-user,0.45
34, -- ,ts-payment,612.6933,ts-order,207.1125,ts-security,153.457,ts-seat,90.9694,ts-travel,75.4363,ts-price,67.1742,ts-config,57.8328,ts-inside-payment,41.9775,ts-contacts,35.36,ts-assurance,20.07,ts-route,9.3167,ts-food-map,6.7095,ts-admin-order,6.5442,ts-food,4.4,ts-ticketinfo,4.2609,ts-execute,3.37,ts-basic,1.316,ts-train,1.1247,ts-preserve,0.5067,ts-notification,0.35,ts-cancel,0.07
35, -- ,ts-seat,316.8512,ts-security,204.1466,ts-config,120.5603,ts-train,79.1628,ts-order,53.8659,ts-payment,40.625,ts-station,33.4534,ts-travel,19.9835,ts-execute,12.46,ts-admin-order,10.8619,ts-price,7.9215,ts-route,6.5083,ts-contacts,2.9,ts-food-map,1.682,ts-basic,1.54,ts-assurance,1.26,ts-preserve,1.014,ts-notification,0.36
36, -- ,ts-config,1686.7942,ts-train,1409.3541,ts-order,581.3087,ts-seat,533.8751,ts-station,375.5796,ts-security,300.3582,ts-food-map,100.9405,ts-route,68.1071,ts-travel,57.5748,ts-payment,53.3325,ts-inside-payment,35.4417,ts-food,27.91,ts-assurance,19.38,ts-ticket-office,17.08,ts-execute,16.4575,ts-ticketinfo,7.5,ts-auth,5.6783,ts-cancel,2.58,ts-basic,1.092,ts-delivery,0.525,ts-preserve-other,0.24,ts-contacts,0.03
37, -- ,ts-config,2279.7888,ts-train,1516.2354,ts-food-map,697.6475,ts-seat,685.7211,ts-order,483.7737,ts-station,469.941,ts-security,450.675,ts-route,162.7467,ts-travel,159.0776,ts-inside-payment,71.5058,ts-auth,44.3642,ts-food,42.62,ts-user,30.75,ts-price,30.5433,ts-consign,27.48,ts-ticket-office,18.22,ts-execute,7.605,ts-preserve,6.29,ts-ticketinfo,3.8333,ts-assurance,3.51,ts-payment,2.325,ts-contacts,1.14,ts-admin-route,0.49,ts-admin-order,0.124
38, -- ,ts-ticketinfo,3012.4395,ts-config,1204.4669,ts-train,1080.6999,ts-order,607.0045,ts-security,375.0025,ts-station,248.4469,ts-travel,222.7326,ts-inside-payment,99.5917,ts-preserve,60.41,ts-route,54.5441,ts-user,37.6967,ts-price,29.8183,ts-admin-order,28.6254,ts-payment,21.91,ts-seat,18.0036,ts-food,8.43,ts-auth,7.92,ts-delivery,3.945,ts-execute,3.6057,ts-food-map,3.48,ts-admin-route,1.4525,ts-notification,0.36,ts-basic,0.0545
39, -- ,ts-ticketinfo,3257.3444,ts-order,293.8137,ts-config,243.0496,ts-security,188.4637,ts-train,125.053,ts-food-map,116.9535,ts-food,95.4067,ts-travel,77.7165,ts-station,68.2448,ts-inside-payment,57.3058,ts-user,53.774,ts-seat,42.8236,ts-preserve,28.21,ts-execute,21.6018,ts-auth,13.6425,ts-assurance,5.73,ts-payment,5.295,ts-delivery,4.765,ts-route,3.6033,ts-basic,2.9037,ts-notification,2.4299,ts-consign,1.95,ts-admin-order,1.5834
40, -- ,ts-payment,428.0325,ts-food,288.3067,ts-order,227.5214,ts-config,218.2714,ts-security,155.2531,ts-train,124.1289,ts-ticketinfo,118.1237,ts-food-map,81.764,ts-seat,67.5273,ts-inside-payment,49.4083,ts-notification,25.9316,ts-station,21.5583,ts-travel,16.4292,ts-execute,8.45,ts-admin-order,7.0671,ts-rebook,5.0825,ts-preserve,3.31,ts-route,1.97,ts-price,0.8333,ts-auth,0.6367
41, -- ,ts-payment,283.3975,ts-config,215.7926,ts-food,134.15,ts-security,133.685,ts-travel,92.6661,ts-price,87.528,ts-user,59.73,ts-food-map,46.353,ts-train,43.9449,ts-order,32.73,ts-station,30.2383,ts-admin-order,12.8646,ts-route,11.4697,ts-consign,8.49,ts-execute,3.7075,ts-seat,3.5214,ts-preserve,3.18,ts-notification,2.1033,ts-assurance,1.1533,ts-inside-payment,0.3425,ts-auth,0.176
42, -- ,ts-food-map,361.1435,ts-config,181.9966,ts-train,105.8741,ts-security,105.215,ts-price,102.9557,ts-route,80.6233,ts-travel,55.9754,ts-assurance,35.64,ts-order,26.3975,ts-payment,24.075,ts-inside-payment,16.363,ts-food,12.4267,ts-execute,9.24,ts-ticketinfo,5.324,ts-contacts,3.03,ts-seat,0.5167,ts-delivery,0.31,ts-station,0.2804
43, -- ,ts-travel,392.0543,ts-route,344.833,ts-food-map,310.378,ts-security,240.2802,ts-config,66.3558,ts-price,66.077,ts-execute,42.1294,ts-order,35.82,ts-train,28.8287,ts-seat,26.8009,ts-station,17.2208,ts-user,15.115,ts-inside-payment,12.4808,ts-food,10.69,ts-assurance,7.74,ts-consign,4.26,ts-admin-basic-info,0.9612,ts-preserve-other,0.7812,ts-payment,0.595,ts-notification,0.3733,ts-ticketinfo,0.244,ts-auth,0.1933
44, -- ,ts-route,250.1345,ts-travel,186.044,ts-config,126.487,ts-security,101.065,ts-train,86.348,ts-station,24.6145,ts-execute,18.36,ts-ticketinfo,16.945,ts-cancel,12.06,ts-seat,11.868,ts-inside-payment,9.425,ts-notification,7.455,ts-user,7.14,ts-admin-travel,6.6962,ts-price,4.968,ts-order,3.045,ts-food,2.69,ts-preserve,2.61,ts-verification-code,1.625,ts-admin-basic-info,1.4425
45, -- ,ts-security,150.765,ts-travel,100.2085,ts-config,98.6301,ts-food-map,92.8675,ts-train,78.5435,ts-route,70.1798,ts-contacts,62.58,ts-order,39.0678,ts-seat,30.6618,ts-cancel,23.4958,ts-auth,16.9024,ts-inside-payment,11.1575,ts-station,7.222,ts-preserve,6.205,ts-execute,5.27,ts-price,3.7424,ts-admin-travel,3.6462,ts-payment,3.525,ts-delivery,1.51,ts-verification-code,1.15,ts-food,0.97,ts-notification,0.515,ts-rebook,0.175
46, -- ,ts-travel,158.6341,ts-security,133.4725,ts-admin-order,84.5794,ts-seat,65.1671,ts-config,58.5432,ts-inside-payment,33.5233,ts-contacts,30.45,ts-ticketinfo,30.404,ts-price,30.1646,ts-order,14.7325,ts-food-map,9.54,ts-assurance,8.07,ts-cancel,7.56,ts-food,4.5167,ts-payment,2.3683,ts-auth,2.18,ts-notification,1.4,ts-train,1.106,ts-route,0.5267,ts-delivery,0.325,ts-execute,0.32
47, -- ,ts-food-map,150.017,ts-food,147.6717,ts-security,121.734,ts-order,89.2693,ts-travel,84.5932,ts-config,65.2649,ts-ticketinfo,32.3048,ts-price,29.4825,ts-admin-order,26.6102,ts-notification,21.0083,ts-train,12.5757,ts-route,10.6183,ts-inside-payment,7.4975,ts-auth,2.4133,ts-contacts,2.24,ts-assurance,2.04,ts-seat,1.9059,ts-payment,1.72,ts-delivery,0.9,ts-execute,0.9,ts-preserve,0.075,ts-user,0.04
48, -- ,ts-travel,92.8721,ts-config,60.113,ts-assurance,57.57,ts-security,40.7425,ts-food,33.38,ts-delivery,14.08,ts-order,12.84,ts-seat,12.6522,ts-notification,6.47,ts-execute,5.33,ts-payment,3.085,ts-food-map,2.929,ts-basic,2.85,ts-train,2.4153,ts-station,1.7445,ts-auth,1.4037,ts-consign,0.72,ts-preserve-other,0.24,ts-preserve,0.235
49, -- ,ts-config,154.1277,ts-train,131.8304,ts-security,59.545,ts-payment,56.925,ts-travel,47.7583,ts-price,31.766,ts-execute,29.2275,ts-food,28.665,ts-route,22.0043,ts-food-map,18.1875,ts-seat,17.188,ts-order,15.19,ts-auth,11.956,ts-delivery,11.58,ts-station,9.0275,ts-notification,2.4633,ts-inside-payment,2.29,ts-consign,1.44,ts-ticketinfo,0.717,ts-preserve,0.2417,ts-basic,0.0275
50, -- ,ts-security,120.8317,ts-travel,98.7586,ts-config,80.15,ts-food-map,61.741,ts-order,55.93,ts-preserve,25.3322,ts-execute,14.4508,ts-seat,11.7009,ts-train,8.4163,ts-cancel,8.01,ts-inside-payment,4.54,ts-station,3.3794,ts-contacts,2.85,ts-auth,2.0081,ts-basic,0.5322,ts-route,0.1967
51, -- ,ts-assurance,166.96,ts-travel,97.9921,ts-food-map,83.9115,ts-seat,77.7493,ts-security,71.01,ts-contacts,56.26,ts-order,53.1071,ts-config,47.7521,ts-price,44.4933,ts-station,34.5409,ts-notification,32.1067,ts-execute,19.8202,ts-preserve,13.48,ts-inside-payment,10.26,ts-train,7.7909,ts-payment,7.3804,ts-auth,6.6986,ts-route,3.7933,ts-food,2.785,ts-consign,2.28
52, -- ,ts-security,134.2424,ts-contacts,87.5267,ts-seat,72.7638,ts-food,60.0133,ts-config,46.0,ts-price,45.7617,ts-food-map,22.713,ts-travel,21.694,ts-notification,21.0083,ts-preserve,13.1,ts-train,9.5071,ts-station,8.2067,ts-execute,6.0575,ts-order,3.23,ts-payment,2.2433,ts-admin-order,1.6886,ts-inside-payment,1.05,ts-route,0.8442,ts-basic,0.4366,ts-assurance,0.3,ts-auth,0.1933
53, -- ,ts-user,258.83,ts-food-map,152.09,ts-travel,141.6621,ts-security,125.7298,ts-assurance,96.81,ts-ticketinfo,72.514,ts-preserve,61.725,ts-order,59.7836,ts-food,58.4367,ts-config,46.0,ts-payment,44.94,ts-price,36.12,ts-inside-payment,21.0925,ts-admin-order,16.5195,ts-seat,15.8564,ts-delivery,4.35,ts-train,3.247,ts-notification,0.975,ts-execute,0.59,ts-route,0.4533,ts-contacts,0.23
54, -- ,ts-travel,396.564,ts-security,318.065,ts-user,116.43,ts-auth,88.9367,ts-preserve,59.72,ts-route,58.8867,ts-config,58.081,ts-station,48.7266,ts-seat,47.5808,ts-food,32.94,ts-payment,27.185,ts-execute,26.6926,ts-notification,21.0083,ts-train,15.816,ts-order,15.1607,ts-food-map,8.99,ts-consign,5.85,ts-price,5.191,ts-delivery,3.46,ts-ticketinfo,2.308,ts-contacts,1.79,ts-basic,1.0646,ts-assurance,0.8333,ts-admin-order,0.778
55, -- ,ts-food-map,221.1945,ts-security,221.117,ts-contacts,129.7,ts-seat,123.2354,ts-auth,90.26,ts-admin-order,70.8042,ts-config,68.3877,ts-inside-payment,52.2242,ts-order,49.1746,ts-travel,37.856,ts-price,28.37,ts-train,25.689,ts-food,16.81,ts-payment,15.84,ts-station,9.1467,ts-execute,8.42,ts-route,4.275,ts-consign,3.84,ts-user,2.22,ts-preserve,0.395,ts-notification,0.3733
56, -- ,ts-security,329.875,ts-preserve,79.18,ts-food-map,63.0315,ts-config,51.1812,ts-travel,45.7714,ts-price,29.3412,ts-inside-payment,17.845,ts-auth,14.0452,ts-notification,7.6733,ts-seat,7.3936,ts-food,5.585,ts-delivery,3.4713,ts-station,2.5775,ts-execute,1.85,ts-contacts,1.4,ts-admin-order,1.05,ts-train,0.91,ts-route,0.89,ts-order,0.47,ts-consign,0.2667,ts-user,0.04
57, -- ,ts-food-map,105.8955,ts-security,88.3908,ts-travel,79.3713,ts-config,62.2477,ts-seat,59.0634,ts-preserve,42.74,ts-train,41.8918,ts-auth,20.4418,ts-payment,13.3258,ts-station,5.5287,ts-execute,2.81,ts-preserve-other,2.25,ts-order,2.24,ts-food,2.02,ts-contacts,1.89,ts-delivery,1.8613,ts-price,1.195,ts-route,0.9733,ts-consign,0.63,ts-assurance,0.57,ts-notification,0.515,ts-cancel,0.18
58, -- ,ts-travel,393.3721,ts-preserve,170.2315,ts-notification,88.7982,ts-security,74.295,ts-config,69.0281,ts-food,40.1817,ts-train,39.3451,ts-route,35.66,ts-contacts,18.65,ts-execute,17.24,ts-cancel,10.29,ts-seat,9.8998,ts-inside-payment,2.1464,ts-station,0.5,ts-basic,0.2
59, -- ,ts-consign,461.83,ts-travel,246.8538,ts-preserve,104.38,ts-train,82.6681,ts-security,75.6782,ts-config,67.5948,ts-food,65.64,ts-seat,53.2458,ts-food-map,44.2685,ts-inside-payment,20.8383,ts-assurance,18.51,ts-payment,15.31,ts-execute,4.94,ts-admin-order,3.1286,ts-price,0.5,ts-contacts,0.18
60, -- ,ts-food-map,195.675,ts-security,128.9077,ts-travel,124.4991,ts-config,84.6569,ts-consign,79.21,ts-seat,52.5741,ts-user,43.56,ts-price,36.34,ts-admin-order,24.2444,ts-route,23.1392,ts-execute,7.736,ts-food,7.305,ts-train,5.204,ts-station,4.937,ts-order,2.9443,ts-assurance,2.46,ts-payment,0.885,ts-inside-payment,0.8775,ts-notification,0.7333,ts-ticketinfo,0.6475
61, -- ,ts-food-map,189.341,ts-security,89.919,ts-travel,86.2719,ts-price,69.161,ts-config,64.5115,ts-seat,47.7878,ts-execute,24.4975,ts-route,11.8442,ts-payment,10.7509,ts-train,10.1753,ts-notification,7.0683,ts-user,5.88,ts-ticketinfo,3.736,ts-station,3.0167,ts-preserve,0.85,ts-food,0.6767,ts-cancel,0.3,ts-inside-payment,0.105
62, -- ,ts-assurance,536.4233,ts-seat,157.8491,ts-security,138.6133,ts-route,129.2977,ts-travel,107.4817,ts-food-map,51.934,ts-config,47.9375,ts-price,11.4723,ts-food,10.6,ts-train,4.7578,ts-inside-payment,4.605,ts-station,3.6869,ts-ticketinfo,3.102,ts-execute,2.1667,ts-auth,0.839,ts-order,0.5271,ts-consign,0.4667
63, -- ,ts-assurance,352.8633,ts-security,82.5625,ts-travel,66.9686,ts-seat,57.0849,ts-food-map,53.3855,ts-config,53.11,ts-payment,48.215,ts-user,39.0,ts-preserve,37.6058,ts-cancel,7.23,ts-train,5.3618,ts-contacts,3.99,ts-execute,3.58,ts-route,3.3885,ts-consign,2.25,ts-station,1.095,ts-auth,0.839
64, -- ,ts-food-map,542.6115,ts-contacts,109.34,ts-security,75.39,ts-preserve,61.2498,ts-food,60.6192,ts-travel,49.9206,ts-config,48.5,ts-price,38.695,ts-inside-payment,32.9018,ts-train,22.4725,ts-assurance,13.86,ts-delivery,13.61,ts-user,13.3667,ts-seat,10.7286,ts-station,6.5167,ts-payment,6.3433,ts-execute,3.8886,ts-admin-order,3.2143,ts-admin-basic-info,1.6825,ts-route,1.0433
65, -- ,ts-consign,379.68,ts-admin-order,205.9309,ts-seat,189.1216,ts-user,184.2617,ts-travel,129.8703,ts-food-map,61.48,ts-security,54.7975,ts-auth,46.33,ts-config,46.0,ts-price,40.3267,ts-route,32.532,ts-inside-payment,23.0767,ts-order,18.5957,ts-train,14.6491,ts-preserve-other,11.3125,ts-food,11.2433,ts-contacts,10.92,ts-delivery,5.71,ts-admin-basic-info,3.6062,ts-admin-route,3.5237,ts-execute,3.344,ts-payment,0.7325,ts-preserve,0.005
66, -- ,ts-travel,173.5184,ts-food-map,154.4395,ts-consign,71.17,ts-seat,56.4899,ts-security,54.815,ts-auth,50.5143,ts-config,46.0,ts-user,39.21,ts-train,37.2141,ts-admin-order,32.3937,ts-inside-payment,22.4433,ts-notification,21.0083,ts-route,20.99,ts-verification-code,18.575,ts-contacts,15.0,ts-admin-travel,12.675,ts-price,9.427,ts-food,8.1167,ts-execute,5.46,ts-delivery,4.63,ts-admin-route,2.4137,ts-ticketinfo,2.308,ts-assurance,2.28,ts-station,1.5878,ts-preserve-other,1.5625,ts-rebook,1.445,ts-basic,0.6843,ts-avatar,0.17
67, -- ,ts-travel,169.0684,ts-food-map,132.3415,ts-user,125.92,ts-notification,69.8698,ts-config,46.075,ts-security,45.375,ts-contacts,20.42,ts-cancel,19.89,ts-seat,17.998,ts-route,12.355,ts-inside-payment,10.5175,ts-admin-travel,9.375,ts-train,5.7954,ts-verification-code,4.645,ts-ticketinfo,4.372,ts-payment,2.5345,ts-execute,2.45,ts-food,2.316,ts-auth,1.142,ts-price,1.015,ts-basic,0.0275
68, -- ,ts-security,277.62,ts-order,140.3686,ts-seat,95.5439,ts-config,46.0,ts-route,36.4033,ts-travel,22.3893,ts-inside-payment,14.0075,ts-contacts,13.67,ts-cancel,11.97,ts-food-map,10.9775,ts-food,10.6267,ts-preserve,6.3717,ts-auth,5.686,ts-ticketinfo,3.578,ts-execute,2.95,ts-consign,2.3014,ts-admin-order,1.596,ts-train,0.954
69, -- ,ts-food,186.82,ts-security,156.0833,ts-config,98.4694,ts-order,54.86,ts-price,41.4133,ts-food-map,39.6415,ts-basic,33.0,ts-preserve,25.8,ts-travel,21.8899,ts-payment,21.13,ts-assurance,10.83,ts-execute,10.78,ts-contacts,6.85,ts-notification,6.8433,ts-cancel,6.12,ts-ticketinfo,4.848,ts-consign,4.3443,ts-auth,4.0854,ts-route,1.3817,ts-train,0.91,ts-seat,0.5984,ts-station,0.5
70, -- ,ts-user,1040.31,ts-assurance,303.04,ts-security,185.7425,ts-food-map,147.152,ts-order,114.0,ts-seat,67.0478,ts-train,56.4292,ts-config,46.0,ts-price,41.9567,ts-travel,38.1909,ts-admin-order,27.6145,ts-ticketinfo,8.34,ts-food,8.015,ts-delivery,5.945,ts-execute,5.2225,ts-station,0.6933,ts-basic,0.534,ts-route,0.3867,ts-payment,0.125
71, -- ,ts-security,156.1725,ts-cancel,107.44,ts-config,46.0,ts-food-map,30.7545,ts-seat,21.3666,ts-food,10.425,ts-execute,10.01,ts-delivery,8.545,ts-travel,2.5447,ts-assurance,1.9033,ts-auth,0.9183,ts-station,0.5
72, -- ,ts-food-map,172.637,ts-security,46.9075,ts-config,46.0,ts-food,23.9317,ts-preserve,23.54,ts-travel,13.023,ts-auth,8.4862,ts-route,6.7217,ts-seat,5.0278,ts-price,4.1257,ts-ticketinfo,3.896,ts-station,2.488,ts-execute,1.36,ts-cancel,0.96,ts-admin-order,0.1367
73, -- ,ts-inside-payment,175.0125,ts-admin-user,103.375,ts-price,63.428,ts-train,62.4938,ts-seat,60.2634,ts-config,53.2483,ts-security,48.9173,ts-user,39.5191,ts-travel,25.0862,ts-preserve,22.08,ts-food-map,14.8335,ts-station,8.7417,ts-execute,8.42,ts-food,7.7167,ts-notification,4.375,ts-auth,3.996,ts-assurance,1.9033,ts-route,1.6367,ts-ticketinfo,0.404
74, -- ,ts-user,394.1855,ts-security,68.2733,ts-consign,63.84,ts-config,55.7636,ts-food-map,32.644,ts-travel,31.3909,ts-food,13.5667,ts-inside-payment,13.3537,ts-train,12.2954,ts-execute,10.236,ts-price,8.916,ts-seat,5.2947,ts-notification,4.375,ts-assurance,2.07,ts-ticketinfo,1.038,ts-auth,0.69,ts-order,0.0086
75, -- ,ts-user,557.67,ts-price,518.1817,ts-food-map,135.107,ts-notification,74.2533,ts-security,60.1697,ts-auth,59.7967,ts-config,46.0,ts-train,36.0383,ts-cancel,35.94,ts-seat,33.0094,ts-admin-order,27.1968,ts-inside-payment,15.42,ts-travel,8.93,ts-food,3.29,ts-consign,2.64,ts-route,0.7033,ts-execute,0.27
76, -- ,ts-security,239.71,ts-price,191.8623,ts-contacts,107.68,ts-assurance,100.6267,ts-travel,89.5357,ts-user,88.39,ts-auth,63.9373,ts-food-map,51.3295,ts-config,46.0,ts-route,40.4308,ts-food,27.8467,ts-train,23.8972,ts-seat,20.4825,ts-inside-payment,19.11,ts-preserve,12.9387,ts-ticketinfo,12.188,ts-admin-order,3.5666,ts-station,2.65,ts-payment,1.12,ts-execute,0.45,ts-notification,0.23
77, -- ,ts-price,1019.9808,ts-security,86.2982,ts-seat,81.6971,ts-contacts,75.96,ts-config,75.4923,ts-travel,49.8101,ts-food-map,25.202,ts-payment,15.05,ts-food,13.43,ts-route,8.8516,ts-train,8.653,ts-preserve,5.59,ts-execute,1.7,ts-order,1.69,ts-assurance,0.8333
78, -- ,ts-price,2193.0072,ts-food-map,282.4455,ts-execute,47.2016,ts-config,46.0,ts-travel,42.9126,ts-inside-payment,42.79,ts-seat,41.2392,ts-security,39.2749,ts-admin-order,30.5943,ts-route,16.565,ts-payment,7.885,ts-train,5.1642,ts-ticketinfo,4.212,ts-station,4.18,ts-food,3.91,ts-preserve,1.645,ts-user,1.59,ts-basic,0.1075
79, -- ,ts-security,87.3286,ts-travel,84.5107,ts-config,56.9399,ts-price,44.3487,ts-order,43.9543,ts-seat,36.3096,ts-train,15.9485,ts-inside-payment,14.76,ts-execute,13.0914,ts-payment,11.52,ts-user,8.04,ts-station,5.6979,ts-route,2.81,ts-food,2.44,ts-contacts,1.2,ts-admin-basic-info,0.24
80, -- ,ts-food-map,77.749,ts-seat,71.7143,ts-config,48.2395,ts-security,38.5331,ts-train,17.6679,ts-execute,7.066,ts-station,3.615,ts-inside-payment,1.7,ts-price,1.3823,ts-basic,1.092,ts-travel,0.9652,ts-contacts,0.69,ts-route,0.355,ts-notification,0.095
81, -- ,ts-seat,118.836,ts-security,88.6858,ts-travel,54.5819,ts-config,46.0,ts-food-map,27.579,ts-food,26.165,ts-price,18.3523,ts-train,14.5442,ts-route,11.5267,ts-auth,11.0775,ts-station,5.2344,ts-notification,1.5533,ts-contacts,0.81,ts-basic,0.31,ts-preserve,0.09,ts-payment,0.04,ts-user,0.04
82, -- ,ts-security,295.8168,ts-seat,210.318,ts-price,194.7227,ts-travel,188.4262,ts-config,52.4158,ts-preserve,29.85,ts-food-map,25.1285,ts-execute,20.5623,ts-user,20.1667,ts-route,15.8966,ts-notification,13.5882,ts-inside-payment,9.0242,ts-auth,8.4675,ts-food,2.87,ts-train,1.91,ts-basic,0.92
83, -- ,ts-price,460.7125,ts-food,228.95,ts-security,152.7625,ts-travel,68.4918,ts-config,48.405,ts-route,30.4211,ts-preserve,29.18,ts-order,21.5657,ts-notification,10.9233,ts-train,7.6912,ts-execute,3.6925,ts-auth,0.8567,ts-assurance,0.14
84, -- ,ts-consign,411.0,ts-notification,194.6915,ts-security,165.7224,ts-food-map,117.392,ts-seat,90.4922,ts-food,75.8,ts-config,47.225,ts-travel,32.9581,ts-train,28.709,ts-execute,26.236,ts-auth,4.83,ts-contacts,4.6567,ts-route,4.6042,ts-preserve,2.64,ts-station,1.4603,ts-payment,0.25,ts-assurance,0.14
85, -- ,ts-travel,235.7066,ts-contacts,127.35,ts-consign,73.58,ts-security,70.9724,ts-seat,67.2123,ts-auth,66.86,ts-config,46.0,ts-food-map,31.0735,ts-order,30.7457,ts-train,21.6096,ts-payment,17.6125,ts-food,9.485,ts-notification,8.6833,ts-inside-payment,8.0175,ts-execute,3.42,ts-preserve,2.64,ts-station,1.855,ts-user,0.7767
86, -- ,ts-inside-payment,387.8317,ts-travel,134.956,ts-seat,115.0492,ts-config,77.6473,ts-auth,66.42,ts-security,33.8732,ts-route,25.3246,ts-food-map,23.4755,ts-price,17.6795,ts-notification,10.9083,ts-admin-route,10.5862,ts-execute,8.53,ts-order,3.4957,ts-station,2.4762,ts-ticketinfo,2.15,ts-user,1.3873,ts-train,1.3082,ts-contacts,0.96,ts-admin-order,0.84,ts-basic,0.6775,ts-admin-basic-info,0.4812
87, -- ,ts-auth,226.4187,ts-execute,159.98,ts-inside-payment,157.8775,ts-seat,85.9074,ts-security,78.5464,ts-config,68.6349,ts-food-map,57.2895,ts-contacts,44.88,ts-travel,35.4145,ts-verification-code,30.21,ts-cancel,15.72,ts-route,9.8333,ts-admin-route,9.625,ts-train,7.5016,ts-notification,6.8433,ts-admin-travel,6.51,ts-delivery,3.9067,ts-ticketinfo,2.626,ts-preserve,2.05,ts-admin-basic-info,1.4425,ts-user,1.3873,ts-assurance,0.09
88, -- ,ts-inside-payment,503.1075,ts-auth,220.9433,ts-security,211.15,ts-food-map,124.901,ts-seat,103.933,ts-user,97.91,ts-config,93.7573,ts-travel,85.4667,ts-contacts,61.71,ts-food,54.33,ts-payment,14.015,ts-preserve,9.605,ts-admin-travel,6.51,ts-consign,5.89,ts-train,5.81,ts-assurance,3.06,ts-execute,2.21,ts-notification,0.5433
89, -- ,ts-inside-payment,787.5575,ts-contacts,603.72,ts-preserve,182.476,ts-security,107.7274,ts-train,68.8555,ts-seat,62.6951,ts-execute,47.1279,ts-config,46.0,ts-food-map,35.28,ts-notification,29.9233,ts-route,9.845,ts-food,9.815,ts-station,7.256,ts-payment,5.52,ts-travel,5.1434,ts-consign,0.72,ts-ui,0.35
90, -- ,ts-inside-payment,763.2125,ts-preserve,180.92,ts-notification,85.89,ts-food-map,62.276,ts-config,46.445,ts-security,43.765,ts-travel,36.3756,ts-seat,31.6194,ts-payment,27.3025,ts-contacts,22.6567,ts-admin-basic-info,16.0212,ts-food,15.525,ts-train,12.0717,ts-execute,10.1616,ts-cancel,5.85,ts-user,2.86,ts-ticketinfo,1.038,ts-route,1.015
91, -- ,ts-notification,282.7621,ts-inside-payment,124.7062,ts-contacts,106.18,ts-security,95.97,ts-travel,77.3552,ts-config,47.4368,ts-food-map,35.322,ts-seat,34.562,ts-train,28.6283,ts-payment,16.96,ts-auth,6.8718,ts-station,6.6317,ts-execute,5.1116,ts-order,0.7286,ts-admin-basic-info,0.7212,ts-preserve,0.4867
92, -- ,ts-config,50.6946,ts-security,40.0958,ts-train,31.205,ts-seat,29.9933,ts-inside-payment,26.97,ts-price,26.287,ts-preserve,21.54,ts-execute,17.5025,ts-travel,17.0115,ts-contacts,10.7,ts-auth,8.8033,ts-cancel,5.43,ts-station,0.6933,ts-admin-order,0.3862,ts-route,0.335,ts-avatar,0.17,ts-notification,0.12
93, -- ,ts-seat,98.3231,ts-food-map,66.0185,ts-config,47.6999,ts-route,43.8965,ts-security,43.2083,ts-preserve,21.14,ts-travel,15.4772,ts-price,14.118,ts-auth,8.5833,ts-execute,7.065,ts-basic,5.562,ts-ticketinfo,4.2851,ts-train,3.169,ts-assurance,2.9433,ts-inside-payment,2.29,ts-order,0.9942,ts-food,0.8175,ts-notification,0.23,ts-cancel,0.21
94, -- ,ts-order,268.9375,ts-inside-payment,196.245,ts-travel,113.5377,ts-security,89.6925,ts-seat,86.0555,ts-route,84.9988,ts-config,46.0,ts-execute,25.0475,ts-price,22.199,ts-notification,14.0482,ts-admin-order,12.222,ts-cancel,10.2,ts-contacts,6.9633,ts-delivery,6.365,ts-assurance,3.31,ts-basic,2.768,ts-food-map,2.56,ts-food,2.06,ts-train,1.98,ts-ticketinfo,0.4527
95, -- ,ts-inside-payment,337.04,ts-food-map,305.664,ts-security,59.5308,ts-config,47.185,ts-seat,42.6669,ts-travel,33.8408,ts-admin-order,11.2825,ts-execute,11.0166,ts-food,10.2183,ts-payment,9.555,ts-ticketinfo,9.134,ts-price,6.0867,ts-station,4.89,ts-preserve,4.6517,ts-train,2.91,ts-contacts,2.07,ts-basic,0.0275
96, -- ,ts-inside-payment,458.9,ts-seat,103.8172,ts-config,78.9853,ts-travel,76.2678,ts-auth,40.59,ts-security,27.845,ts-notification,21.0083,ts-execute,17.885,ts-admin-order,16.2215,ts-food-map,12.119,ts-assurance,11.8033,ts-price,3.55,ts-payment,3.545,ts-route,2.9167,ts-train,2.5973,ts-rebook,2.39,ts-food,1.418,ts-ticketinfo,0.562
97, -- ,ts-security,211.6125,ts-travel,189.779,ts-config,63.5075,ts-auth,41.4733,ts-inside-payment,35.12,ts-route,20.211,ts-assurance,9.8067,ts-food-map,6.09,ts-preserve,2.815,ts-ticketinfo,2.466,ts-price,2.2833,ts-execute,1.9575,ts-train,0.91,ts-food,0.8725,ts-notification,0.69,ts-basic,0.422,ts-delivery,0.38,ts-station,0.2225
98, -- ,ts-security,168.1173,ts-price,112.78,ts-food-map,97.1065,ts-seat,58.0648,ts-config,48.9283,ts-user,30.84,ts-inside-payment,23.259,ts-route,22.07,ts-food,15.49,ts-execute,14.9936,ts-train,9.3148,ts-travel,8.0737,ts-ticketinfo,5.8,ts-order,5.3404,ts-basic,1.428,ts-station,0.935
99, -- ,ts-security,195.8776,ts-config,61.6856,ts-execute,40.195,ts-admin-order,35.203,ts-route,24.7867,ts-inside-payment,22.47,ts-travel,14.1836,ts-food-map,13.485,ts-food,12.075,ts-user,9.78,ts-ticketinfo,5.166,ts-contacts,5.12,ts-notification,2.215,ts-seat,1.9454,ts-train,1.91,ts-auth,0.4167,ts-consign,0.2,ts-payment,0.15
100, -- ,ts-seat,80.2545,ts-config,65.5552,ts-travel,48.3848,ts-contacts,41.33,ts-route,38.459,ts-food-map,33.8575,ts-notification,18.1015,ts-execute,16.8125,ts-security,11.62,ts-admin-order,10.096,ts-inside-payment,6.95,ts-station,4.0167,ts-food,2.7067,ts-order,2.0771,ts-train,1.9767,ts-basic,1.874,ts-consign,1.64,ts-ticketinfo,0.244
101, -- ,ts-execute,258.1983,ts-station,120.4044,ts-seat,104.3865,ts-travel,73.5186,ts-security,69.6,ts-config,65.762,ts-inside-payment,57.8475,ts-contacts,48.1367,ts-consign,46.29,ts-notification,43.5099,ts-user,35.79,ts-payment,32.3491,ts-food-map,23.4175,ts-delivery,15.5275,ts-admin-order,14.456,ts-food,8.63,ts-ticketinfo,6.8258,ts-basic,5.562,ts-train,4.0889,ts-auth,1.6438,ts-assurance,0.3833,ts-avatar,0.17,ts-route,0.01
102, -- ,ts-security,121.925,ts-seat,85.106,ts-config,46.445,ts-food,27.46,ts-user,23.95,ts-preserve,20.75,ts-travel,10.2983,ts-inside-payment,9.6517,ts-train,8.594,ts-payment,3.055,ts-execute,1.5,ts-notification,0.69,ts-assurance,0.3233,ts-ticketinfo,0.2455,ts-auth,0.1171,ts-route,0.0567
103, -- ,ts-food-map,232.7105,ts-security,72.7731,ts-travel,52.8431,ts-config,46.0,ts-seat,36.2007,ts-preserve,18.86,ts-assurance,14.1,ts-price,9.3326,ts-payment,3.9633,ts-execute,3.3929,ts-contacts,2.68,ts-station,2.6423,ts-notification,2.05,ts-train,1.91,ts-ticketinfo,0.244,ts-route,0.2433,ts-basic,0.2375
104, -- ,ts-security,132.8532,ts-seat,79.2556,ts-food-map,67.7005,ts-config,46.0,ts-travel,34.5319,ts-user,15.4267,ts-delivery,10.36,ts-execute,2.7825,ts-ticketinfo,2.626,ts-admin-order,2.0957,ts-station,1.709,ts-contacts,0.9,ts-route,0.23
105, -- ,ts-contacts,81.39,ts-security,48.7292,ts-seat,47.761,ts-config,46.0,ts-food-map,41.0205,ts-travel,34.4611,ts-food,5.4433,ts-consign,4.98,ts-execute,3.2392,ts-news,2.89,ts-train,2.8656,ts-delivery,1.935,ts-ticketinfo,1.674,ts-notification,1.24
106, -- ,ts-food-map,276.6745,ts-contacts,115.21,ts-order,82.0114,ts-security,49.4574,ts-config,46.0,ts-assurance,29.91,ts-admin-order,11.5351,ts-admin-route,8.6637,ts-train,8.005,ts-cancel,7.71,ts-auth,3.6326,ts-seat,3.5589,ts-food,1.1325,ts-execute,1.06,ts-admin-user,0.72,ts-consign,0.48
107, -- ,ts-security,76.54,ts-config,46.0,ts-auth,38.3833,ts-food-map,18.009,ts-inside-payment,12.575,ts-execute,9.1525,ts-admin-route,8.6637,ts-seat,3.7183,ts-train,2.52,ts-ticketinfo,2.308,ts-order,1.47,ts-basic,1.316,ts-contacts,0.9,ts-food,0.6775,ts-notification,0.36,ts-preserve,0.345,ts-admin-basic-info,0.24
108, -- ,ts-travel,472.2985,ts-preserve,263.85,ts-contacts,123.39,ts-price,101.724,ts-security,53.215,ts-config,46.0,ts-auth,37.06,ts-seat,23.1632,ts-inside-payment,17.33,ts-notification,13.0732,ts-admin-order,9.988,ts-station,2.4303,ts-admin-route,2.1725,ts-route,2.1092,ts-food-map,1.682,ts-train,1.4933,ts-execute,0.6,ts-admin-travel,0.5212,ts-admin-basic-info,0.24
109, -- ,ts-food-map,466.004,ts-travel,263.4266,ts-preserve,211.76,ts-seat,121.2239,ts-security,49.5133,ts-config,47.8027,ts-contacts,36.6,ts-route,33.3075,ts-consign,20.64,ts-train,9.6529,ts-admin-order,9.006,ts-payment,8.89,ts-notification,5.9033,ts-price,1.6443,ts-admin-route,1.2112,ts-auth,1.1225,ts-admin-travel,1.0412,ts-ticketinfo,0.88,ts-basic,0.24,ts-order,0.116,ts-user,0.04
110, -- ,ts-food-map,87.33,ts-security,50.645,ts-travel,49.3991,ts-seat,48.7881,ts-config,46.405,ts-execute,29.5621,ts-train,17.3203,ts-station,3.5662,ts-food,2.7,ts-price,1.96,ts-basic,1.8293,ts-delivery,1.1733,ts-notification,0.36
111, -- ,ts-travel,168.3941,ts-inside-payment,149.6458,ts-seat,139.3467,ts-order,74.9721,ts-security,66.4198,ts-route,46.1683,ts-config,46.0,ts-food-map,39.73,ts-contacts,16.295,ts-notification,7.7283,ts-station,6.8617,ts-assurance,5.52,ts-ticketinfo,4.372,ts-execute,4.3175,ts-payment,2.3225,ts-admin-travel,1.3025,ts-food,0.98,ts-train,0.91
112, -- ,ts-security,175.895,ts-user,83.4167,ts-food-map,83.0015,ts-config,46.075,ts-notification,39.7049,ts-food,25.45,ts-inside-payment,23.6275,ts-preserve,22.08,ts-travel,15.8586,ts-execute,12.3571,ts-route,5.52,ts-auth,5.1117,ts-station,3.556,ts-ticketinfo,3.26,ts-train,1.91,ts-admin-travel,1.3025,ts-admin-user,0.55,ts-payment,0.125
113, -- ,ts-security,156.9703,ts-seat,78.2851,ts-inside-payment,56.6158,ts-config,46.0,ts-preserve,39.38,ts-execute,19.878,ts-food-map,10.7675,ts-admin-order,6.7918,ts-consign,5.0929,ts-food,5.03,ts-payment,5.03,ts-travel,4.8474,ts-price,4.77,ts-train,2.6867,ts-route,2.03,ts-station,1.8467,ts-ticketinfo,1.674,ts-basic,0.534,ts-order,0.2,ts-avatar,0.17
114, -- ,ts-admin-order,258.6851,ts-food-map,161.762,ts-food,98.3492,ts-security,98.3075,ts-auth,80.8875,ts-cancel,68.01,ts-seat,65.1532,ts-inside-payment,51.1692,ts-config,46.0,ts-notification,24.4067,ts-execute,23.7975,ts-order,16.9586,ts-travel,9.775,ts-consign,7.8229,ts-preserve,6.91,ts-user,4.58,ts-payment,3.98,ts-basic,1.316,ts-train,1.0,ts-preserve-other,0.26,ts-contacts,0.01
115, -- ,ts-order,112.425,ts-security,104.6423,ts-admin-user,52.08,ts-config,46.0,ts-admin-route,26.3525,ts-cancel,25.95,ts-consign,23.16,ts-travel,22.7969,ts-execute,21.4517,ts-admin-basic-info,16.3225,ts-seat,3.5558,ts-food-map,3.19,ts-notification,3.1733,ts-auth,2.18,ts-verification-code,1.5,ts-train,0.91,ts-inside-payment,0.555
116, -- ,ts-auth,270.1733,ts-station,101.5103,ts-seat,81.967,ts-contacts,65.11,ts-food-map,54.1935,ts-order,52.54,ts-assurance,49.44,ts-security,47.5608,ts-config,46.0,ts-consign,38.76,ts-route,32.04,ts-notification,25.0967,ts-travel,17.1526,ts-admin-order,14.674,ts-inside-payment,8.3542,ts-food,8.1633,ts-payment,7.3804,ts-verification-code,3.84,ts-admin-route,3.375,ts-rebook,2.71,ts-execute,2.0175,ts-admin-basic-info,1.9225,ts-train,1.91,ts-ticketinfo,1.038,ts-price,0.8333
117, -- ,ts-auth,287.1127,ts-travel,179.0185,ts-train,118.4061,ts-food-map,89.971,ts-security,78.1359,ts-config,46.0,ts-seat,44.7388,ts-station,30.2569,ts-food,25.68,ts-order,16.815,ts-admin-order,15.546,ts-notification,13.3232,ts-route,9.1848,ts-rebook,1.985,ts-execute,1.81,ts-contacts,1.57,ts-admin-user,1.375,ts-ticketinfo,1.038,ts-payment,0.125
118, -- ,ts-auth,520.676,ts-route,258.0,ts-food-map,203.348,ts-food,113.2417,ts-seat,105.288,ts-execute,86.3545,ts-config,46.0,ts-train,45.0916,ts-security,34.6708,ts-notification,25.6933,ts-user,15.8167,ts-travel,15.7122,ts-preserve-other,1.05,ts-price,0.9633,ts-basic,0.1653,ts-station,0.1125
119, -- ,ts-travel,138.0468,ts-seat,109.5248,ts-train,52.9121,ts-ticket-office,48.99,ts-config,46.075,ts-security,41.3799,ts-route,27.039,ts-food,20.54,ts-food-map,16.3415,ts-notification,4.9183,ts-price,3.84,ts-payment,2.5345,ts-execute,2.476,ts-contacts,1.86,ts-station,1.8357,ts-basic,0.088
120, -- ,ts-travel,128.9795,ts-food-map,64.467,ts-seat,51.6871,ts-ticket-office,48.99,ts-payment,48.755,ts-config,46.0,ts-notification,45.415,ts-security,42.7016,ts-train,11.0152,ts-station,9.5562,ts-consign,6.87,ts-route,4.83,ts-user,3.9,ts-ticketinfo,1.514,ts-preserve,0.876,ts-admin-order,0.6725,ts-execute,0.124,ts-basic,0.088
121, -- ,ts-basic,14264.526,ts-seat,118.3445,ts-contacts,66.905,ts-config,46.0,ts-payment,45.3433,ts-inside-payment,37.5258,ts-security,36.3231,ts-preserve,29.45,ts-travel,24.6985,ts-train,18.5701,ts-execute,15.4125,ts-notification,4.7483,ts-price,4.3117,ts-ticketinfo,2.5512,ts-delivery,0.325,ts-food-map,0.0435
122, -- ,ts-basic,14091.7235,ts-security,89.6595,ts-food-map,74.878,ts-seat,58.2527,ts-config,46.0,ts-execute,42.2368,ts-train,38.1276,ts-preserve,29.99,ts-travel,21.7898,ts-admin-order,18.5561,ts-food,9.6,ts-ticketinfo,2.308,ts-station,1.8487,ts-assurance,1.41,ts-price,0.6517,ts-payment,0.2225
123, -- ,ts-basic,14967.1372,ts-security,60.9583,ts-config,46.0,ts-travel,39.7536,ts-seat,16.5284,ts-admin-order,16.526,ts-user,13.08,ts-train,10.9657,ts-order,5.6302,ts-inside-payment,3.5825,ts-execute,2.8767,ts-contacts,1.6767,ts-route,0.8033
124, -- ,ts-basic,14934.242,ts-food-map,81.635,ts-config,46.0,ts-travel,44.645,ts-contacts,41.69,ts-seat,32.0177,ts-security,26.93,ts-station,10.8545,ts-food,6.03,ts-train,1.91,ts-notification,1.355,ts-price,1.06,ts-admin-order,0.396,ts-execute,0.09,ts-route,0.01
125, -- ,ts-basic,15773.832,ts-contacts,87.85,ts-food-map,70.3975,ts-payment,70.285,ts-seat,58.9905,ts-config,46.405,ts-execute,22.92,ts-security,22.1525,ts-travel,14.2538,ts-user,9.35,ts-delivery,7.86,ts-food,3.9033,ts-station,2.042,ts-order,1.7483,ts-inside-payment,1.6342,ts-cancel,1.59,ts-price,1.5583
126, -- ,ts-basic,15779.642,ts-food-map,163.6325,ts-security,69.1075,ts-food,53.4133,ts-travel,48.4493,ts-config,46.0,ts-seat,42.9787,ts-execute,27.0675,ts-notification,22.4883,ts-preserve,15.926,ts-delivery,12.425,ts-station,10.231,ts-user,9.68,ts-payment,3.915,ts-ticketinfo,2.15,ts-train,1.91,ts-route,1.1383,ts-price,0.29
127, -- ,ts-basic,16620.5872,ts-security,112.0349,ts-food-map,108.5325,ts-order,84.9064,ts-config,46.466,ts-travel,44.797,ts-seat,37.426,ts-execute,14.7246,ts-train,12.13,ts-consign,10.92,ts-food,9.76,ts-admin-order,7.7636,ts-ticketinfo,4.054,ts-payment,2.8133,ts-delivery,2.48,ts-notification,1.335,ts-station,1.3193
128, -- ,ts-basic,16620.638,ts-admin-user,270.0,ts-security,119.3125,ts-food-map,76.651,ts-seat,72.0891,ts-config,55.7729,ts-contacts,44.4733,ts-notification,37.4799,ts-user,22.42,ts-train,13.9973,ts-auth,7.26,ts-travel,7.0075,ts-delivery,6.26,ts-food,1.255,ts-execute,0.93,ts-order,0.58,ts-admin-order,0.4441,ts-station,0.182
129, -- ,ts-basic,17462.462,ts-security,110.105,ts-travel,98.2363,ts-notification,58.2333,ts-seat,55.0537,ts-config,48.898,ts-food-map,46.1325,ts-contacts,16.6967,ts-food,14.3233,ts-execute,11.816,ts-station,8.7316,ts-train,1.6939,ts-route,1.5067,ts-admin-order,0.396,ts-order,0.0583
130, -- ,ts-basic,17458.44,ts-seat,107.5816,ts-food-map,73.6095,ts-travel,71.2167,ts-config,46.0,ts-payment,36.3275,ts-execute,35.3458,ts-food,21.325,ts-user,14.4,ts-security,14.065,ts-auth,13.5483,ts-train,9.2354,ts-contacts,9.1633,ts-notification,6.725,ts-route,4.9183,ts-station,2.0075,ts-order,0.1167
131, -- ,ts-basic,18298.744,ts-security,310.3376,ts-admin-order,84.7123,ts-food-map,77.7055,ts-travel,62.4288,ts-config,47.625,ts-seat,47.3979,ts-train,34.1567,ts-preserve,25.16,ts-inside-payment,18.6667,ts-route,17.8833,ts-assurance,14.46,ts-food,14.145,ts-execute,6.6767,ts-station,5.3362,ts-payment,1.92,ts-ticketinfo,1.832,ts-notification,0.3733
132, -- ,ts-basic,18297.626,ts-security,143.6999,ts-station,115.8828,ts-config,75.175,ts-seat,47.2167,ts-travel,44.4253,ts-train,34.0967,ts-preserve,23.95,ts-admin-order,15.546,ts-execute,14.5828,ts-payment,6.6858,ts-order,6.5357,ts-food-map,5.916,ts-auth,3.7267,ts-delivery,2.16,ts-food,1.34,ts-ticketinfo,1.196,ts-notification,0.975
133, -- ,ts-basic,19138.132,ts-food-map,456.528,ts-seat,246.9931,ts-notification,200.7933,ts-security,144.0792,ts-train,93.1774,ts-travel,48.8895,ts-config,46.0,ts-station,8.12,ts-contacts,4.91,ts-auth,2.6233,ts-order,1.512,ts-execute,1.34,ts-payment,0.885,ts-route,0.01
134, -- ,ts-basic,19140.924,ts-food-map,232.6725,ts-seat,193.2359,ts-security,147.7233,ts-travel,135.7845,ts-price,53.1196,ts-config,52.4435,ts-execute,32.6397,ts-order,26.4257,ts-route,21.9063,ts-notification,14.6233,ts-payment,8.6124,ts-station,4.6533,ts-food,3.02
135, -- ,ts-basic,19976.686,ts-food-map,227.389,ts-security,116.0844,ts-order,112.485,ts-seat,77.1924,ts-config,48.9319,ts-food,35.585,ts-execute,27.3679,ts-payment,19.8478,ts-route,9.8083,ts-auth,3.5493,ts-contacts,3.4325,ts-train,1.91,ts-price,1.5583,ts-station,1.0273,ts-travel,0.9767,ts-admin-order,0.7425
136, -- ,ts-basic,19974.472,ts-train,219.1186,ts-food-map,142.4625,ts-admin-user,73.92,ts-seat,64.0522,ts-config,46.0,ts-security,44.25,ts-travel,32.6598,ts-payment,18.685,ts-price,17.9694,ts-execute,15.81,ts-food,13.032,ts-user,9.3267,ts-route,8.76,ts-station,5.6117,ts-auth,0.233
137, -- ,ts-basic,20823.002,ts-travel,77.9452,ts-seat,74.4014,ts-auth,50.9797,ts-config,46.0,ts-order,35.325,ts-security,30.9725,ts-notification,25.5167,ts-user,11.9967,ts-food-map,10.5465,ts-payment,7.965,ts-train,7.37,ts-food,7.17,ts-preserve,3.19,ts-route,2.4833,ts-price,2.4633,ts-station,2.1425,ts-execute,0.48
138, -- ,ts-basic,20822.666,ts-security,118.0888,ts-seat,106.3191,ts-food-map,85.55,ts-order,78.3,ts-auth,75.8629,ts-travel,52.7289,ts-config,46.0,ts-food,8.63,ts-execute,6.72,ts-station,4.2425,ts-train,3.6667,ts-route,3.3508,ts-price,1.3767,ts-preserve,1.2433,ts-admin-order,0.9687,ts-ticketinfo,0.88,ts-consign,0.2,ts-avatar,0.17,ts-assurance,0.08
139, -- ,ts-basic,21674.1364,ts-food-map,122.931,ts-travel,75.3072,ts-seat,72.2304,ts-config,50.0983,ts-security,45.8625,ts-inside-payment,39.0,ts-contacts,34.59,ts-auth,17.9856,ts-train,17.2143,ts-station,15.017,ts-route,14.2758,ts-execute,6.1267,ts-ticketinfo,5.2315,ts-food,1.4517,ts-consign,0.2,ts-user,0.12,ts-assurance,0.0167
140, -- ,ts-basic,21669.547,ts-travel,223.8842,ts-security,157.4825,ts-seat,124.5191,ts-config,56.9097,ts-preserve,38.3,ts-user,37.9667,ts-food,30.4117,ts-food-map,11.7595,ts-train,5.7233,ts-route,5.221,ts-execute,4.25,ts-preserve-other,2.7,ts-station,0.52,ts-price,0.4717,ts-auth,0.2475
141, -- ,ts-basic,22506.604,ts-admin-user,270.0,ts-travel,197.262,ts-security,167.5164,ts-seat,135.7568,ts-food-map,72.0795,ts-train,55.5639,ts-config,47.005,ts-preserve,36.55,ts-station,26.2435,ts-route,15.0387,ts-notification,13.4783,ts-execute,4.5,ts-ticketinfo,3.102,ts-auth,1.7733,ts-rebook,1.595
142, -- ,ts-basic,22499.006,ts-notification,70.5582,ts-food-map,67.541,ts-config,46.0,ts-seat,41.6155,ts-security,30.1875,ts-train,16.7725,ts-execute,11.0272,ts-station,6.5,ts-inside-payment,2.8942,ts-travel,1.2063
143, -- ,ts-basic,23348.934,ts-seat,112.4041,ts-train,72.1034,ts-config,47.239,ts-food-map,44.1815,ts-security,35.0166,ts-admin-order,16.2882,ts-food,13.3517,ts-inside-payment,7.3825,ts-delivery,5.68,ts-travel,3.4992,ts-execute,2.9125,ts-payment,2.2433,ts-user,1.38,ts-station,1.0696,ts-order,0.676
144, -- ,ts-basic,23356.2555,ts-food-map,120.441,ts-delivery,62.725,ts-security,56.1571,ts-config,46.0,ts-travel,36.9147,ts-execute,34.0958,ts-inside-payment,21.1642,ts-seat,18.2133,ts-cancel,10.44,ts-train,7.6513,ts-food,4.565,ts-station,3.4498,ts-auth,1.6894,ts-payment,0.7
145, -- ,ts-basic,24188.5491,ts-seat,336.6425,ts-security,64.18,ts-travel,63.6853,ts-config,46.0,ts-user,45.18,ts-execute,42.899,ts-route,42.3383,ts-delivery,17.255,ts-train,7.1991,ts-food-map,3.036,ts-payment,2.2433,ts-price,1.194,ts-contacts,1.17,ts-food,0.97,ts-admin-order,0.775,ts-order,0.4675,ts-station,0.312
146, -- ,ts-basic,24186.296,ts-security,104.745,ts-seat,96.6283,ts-food-map,56.3905,ts-config,49.3256,ts-contacts,34.75,ts-route,22.1375,ts-travel,19.6348,ts-execute,1.5225,ts-train,1.0,ts-auth,0.779,ts-station,0.4529,ts-notification,0.25
147, -- ,ts-basic,25046.296,ts-travel,76.6413,ts-payment,71.11,ts-seat,48.8243,ts-config,46.0,ts-contacts,43.04,ts-security,41.95,ts-route,32.967,ts-user,30.4333,ts-food-map,20.909,ts-price,8.32,ts-admin-order,5.4822,ts-train,5.053,ts-ticketinfo,5.006,ts-rebook,2.835,ts-auth,0.9,ts-delivery,0.815,ts-avatar,0.17,ts-execute,0.11
148, -- ,ts-basic,25046.589,ts-food-map,190.968,ts-payment,97.8466,ts-security,77.0797,ts-seat,76.4888,ts-config,46.0,ts-travel,44.755,ts-user,20.77,ts-train,19.1972,ts-preserve,18.9942,ts-inside-payment,14.0692,ts-execute,6.9866,ts-ticketinfo,5.482,ts-station,4.3317,ts-food,3.0317,ts-admin-basic-info,0.7212,ts-route,0.29
149, -- ,ts-basic,25878.1469,ts-cancel,138.99,ts-travel,55.5683,ts-config,46.0,ts-security,42.7875,ts-seat,42.6592,ts-user,39.23,ts-train,37.2827,ts-admin-order,33.7967,ts-food-map,18.97,ts-preserve-other,12.9925,ts-route,11.0485,ts-food,8.6,ts-station,4.1579,ts-notification,1.24,ts-admin-basic-info,0.7212,ts-delivery,0.62,ts-execute,0.4125,ts-contacts,0.23
150, -- ,ts-basic,25876.588,ts-preserve,104.25,ts-food-map,102.892,ts-seat,75.7563,ts-security,47.1375,ts-config,46.0,ts-food,22.6283,ts-delivery,16.74,ts-train,10.3487,ts-preserve-other,2.0837,ts-execute,1.31,ts-admin-travel,0.93,ts-contacts,0.23,ts-route,0.1967
151, -- ,ts-basic,26707.282,ts-security,689.8575,ts-food,107.52,ts-preserve,105.46,ts-user,72.9467,ts-config,51.4573,ts-seat,30.117,ts-verification-code,18.18,ts-travel,17.6355,ts-price,16.22,ts-contacts,4.46,ts-ticketinfo,4.3605,ts-station,2.1321,ts-inside-payment,1.5925,ts-route,1.2075,ts-payment,0.7325,ts-delivery,0.525,ts-auth,0.176
152, -- ,ts-basic,26705.606,ts-inside-payment,237.2858,ts-auth,85.1833,ts-notification,82.9799,ts-config,46.445,ts-user,45.1083,ts-security,43.2575,ts-food-map,38.222,ts-seat,19.998,ts-contacts,4.02,ts-travel,3.4947,ts-food,2.5867,ts-station,2.33,ts-train,1.9914,ts-route,1.03,ts-execute,0.73
153, -- ,ts-basic,27546.864,ts-inside-payment,733.17,ts-auth,92.1605,ts-seat,82.1045,ts-payment,71.5233,ts-config,46.0,ts-security,35.2025,ts-travel,33.1466,ts-train,24.7277,ts-contacts,17.4067,ts-execute,6.7875,ts-food-map,3.393,ts-ticketinfo,2.942,ts-order,1.5,ts-station,0.795,ts-food,0.5,ts-preserve,0.335
154, -- ,ts-basic,27546.194,ts-inside-payment,528.165,ts-cancel,190.74,ts-security,137.515,ts-route,74.1575,ts-config,46.0,ts-food-map,29.3625,ts-train,17.0108,ts-order,11.1006,ts-seat,5.397,ts-consign,4.32,ts-travel,3.4781,ts-food,3.0,ts-station,2.634,ts-admin-user,1.375,ts-admin-order,0.5068
155, -- ,ts-basic,28392.376,ts-seat,216.1645,ts-security,148.7241,ts-inside-payment,75.0286,ts-execute,66.7425,ts-food,51.58,ts-config,46.0,ts-travel,27.5145,ts-route,26.59,ts-train,17.658,ts-food-map,14.8335,ts-user,6.92,ts-admin-order,4.8406,ts-contacts,1.9967,ts-auth,0.839,ts-station,0.795,ts-cancel,0.44
156, -- ,ts-basic,28392.398,ts-seat,201.7311,ts-food-map,138.968,ts-execute,73.3621,ts-security,73.3232,ts-config,46.0,ts-travel,26.323,ts-food,23.5963,ts-price,8.825,ts-avatar,6.7,ts-user,4.58,ts-notification,4.375,ts-auth,3.992,ts-inside-payment,3.12,ts-route,2.0,ts-train,1.91,ts-preserve,1.568,ts-admin-order,0.5233
157, -- ,ts-basic,29234.802,ts-food-map,787.633,ts-config,46.0,ts-payment,40.8098,ts-inside-payment,30.88,ts-seat,18.6389,ts-security,16.905,ts-travel,14.7883,ts-consign,10.56,ts-food,6.0033,ts-price,3.3487,ts-auth,2.8433,ts-notification,2.3633,ts-execute,2.1915,ts-route,1.225
158, -- ,ts-basic,29233.38,ts-travel,225.4249,ts-seat,111.3959,ts-inside-payment,80.7873,ts-security,63.3791,ts-config,46.0,ts-contacts,44.67,ts-food,32.4317,ts-train,21.6919,ts-price,13.448,ts-auth,4.6748,ts-route,3.1883,ts-execute,2.285,ts-food-map,2.0155,ts-consign,1.3714,ts-station,0.7922,ts-ticketinfo,0.0327
159, -- ,ts-basic,30073.52,ts-order,136.95,ts-seat,113.3505,ts-security,52.3926,ts-inside-payment,51.59,ts-config,46.0,ts-food,33.9,ts-travel,32.0882,ts-train,17.4442,ts-auth,15.7101,ts-route,7.0922,ts-execute,2.2667,ts-ticketinfo,2.15,ts-preserve,1.755,ts-consign,1.4643,ts-payment,0.7325,ts-price,0.4717
160, -- ,ts-basic,30075.754,ts-order,2650.0871,ts-security,1535.5214,ts-seat,144.8862,ts-contacts,123.19,ts-preserve,103.43,ts-travel,71.4039,ts-food-map,51.272,ts-config,46.815,ts-execute,27.74,ts-user,20.28,ts-station,16.2062,ts-inside-payment,9.69,ts-train,4.352,ts-assurance,3.81,ts-payment,2.945,ts-route,1.4115,ts-ticketinfo,1.038,ts-notification,0.3733,ts-food,0.095
161, -- ,ts-basic,30911.0615,ts-order,3208.9129,ts-security,951.2807,ts-travel,137.6565,ts-seat,119.8388,ts-config,46.0,ts-inside-payment,44.1867,ts-payment,40.135,ts-admin-order,34.3695,ts-food,17.51,ts-food-map,16.1675,ts-train,13.9108,ts-ticketinfo,4.21,ts-notification,0.975,ts-execute,0.1133
162, -- ,ts-basic,30902.822,ts-order,510.3599,ts-config,46.0,ts-security,41.3608,ts-seat,34.0054,ts-food-map,23.5625,ts-train,16.2065,ts-food,8.74,ts-payment,6.5298,ts-inside-payment,3.0391,ts-station,2.3387,ts-execute,1.81,ts-route,1.015,ts-travel,0.47,ts-admin-order,0.2562
163, -- ,ts-basic,31750.732,ts-order,98.1024,ts-seat,94.4086,ts-user,84.4967,ts-auth,50.4892,ts-config,46.0,ts-travel,34.4005,ts-security,23.7316,ts-route,15.7085,ts-food-map,13.7685,ts-food,8.7833,ts-execute,3.474,ts-price,2.4633,ts-train,1.91
164, -- ,ts-basic,31759.67,ts-security,181.9102,ts-seat,59.7578,ts-travel,53.4854,ts-food-map,51.533,ts-auth,49.42,ts-config,46.0,ts-order,27.1311,ts-consign,21.3,ts-train,16.0619,ts-admin-order,15.0651,ts-assurance,14.25,ts-route,5.6775,ts-station,3.9202,ts-payment,3.8617,ts-notification,2.8383,ts-price,2.645,ts-food,1.99,ts-ticketinfo,1.674,ts-preserve,1.4725,ts-execute,0.52
165, -- ,ts-basic,32599.132,ts-order,187.3825,ts-security,77.6598,ts-seat,59.5458,ts-config,46.0,ts-user,43.3558,ts-execute,35.6667,ts-train,10.0933,ts-food-map,9.077,ts-travel,8.6455,ts-food,7.2542,ts-route,3.16,ts-station,2.5858,ts-payment,1.16,ts-notification,0.975
166, -- ,ts-basic,32597.016,ts-admin-user,253.375,ts-food-map,211.8595,ts-order,165.6625,ts-execute,87.8825,ts-security,57.085,ts-seat,53.7565,ts-travel,48.3139,ts-config,46.8044,ts-payment,14.73,ts-notification,14.25,ts-user,8.16,ts-assurance,5.2667,ts-station,1.9256,ts-train,1.91,ts-delivery,0.926,ts-route,0.3867,ts-preserve,0.3567,ts-admin-basic-info,0.24,ts-food,0.14
167, -- ,ts-basic,33443.22,ts-config,52.5325,ts-order,37.3496,ts-food-map,36.888,ts-security,27.1025,ts-seat,20.2274,ts-route,16.1213,ts-travel,15.8785,ts-ticketinfo,5.958,ts-train,1.91,ts-contacts,1.7133,ts-preserve,1.685,ts-food,1.47,ts-execute,1.3558,ts-assurance,1.0467,ts-station,0.9075,ts-delivery,0.848,ts-admin-basic-info,0.24
168, -- ,ts-basic,33443.556,ts-food-map,194.5045,ts-order,119.995,ts-seat,84.9078,ts-cancel,68.79,ts-config,46.0,ts-security,30.3175,ts-travel,24.4139,ts-admin-order,14.5736,ts-notification,14.5343,ts-payment,6.8108,ts-train,5.01,ts-station,4.8787,ts-preserve,2.944,ts-ticketinfo,2.784,ts-route,0.31,ts-execute,0.23,ts-price,0.092
169, -- ,ts-basic,34279.146,ts-security,197.4666,ts-travel,92.2478,ts-seat,80.3928,ts-notification,74.1643,ts-order,48.549,ts-config,46.0,ts-user,38.3333,ts-food-map,20.9355,ts-contacts,18.9,ts-price,12.1543,ts-inside-payment,7.5283,ts-food,6.09,ts-route,4.0605,ts-train,3.25,ts-execute,0.975
170, -- ,ts-basic,34279.034,ts-security,215.9406,ts-seat,83.8052,ts-travel,72.0542,ts-config,49.4281,ts-food-map,44.1525,ts-notification,25.45,ts-execute,5.7967,ts-train,5.3895,ts-consign,5.13,ts-route,5.0993,ts-user,3.8,ts-order,3.6019,ts-preserve,2.665,ts-food,1.595
171, -- ,ts-basic,35122.444,ts-execute,113.0561,ts-food-map,51.098,ts-config,48.4833,ts-cancel,47.16,ts-security,43.4233,ts-notification,37.4799,ts-seat,33.6393,ts-train,31.4046,ts-food,25.892,ts-payment,17.675,ts-travel,11.1207,ts-station,4.6277,ts-order,2.3186,ts-ticketinfo,1.514,ts-route,0.7675,ts-admin-basic-info,0.4812
172, -- ,ts-basic,35122.556,ts-food-map,290.3915,ts-user,136.585,ts-seat,87.2812,ts-contacts,56.36,ts-consign,49.65,ts-config,49.0617,ts-cancel,40.32,ts-security,36.71,ts-order,28.0089,ts-notification,24.4067,ts-route,18.2258,ts-travel,14.5605,ts-payment,9.6867,ts-food,4.55,ts-assurance,3.48,ts-train,1.5833,ts-inside-payment,1.5,ts-avatar,0.17,ts-station,0.1533
173, -- ,ts-basic,35957.22,ts-food-map,158.166,ts-security,88.1834,ts-user,56.6283,ts-contacts,55.47,ts-seat,51.1631,ts-travel,49.8112,ts-config,46.445,ts-notification,37.4799,ts-admin-order,20.1814,ts-station,10.0179,ts-train,6.5115,ts-payment,2.3683,ts-order,0.8086,ts-food,0.71,ts-execute,0.25
174, -- ,ts-basic,35952.76,ts-admin-user,270.0,ts-security,222.4378,ts-food-map,120.292,ts-travel,65.454,ts-config,46.0,ts-seat,45.614,ts-train,8.4769,ts-food,8.4,ts-route,4.7233,ts-station,4.058,ts-admin-order,3.9941,ts-preserve,2.8925,ts-execute,2.61,ts-order,2.3291,ts-payment,0.9665,ts-auth,0.4167,ts-inside-payment,0.3917
175, -- ,ts-basic,36801.31,ts-travel,141.2309,ts-station,128.5344,ts-seat,80.6202,ts-food-map,64.554,ts-config,46.1383,ts-admin-order,40.9361,ts-route,39.4443,ts-security,33.2623,ts-train,31.6203,ts-notification,24.4067,ts-inside-payment,22.5335,ts-contacts,15.78,ts-food,12.0467,ts-execute,6.5401,ts-payment,1.3
176, -- ,ts-basic,36803.992,ts-food-map,49.938,ts-security,49.6326,ts-seat,47.8878,ts-config,46.0,ts-travel,42.976,ts-payment,31.19,ts-train,3.7183,ts-order,1.591,ts-route,1.5266,ts-auth,0.33,ts-station,0.1533,ts-cancel,0.055
177, -- ,ts-basic,37637.308,ts-notification,216.7198,ts-travel,103.7893,ts-route,85.3867,ts-food-map,73.7975,ts-order,63.1925,ts-seat,55.4479,ts-config,46.0,ts-security,45.4398,ts-payment,32.3325,ts-food,15.8157,ts-train,1.9952,ts-preserve,1.1167,ts-execute,0.73
178, -- ,ts-basic,37636.748,ts-travel,379.0711,ts-food,204.064,ts-notification,80.9549,ts-security,64.6933,ts-config,46.0,ts-food-map,33.93,ts-seat,15.6887,ts-preserve,15.532,ts-train,10.0535,ts-admin-order,4.6329,ts-station,3.9565,ts-route,3.1325,ts-contacts,0.57
179, -- ,ts-basic,38485.278,ts-travel,208.6058,ts-seat,201.9374,ts-food-map,167.1125,ts-food,146.11,ts-security,72.3325,ts-cancel,72.06,ts-admin-order,68.7926,ts-config,46.0,ts-execute,19.9113,ts-train,6.5896,ts-admin-basic-info,3.6062,ts-station,2.8992,ts-payment,1.72,ts-consign,1.1333,ts-notification,0.975
180, -- ,ts-basic,38486.618,ts-seat,82.0646,ts-user,71.8217,ts-config,46.0,ts-food,24.05,ts-security,21.0875,ts-admin-order,19.11,ts-travel,17.4744,ts-notification,14.25,ts-route,7.4033,ts-auth,6.6846,ts-train,4.9483,ts-order,3.9642,ts-payment,2.8333,ts-execute,2.6125,ts-admin-basic-info,1.6825,ts-consign,1.1333,ts-contacts,0.9,ts-preserve,0.6033,ts-station,0.5223
181, -- ,ts-basic,39326.698,ts-admin-order,536.04,ts-travel,175.2084,ts-route,85.9967,ts-seat,71.4763,ts-food-map,54.1285,ts-security,53.6047,ts-config,46.07,ts-auth,8.5833,ts-station,5.3097,ts-execute,3.2675,ts-rebook,2.22,ts-train,1.91,ts-notification,1.09,ts-food,0.23
182, -- ,ts-basic,39328.262,ts-security,822.005,ts-travel,268.4597,ts-seat,101.7464,ts-route,72.1601,ts-config,60.9591,ts-food-map,44.225,ts-order,21.3,ts-notification,21.0083,ts-payment,17.4114,ts-auth,7.7,ts-station,6.0765,ts-train,2.7873,ts-food,2.0467,ts-execute,1.8
183, -- ,ts-basic,40166.9937,ts-security,457.535,ts-user,263.964,ts-food-map,128.1865,ts-travel,90.9033,ts-config,46.0,ts-seat,41.4226,ts-route,12.6233,ts-payment,10.7581,ts-notification,10.125,ts-inside-payment,7.9635,ts-train,5.0148,ts-auth,4.1667,ts-execute,3.2916,ts-station,2.1037,ts-admin-order,1.3593,ts-preserve,0.05
184, -- ,ts-basic,40164.156,ts-security,244.5298,ts-food-map,154.106,ts-price,88.992,ts-seat,54.8982,ts-station,48.6657,ts-config,46.0,ts-user,38.6867,ts-route,34.7503,ts-travel,10.0252,ts-notification,8.93,ts-food,6.2725,ts-auth,3.7267,ts-cancel,1.29,ts-train,1.0,ts-execute,0.6267
185, -- ,ts-basic,41007.82,ts-price,2125.9887,ts-security,102.4072,ts-seat,70.3988,ts-config,69.5293,ts-notification,61.62,ts-travel,54.7867,ts-food-map,51.359,ts-user,31.68,ts-food,27.0533,ts-route,13.014,ts-auth,6.9463,ts-train,2.4927,ts-inside-payment,0.544,ts-admin-order,0.4133,ts-execute,0.32,ts-preserve,0.235,ts-order,0.13
186, -- ,ts-basic,41010.592,ts-price,3697.6522,ts-travel,294.3994,ts-security,131.3175,ts-seat,130.1423,ts-food-map,79.46,ts-config,53.2858,ts-user,38.4133,ts-payment,31.3725,ts-train,12.9193,ts-food,10.61,ts-ticket-office,2.84,ts-auth,2.4033,ts-execute,1.72,ts-station,1.54,ts-ticketinfo,1.0075,ts-admin-basic-info,0.7212,ts-notification,0.3733,ts-route,0.325,ts-consign,0.2667
187, -- ,ts-basic,41852.044,ts-price,1193.9672,ts-travel,1129.3516,ts-seat,48.6576,ts-food-map,47.038,ts-config,46.0,ts-security,39.9249,ts-notification,29.6916,ts-ticket-office,11.95,ts-train,11.1364,ts-user,6.08,ts-food,5.41,ts-route,5.2032,ts-preserve-other,3.78,ts-delivery,1.6,ts-station,1.5238,ts-consign,1.0667,ts-execute,1.0567,ts-auth,0.6525,ts-order,0.3857
188, -- ,ts-basic,42312.225,ts-seat,158.4188,ts-config,104.3827,ts-travel,64.5784,ts-cancel,50.97,ts-security,45.4383,ts-food,39.34,ts-user,39.23,ts-food-map,33.814,ts-execute,30.914,ts-price,26.6575,ts-ticket-office,18.51,ts-consign,14.7667,ts-admin-order,10.4008,ts-route,7.1895,ts-train,3.7489,ts-delivery,1.5,ts-inside-payment,1.5,ts-payment,0.7325,ts-station,0.5606,ts-notification,0.3733
189, -- ,ts-basic,49722.3072,ts-travel,406.7222,ts-assurance,72.96,ts-config,46.0,ts-food,45.62,ts-security,39.1075,ts-user,38.4133,ts-contacts,36.19,ts-admin-user,30.06,ts-food-map,21.1375,ts-route,20.4482,ts-notification,14.6233,ts-inside-payment,8.9983,ts-train,6.2182,ts-station,6.0167,ts-seat,3.237,ts-admin-order,2.2483,ts-execute,1.88,ts-payment,1.6525,ts-consign,0.84,ts-auth,0.5533,ts-admin-route,0.25,ts-preserve-other,0.09
190, -- ,ts-basic,45713.441,ts-contacts,100.0333,ts-food,48.091,ts-config,46.0,ts-order,39.8314,ts-notification,39.7049,ts-food-map,37.186,ts-seat,27.1216,ts-security,21.0057,ts-admin-order,2.9641,ts-train,2.574,ts-execute,1.38,ts-travel,1.0867,ts-auth,0.5625,ts-assurance,0.4067
191, -- ,ts-basic,46233.4286,ts-seat,81.437,ts-config,58.5545,ts-travel,57.0136,ts-food-map,36.888,ts-price,35.62,ts-security,34.735,ts-contacts,29.58,ts-execute,15.5321,ts-station,5.0803,ts-notification,4.7483,ts-train,4.6037,ts-ui,3.784,ts-route,1.554,ts-admin-order,1.0458,ts-order,0.14,ts-payment,0.125
192, -- ,ts-basic,44018.3755,ts-seat,69.4337,ts-config,46.0,ts-security,39.0774,ts-food-map,25.201,ts-travel,19.6576,ts-price,17.0,ts-preserve,5.41,ts-cancel,5.37,ts-food,4.355,ts-station,3.8979,ts-train,2.4933,ts-admin-basic-info,1.2025,ts-execute,0.7767,ts-notification,0.3733
193, -- ,ts-basic,44660.1994,ts-avatar,580.5,ts-rebook,332.2275,ts-station,331.7389,ts-price,204.239,ts-user,200.47,ts-payment,128.11,ts-config,118.4821,ts-security,88.44,ts-food-map,86.5505,ts-admin-user,79.74,ts-notification,68.3683,ts-train,53.7441,ts-seat,29.8472,ts-food,14.93,ts-travel,14.5805,ts-contacts,6.5133,ts-preserve-other,5.7287,ts-preserve,5.0575,ts-execute,4.9566,ts-admin-basic-info,2.4037,ts-admin-route,0.7312
194, -- ,ts-basic,44986.3112,ts-station,1041.6811,ts-travel,135.12,ts-route,117.4042,ts-cancel,95.94,ts-food-map,95.3375,ts-seat,72.544,ts-security,63.2658,ts-config,46.0,ts-inside-payment,39.9408,ts-price,28.166,ts-train,22.9552,ts-food,9.67,ts-preserve-other,7.2912,ts-payment,6.345,ts-admin-order,5.0814,ts-notification,4.7483,ts-auth,2.6233,ts-user,2.41,ts-admin-travel,1.3025,ts-admin-route,1.2112,ts-execute,1.1667
195, -- ,ts-basic,44833.2141,ts-payment,1783.0295,ts-station,1006.2966,ts-user,680.8,ts-train,442.671,ts-rebook,244.665,ts-travel,131.6757,ts-seat,108.4178,ts-food-map,83.172,ts-admin-user,63.18,ts-config,49.14,ts-notification,34.1383,ts-security,28.595,ts-inside-payment,19.6125,ts-price,18.296,ts-execute,4.315,ts-auth,3.5067,ts-route,1.9875,ts-food,0.98,ts-ticketinfo,0.1992
196, -- ,ts-basic,45126.3074,ts-payment,10446.2925,ts-train,1123.5642,ts-station,794.0108,ts-contacts,117.27,ts-travel,95.4767,ts-price,65.5025,ts-security,59.0825,ts-food-map,55.6365,ts-seat,53.8487,ts-config,47.8983,ts-notification,37.4799,ts-food,27.8983,ts-user,18.16,ts-route,12.9668,ts-consign,2.28,ts-admin-order,0.6675,ts-execute,0.6267
197, -- ,ts-basic,10675.0807,ts-payment,4592.4783,ts-station,654.628,ts-train,530.7796,ts-security,244.4516,ts-consign,97.56,ts-contacts,82.4,ts-travel,80.5215,ts-config,46.0,ts-seat,41.4236,ts-food-map,13.7315,ts-preserve,4.2533,ts-execute,2.1225,ts-food,1.465,ts-admin-user,1.375,ts-inside-payment,0.9742,ts-notification,0.36
198, -- ,ts-basic,9766.9363,ts-payment,3437.7441,ts-station,565.1564,ts-train,495.6163,ts-food-map,191.98,ts-security,159.695,ts-config,63.583,ts-travel,36.016,ts-seat,27.8443,ts-user,11.364,ts-preserve,6.2233,ts-cancel,5.435,ts-preserve-other,2.25,ts-route,0.855,ts-food,0.645,ts-notification,0.3733,ts-contacts,0.23
199, -- ,ts-basic,48362.8546,ts-payment,3886.0441,ts-train,857.2943,ts-station,171.2349,ts-travel,121.8008,ts-seat,86.5064,ts-config,54.6579,ts-security,25.635,ts-notification,24.4067,ts-price,14.712,ts-auth,13.7321,ts-route,5.5293,ts-execute,4.6292,ts-consign,1.3714,ts-user,0.71
200, -- ,ts-basic,46904.6579,ts-payment,2118.5741,ts-food,204.205,ts-train,152.1521,ts-config,144.3692,ts-seat,90.3953,ts-food-map,73.1235,ts-travel,54.3666,ts-security,35.4483,ts-notification,24.4067,ts-station,20.8217,ts-contacts,12.69,ts-execute,5.7192,ts-price,4.897,ts-order,1.325,ts-preserve,0.36
201, -- ,ts-basic,48003.5497,ts-payment,2389.2283,ts-price,184.2875,ts-food,130.65,ts-travel,114.1943,ts-food-map,112.8535,ts-station,101.244,ts-seat,96.132,ts-admin-order,52.0365,ts-config,50.0183,ts-security,45.1764,ts-train,17.1036,ts-notification,14.0068,ts-inside-payment,8.78,ts-execute,4.8283,ts-auth,1.0698,ts-route,0.9525
202, -- ,ts-basic,47701.2092,ts-payment,1496.3175,ts-travel,598.7341,ts-station,345.841,ts-train,302.0115,ts-inside-payment,71.2467,ts-config,46.0,ts-seat,25.4832,ts-security,12.9133,ts-order,11.5575,ts-execute,10.666,ts-admin-order,5.7416,ts-route,0.87,ts-notification,0.4462
203, -- ,ts-basic,48513.4048,ts-payment,244.4225,ts-station,240.0314,ts-train,234.8357,ts-travel,78.6427,ts-delivery,61.8927,ts-config,46.0,ts-contacts,40.8233,ts-auth,39.7811,ts-security,38.7007,ts-food-map,29.261,ts-seat,12.5413,ts-ticket-office,10.155,ts-notification,7.2183,ts-food,4.7833,ts-preserve,0.816,ts-route,0.32
204, -- ,ts-basic,51540.4199,ts-train,1104.8421,ts-payment,827.8508,ts-config,102.2223,ts-travel,93.9913,ts-route,56.084,ts-food-map,41.0205,ts-seat,36.3382,ts-station,32.1813,ts-security,26.14,ts-notification,15.9115,ts-food,15.8182,ts-assurance,8.7,ts-voucher,2.92,ts-ticketinfo,2.4858,ts-preserve,0.63,ts-order,0.015
205, -- ,ts-basic,31756.3907,ts-train,1212.5714,ts-payment,559.6975,ts-user,536.56,ts-rebook,429.3025,ts-admin-user,253.155,ts-notification,220.92,ts-config,154.2166,ts-seat,115.0817,ts-travel,95.5316,ts-station,71.9893,ts-execute,64.5517,ts-security,41.4163,ts-route,7.2233,ts-ticketinfo,1.4595,ts-auth,1.3472
206, -- ,ts-basic,31396.1769,ts-user,2155.215,ts-admin-user,1801.32,ts-config,1143.76,ts-train,1123.0233,ts-rebook,695.2875,ts-station,135.5923,ts-travel,63.3283,ts-notification,53.0708,ts-payment,39.7333,ts-admin-order,27.1875,ts-route,13.4677,ts-seat,12.6097,ts-inside-payment,12.3542,ts-security,7.54,ts-food,6.045,ts-auth,3.3906,ts-preserve,1.605,ts-contacts,1.0133,ts-ticketinfo,0.244
207, -- ,ts-user,5366.4281,ts-admin-user,3930.42,ts-basic,3345.2655,ts-notification,2026.8008,ts-rebook,1183.1275,ts-config,1051.2469,ts-train,870.0236,ts-food-map,463.8495,ts-seat,212.1865,ts-station,163.8655,ts-travel,95.5816,ts-security,76.6275,ts-preserve,32.805,ts-order,25.1495,ts-ticketinfo,14.7662,ts-assurance,7.68,ts-payment,4.5433,ts-admin-order,2.424,ts-preserve-other,2.0837,ts-route,1.6067,ts-execute,0.975,ts-auth,0.963,ts-delivery,0.62
208, -- ,ts-user,3861.3706,ts-basic,3567.7244,ts-rebook,3435.75,ts-admin-user,2240.3325,ts-notification,1642.3625,ts-config,1076.2909,ts-train,814.1796,ts-travel,198.2708,ts-station,133.2749,ts-payment,115.3908,ts-food-map,108.605,ts-security,25.2975,ts-ticketinfo,10.72,ts-seat,7.638,ts-auth,6.3391,ts-food,5.8233,ts-ui,3.941,ts-preserve,3.76,ts-price,1.3767,ts-delivery,1.01,ts-admin-basic-info,0.7212,ts-preserve-other,0.26
209, -- ,ts-admin-user,5828.9125,ts-user,2990.2231,ts-rebook,2264.8225,ts-notification,1790.3875,ts-basic,1783.3239,ts-config,1042.9425,ts-train,876.2656,ts-travel,458.2856,ts-payment,309.2533,ts-station,168.986,ts-auth,97.1918,ts-security,19.8725,ts-route,13.7833,ts-order,5.906,ts-delivery,4.69,ts-admin-order,1.6812,ts-admin-route,1.2112,ts-price,1.015
210, -- ,ts-rebook,5622.7725,ts-admin-user,4832.0675,ts-basic,3400.409,ts-notification,2784.5808,ts-user,2305.6806,ts-config,834.2711,ts-train,371.4675,ts-station,248.3593,ts-travel,238.607,ts-auth,97.1266,ts-payment,88.1983,ts-food-map,55.912,ts-ui,33.36,ts-food,19.5933,ts-seat,18.5968,ts-security,17.2375,ts-preserve-other,5.64,ts-inside-payment,4.4433,ts-delivery,2.97,ts-execute,1.85,ts-price,1.015,ts-preserve,0.9,ts-admin-route,0.25
211, -- ,ts-user,3823.4281,ts-basic,2625.3771,ts-admin-user,2069.825,ts-rebook,1786.985,ts-config,1665.9627,ts-train,195.5687,ts-station,103.0447,ts-ui,48.4679,ts-notification,34.0833,ts-travel,21.2052,ts-payment,10.0633,ts-route,6.81,ts-order,6.4416,ts-admin-order,6.1983,ts-seat,2.0267,ts-auth,1.9468,ts-execute,1.4125,ts-security,0.9175
212, -- ,ts-basic,14395.5821,ts-auth,7696.3027,ts-user,3055.8106,ts-admin-user,1900.3675,ts-rebook,1374.1175,ts-notification,750.2908,ts-config,692.7971,ts-train,588.7929,ts-payment,400.165,ts-station,192.6871,ts-travel,25.691,ts-security,9.25,ts-order,7.0038,ts-route,1.1367,ts-ui,0.9087,ts-assurance,0.4433
213, -- ,ts-basic,9506.1808,ts-payment,5539.2266,ts-user,4756.7056,ts-admin-user,4547.835,ts-auth,3663.344,ts-rebook,1200.16,ts-notification,793.3083,ts-config,783.355,ts-train,639.5182,ts-station,563.8316,ts-travel,32.3122,ts-order,21.9248,ts-route,7.4875,ts-admin-order,2.4,ts-security,1.985,ts-price,1.01,ts-ui,0.4066
214, -- ,ts-admin-user,7837.81,ts-payment,5342.755,ts-auth,4495.9288,ts-user,4287.1356,ts-basic,3046.3642,ts-config,1214.6974,ts-train,810.9618,ts-rebook,694.5975,ts-station,429.6623,ts-notification,362.16,ts-travel,344.3825,ts-food-map,130.703,ts-security,82.4898,ts-route,60.5384,ts-food,8.0425,ts-inside-payment,5.2912,ts-admin-order,2.07,ts-ui,0.74
215, -- ,ts-user,3822.5381,ts-auth,3581.5499,ts-admin-user,3531.075,ts-payment,2989.585,ts-basic,2597.6532,ts-rebook,1696.34,ts-config,1125.6062,ts-notification,1070.785,ts-train,682.9976,ts-station,364.9367,ts-travel,234.9324,ts-security,15.3875,ts-inside-payment,5.2912,ts-ui,2.0332,ts-admin-basic-info,0.7212,ts-order,0.25,ts-assurance,0.1933
216, -- ,ts-admin-user,7048.6075,ts-basic,4334.3959,ts-user,1996.9606,ts-rebook,1530.89,ts-payment,1459.2925,ts-config,1212.3577,ts-train,542.8014,ts-notification,277.0425,ts-travel,228.6693,ts-station,214.9054,ts-auth,158.7845,ts-order,32.7509,ts-admin-order,31.4698,ts-ui,5.6473,ts-security,2.2025,ts-admin-basic-info,0.7212
217, -- ,ts-admin-user,15337.5,ts-basic,4879.015,ts-user,1952.9604,ts-rebook,1762.9125,ts-payment,1704.4491,ts-config,1231.7878,ts-notification,692.785,ts-station,409.8491,ts-train,384.6831,ts-travel,189.4301,ts-order,21.8964,ts-auth,14.1081,ts-security,3.0,ts-admin-order,1.6325,ts-contacts,0.869
218, -- ,ts-admin-user,2423.7225,ts-payment,2238.9566,ts-basic,1911.343,ts-rebook,1350.325,ts-config,1241.8332,ts-notification,920.9508,ts-user,492.4704,ts-station,438.0898,ts-train,309.9494,ts-travel,73.7538,ts-auth,52.9398,ts-order,4.7241,ts-contacts,0.631,ts-security,0.35
219, -- ,ts-auth,4038.9152,ts-admin-user,3975.485,ts-payment,2651.3358,ts-basic,2102.402,ts-notification,1098.0283,ts-config,662.6069,ts-station,470.4359,ts-user,231.1781,ts-rebook,176.205,ts-train,140.4624,ts-travel,94.421,ts-route,5.7117,ts-preserve-other,3.44,ts-security,3.0,ts-order,1.3317,ts-preserve,1.3
220, -- ,ts-basic,6088.8527,ts-admin-user,1935.97,ts-user,1515.3831,ts-auth,833.609,ts-payment,448.5583,ts-config,381.0552,ts-notification,317.155,ts-station,266.5178,ts-train,235.7368,ts-consign,185.48,ts-travel,69.0582,ts-food,28.8733,ts-food-map,20.4595,ts-security,13.495,ts-route,12.5583,ts-seat,3.735,ts-preserve-other,0.7812,ts-order,0.47,ts-avatar,0.17
221, -- ,ts-admin-user,3384.6925,ts-basic,3382.3522,ts-user,2658.3831,ts-auth,2570.9053,ts-config,361.7234,ts-payment,333.6925,ts-station,331.9552,ts-train,213.1429,ts-rebook,101.3325,ts-travel,92.4337,ts-notification,31.6433,ts-security,26.705,ts-food-map,13.4415,ts-order,12.4512,ts-contacts,6.04,ts-route,5.6935,ts-consign,5.23,ts-ticketinfo,4.848,ts-preserve-other,3.96,ts-seat,0.17
222, -- ,ts-basic,3077.674,ts-user,822.3031,ts-payment,391.505,ts-auth,354.5857,ts-config,282.5583,ts-admin-user,141.425,ts-station,111.2833,ts-travel,40.675,ts-admin-order,36.2742,ts-seat,31.9306,ts-delivery,15.5275,ts-security,15.5,ts-ui,12.2479,ts-train,8.7742,ts-rebook,7.88,ts-ticketinfo,5.642,ts-route,5.0958,ts-order,4.4469,ts-notification,0.375
223, -- ,ts-basic,5673.4971,ts-user,3304.2581,ts-payment,1119.8775,ts-admin-user,1098.2625,ts-auth,978.4926,ts-config,569.8537,ts-travel,339.1899,ts-station,338.4257,ts-train,280.9501,ts-security,126.7144,ts-food,122.1666,ts-food-map,82.9825,ts-contacts,73.86,ts-order,49.2932,ts-notification,37.4799,ts-assurance,17.64,ts-route,1.472,ts-seat,0.0475
224, -- ,ts-basic,4345.3493,ts-user,2874.4281,ts-admin-user,2613.875,ts-payment,665.75,ts-config,462.0894,ts-station,390.3149,ts-seat,77.8899,ts-food-map,57.8725,ts-security,50.5375,ts-travel,36.2337,ts-auth,14.2684,ts-train,7.5561,ts-execute,3.705,ts-consign,2.0829,ts-preserve,1.7667,ts-notification,1.0,ts-food,0.095
225, -- ,ts-basic,7360.9741,ts-auth,1433.6533,ts-admin-user,463.375,ts-notification,241.9675,ts-rebook,218.425,ts-user,148.6186,ts-train,146.1175,ts-config,140.2258,ts-payment,120.72,ts-station,110.1177,ts-travel,89.5941,ts-security,31.91,ts-order,13.344,ts-food-map,10.3675,ts-admin-order,9.3417,ts-route,7.5583,ts-ticketinfo,4.53,ts-seat,4.2123,ts-preserve,3.98,ts-execute,3.9225,ts-consign,0.2
226, -- ,ts-basic,7232.5557,ts-auth,1433.6533,ts-ticketinfo,1174.054,ts-travel,147.8893,ts-config,60.5957,ts-train,19.994,ts-security,13.54,ts-seat,10.9282,ts-rebook,9.9775,ts-payment,9.06,ts-ui,5.9139,ts-user,5.2731,ts-admin-order,5.008,ts-preserve,4.52,ts-station,3.7604,ts-order,0.81,ts-admin-route,0.25,ts-route,0.21
227, -- ,ts-basic,1284.1695,ts-security,348.5073,ts-travel,123.1717,ts-payment,73.795,ts-config,59.8785,ts-food-map,40.977,ts-station,37.4385,ts-order,35.9014,ts-auth,30.8843,ts-food,26.9633,ts-train,18.9072,ts-contacts,17.24,ts-seat,11.8357,ts-user,6.8204,ts-route,2.245,ts-ticketinfo,1.514,ts-price,0.6517
228, -- ,ts-basic,2279.9407,ts-security,268.105,ts-config,64.8685,ts-travel,57.5273,ts-user,37.0604,ts-auth,34.2083,ts-station,13.5287,ts-execute,12.7916,ts-payment,8.6,ts-train,5.2731,ts-food,4.7833,ts-seat,1.505,ts-route,1.4917,ts-ticketinfo,1.038,ts-contacts,0.51,ts-notification,0.3733
229, -- ,ts-admin-user,12701.8425,ts-basic,2761.5436,ts-payment,254.345,ts-user,234.3731,ts-food-map,92.4375,ts-config,79.2595,ts-auth,75.4573,ts-travel,72.6607,ts-security,56.66,ts-train,47.2212,ts-seat,26.7581,ts-station,21.7828,ts-order,11.0392,ts-food,7.06,ts-admin-order,1.112,ts-consign,1.08,ts-admin-route,0.7312,ts-price,0.6517,ts-notification,0.6167,ts-admin-basic-info,0.4812,ts-preserve,0.36,ts-assurance,0.3233
230, -- ,ts-basic,5848.8676,ts-auth,368.0284,ts-admin-user,269.56,ts-payment,167.86,ts-travel,165.2978,ts-config,67.4976,ts-security,33.2075,ts-station,24.3542,ts-train,10.3115,ts-user,6.1781,ts-preserve-other,4.8437,ts-admin-basic-info,2.1637,ts-admin-route,0.7312,ts-ui,0.6766,ts-price,0.6517,ts-notification,0.3733,ts-seat,0.3333,ts-assurance,0.3233,ts-execute,0.1025
231, -- ,ts-basic,3627.4087,ts-auth,382.9573,ts-travel,188.5879,ts-config,125.9216,ts-user,77.4131,ts-train,61.089,ts-security,38.765,ts-seat,34.0808,ts-route,30.054,ts-order,23.9752,ts-admin-user,6.875,ts-notification,6.275,ts-station,4.1833,ts-payment,4.0067,ts-ticketinfo,1.4665,ts-admin-basic-info,1.2025
232, -- ,ts-basic,5688.4582,ts-config,789.7428,ts-user,419.6631,ts-train,364.5392,ts-travel,137.041,ts-seat,38.4281,ts-security,34.0825,ts-food-map,7.308,ts-verification-code,5.37,ts-payment,5.3317,ts-preserve-other,4.17,ts-auth,3.3999,ts-station,2.9367,ts-notification,2.3833,ts-route,0.95,ts-ui,0.212
233, -- ,ts-basic,1880.9635,ts-user,968.3631,ts-config,861.952,ts-train,486.9779,ts-price,181.219,ts-security,110.8153,ts-notification,83.55,ts-station,80.0108,ts-payment,74.3142,ts-seat,28.3894,ts-order,18.0382,ts-travel,15.1658,ts-admin-order,11.5575,ts-food,10.225,ts-food-map,4.582,ts-auth,2.5433,ts-admin-basic-info,0.7212,ts-rebook,0.01
234, -- ,ts-basic,1769.3997,ts-payment,1081.0964,ts-admin-user,248.01,ts-travel,82.4492,ts-config,72.2474,ts-user,61.0631,ts-train,52.1027,ts-auth,47.7895,ts-execute,18.4716,ts-security,15.625,ts-price,11.16,ts-preserve-other,7.02,ts-consign,6.18,ts-station,3.6267,ts-ticketinfo,0.88,ts-order,0.555,ts-seat,0.0733,ts-rebook,0.01
235, -- ,ts-basic,858.9697,ts-payment,854.5433,ts-food-map,242.8605,ts-travel,146.1087,ts-auth,115.0186,ts-config,111.1832,ts-user,70.2431,ts-order,38.1074,ts-security,36.55,ts-train,35.1617,ts-admin-order,34.862,ts-food,32.2183,ts-notification,25.795,ts-station,23.1421,ts-seat,8.54,ts-price,2.4633,ts-ticketinfo,2.3045,ts-consign,2.28,ts-rebook,1.12,ts-execute,0.8675,ts-admin-user,0.385
236, -- ,ts-basic,2919.2154,ts-payment,748.19,ts-auth,119.6466,ts-travel,98.4483,ts-config,72.9337,ts-user,33.6131,ts-preserve,25.5,ts-security,18.865,ts-seat,16.5371,ts-station,8.4067,ts-train,6.5772,ts-execute,2.58,ts-verification-code,1.83,ts-notification,1.2933,ts-price,0.6517,ts-admin-user,0.65,ts-route,0.21
237, -- ,ts-auth,5000.4599,ts-basic,2934.7108,ts-payment,580.015,ts-user,445.7131,ts-notification,274.945,ts-rebook,223.9937,ts-train,210.9964,ts-food-map,201.3325,ts-config,193.1362,ts-station,129.1495,ts-travel,128.9858,ts-seat,103.8746,ts-security,57.6975,ts-food,23.75,ts-order,23.4556,ts-route,23.2046,ts-ticketinfo,3.7869,ts-contacts,3.66,ts-admin-basic-info,0.7212
238, -- ,ts-auth,5106.3399,ts-basic,3992.7915,ts-station,302.1601,ts-notification,118.0,ts-config,73.6217,ts-travel,60.4447,ts-admin-user,41.285,ts-payment,32.86,ts-security,23.0775,ts-user,18.0931,ts-seat,16.7714,ts-train,11.8715,ts-rebook,4.7737,ts-admin-order,2.7485,ts-execute,1.8333,ts-ui,0.95,ts-price,0.8333,ts-admin-basic-info,0.7212,ts-order,0.2925,ts-route,0.1033
239, -- ,ts-auth,3409.3633,ts-basic,1761.4485,ts-station,241.3171,ts-user,206.7781,ts-config,203.633,ts-travel,130.6183,ts-rebook,129.89,ts-payment,124.0991,ts-notification,91.51,ts-train,77.8386,ts-contacts,54.56,ts-food-map,48.5025,ts-seat,41.8438,ts-security,33.5675,ts-order,18.7676,ts-food,6.715,ts-route,5.21,ts-ticketinfo,4.8494,ts-price,1.5583,ts-admin-user,1.18
240, -- ,ts-auth,3433.7631,ts-basic,3002.7705,ts-user,1420.7831,ts-config,641.683,ts-travel,175.5645,ts-payment,69.24,ts-contacts,46.78,ts-route,38.92,ts-station,25.6508,ts-seat,20.2189,ts-admin-user,19.43,ts-security,14.9,ts-train,9.3786,ts-notification,6.625,ts-ticketinfo,3.42,ts-ui,2.8967,ts-order,2.0467,ts-rebook,1.61,ts-price,1.5583
