1, -- ,ts-order,139.815,ts-admin-order,117.0171,ts-inside-payment,79.57,ts-config,46.0,ts-station,34.3072,ts-contacts,3.69
2, -- ,ts-travel,6991.0569,ts-station,5827.0509,ts-train,5476.8998,ts-config,5237.5696,ts-route,3390.8511,ts-security,2591.105,ts-ticketinfo,2457.6781,ts-preserve,2171.62,ts-basic,1857.3057,ts-price,1353.1025,ts-seat,1287.4962,ts-assurance,1001.9667,ts-food,798.72,ts-food-map,388.44,ts-admin-order,373.8475,ts-order,309.5492,ts-ui,287.91,ts-auth,18.0767,ts-notification,16.44,ts-consign,7.14,ts-verification-code,2.26,ts-admin-travel,0.26
3, -- ,ts-travel,4966.0247,ts-train,4720.905,ts-station,4605.4183,ts-config,4385.8817,ts-route,3261.209,ts-execute,1926.21,ts-security,1896.4866,ts-payment,1810.55,ts-preserve,1764.9725,ts-user,1677.16,ts-ticketinfo,1611.1286,ts-basic,1540.0419,ts-order,1333.4784,ts-seat,1191.4459,ts-food,579.727,ts-price,482.7044,ts-inside-payment,455.6242,ts-assurance,359.1008,ts-cancel,244.04,ts-delivery,237.895,ts-food-map,223.565,ts-admin-order,177.29,ts-contacts,157.41,ts-ui,106.09,ts-auth,34.7605,ts-notification,5.345,ts-verification-code,0.2
4, -- ,ts-travel,4217.2124,ts-train,2624.0249,ts-route,2513.4798,ts-security,2449.399,ts-assurance,2449.3892,ts-config,2120.3663,ts-station,1982.4511,ts-order,1539.6703,ts-user,1196.3675,ts-price,1133.0153,ts-execute,1113.5784,ts-preserve,1065.9025,ts-ticketinfo,957.0377,ts-payment,890.95,ts-seat,829.2352,ts-auth,620.2373,ts-basic,473.717,ts-inside-payment,263.7767,ts-food,215.932,ts-cancel,196.94,ts-ui,178.82,ts-delivery,114.125,ts-contacts,46.95,ts-admin-order,9.6794,ts-food-map,9.31,ts-notification,5.0
5, -- ,ts-security,7805.96,ts-assurance,3361.115,ts-user,2635.515,ts-train,1915.739,ts-payment,1628.105,ts-travel,1507.3629,ts-config,1458.1938,ts-price,1433.9005,ts-order,1360.4195,ts-station,1310.0678,ts-preserve,1271.735,ts-execute,1081.035,ts-route,822.5536,ts-inside-payment,785.6217,ts-seat,770.341,ts-food,312.14,ts-basic,239.8701,ts-contacts,228.87,ts-ticketinfo,161.1091,ts-cancel,144.31,ts-auth,12.1133,ts-delivery,10.435,ts-consign,7.86,ts-admin-order,2.194,ts-notification,1.82
6, -- ,ts-security,6222.0075,ts-travel,2292.3561,ts-user,1799.215,ts-execute,1377.445,ts-inside-payment,1249.4225,ts-order,1060.0942,ts-payment,1057.5523,ts-train,991.8498,ts-preserve,981.345,ts-assurance,925.545,ts-price,798.9016,ts-station,570.3169,ts-route,536.8961,ts-config,527.9564,ts-seat,408.5831,ts-food-map,308.19,ts-ticketinfo,130.2157,ts-admin-order,124.4629,ts-basic,116.5113,ts-contacts,51.3667,ts-food,43.1,ts-auth,11.6733,ts-consign,7.08,ts-admin-route,3.2225,ts-preserve-other,2.04,ts-cancel,1.79,ts-notification,1.5,ts-delivery,0.82
7, -- ,ts-security,2417.08,ts-user,1850.3067,ts-travel,1301.1825,ts-payment,1095.9183,ts-inside-payment,954.8167,ts-execute,925.705,ts-order,893.0058,ts-price,880.0407,ts-consign,725.13,ts-train,528.115,ts-assurance,472.0488,ts-station,456.2076,ts-preserve,385.5002,ts-config,201.7546,ts-admin-order,185.5101,ts-food-map,149.72,ts-seat,137.9671,ts-route,120.232,ts-food,115.04,ts-ticketinfo,86.4162,ts-basic,67.0493,ts-contacts,39.18,ts-notification,21.84,ts-preserve-other,20.715,ts-verification-code,19.74,ts-auth,8.5833,ts-rebook,8.28,ts-admin-travel,2.52,ts-admin-route,2.4137,ts-admin-basic-info,0.96,ts-ticket-office,0.1543
8, -- ,ts-security,2293.775,ts-execute,1060.11,ts-travel,870.7907,ts-payment,779.6867,ts-price,727.649,ts-order,719.1362,ts-station,682.2684,ts-user,676.565,ts-preserve,497.25,ts-inside-payment,427.5167,ts-train,394.9158,ts-assurance,206.1517,ts-seat,140.711,ts-config,108.0156,ts-admin-order,89.1846,ts-basic,73.9986,ts-ticketinfo,63.1632,ts-consign,55.98,ts-route,47.6156,ts-food-map,43.49,ts-food,36.1,ts-notification,26.46,ts-auth,14.7633,ts-rebook,12.2537,ts-contacts,3.13,ts-verification-code,1.15,ts-delivery,1.01
9, -- ,ts-payment,1087.485,ts-travel,1082.5426,ts-execute,1040.8525,ts-security,792.9933,ts-user,772.785,ts-order,649.6457,ts-price,587.8863,ts-inside-payment,547.8217,ts-preserve,395.815,ts-station,281.8474,ts-seat,166.3277,ts-food,129.48,ts-train,117.534,ts-assurance,115.4717,ts-config,101.2896,ts-route,90.4468,ts-basic,77.3307,ts-ticket-office,48.99,ts-food-map,25.32,ts-admin-order,17.8355,ts-ticketinfo,13.8769,ts-notification,10.035,ts-contacts,5.94,ts-rebook,2.8937,ts-admin-travel,1.0412,ts-preserve-other,0.7812,ts-verification-code,0.2,ts-delivery,0.11
10, -- ,ts-user,1572.1625,ts-travel,815.2965,ts-payment,656.2525,ts-inside-payment,636.9142,ts-execute,601.605,ts-station,553.3097,ts-price,390.893,ts-order,318.6082,ts-route,244.0574,ts-preserve,189.465,ts-food,176.02,ts-seat,145.5237,ts-contacts,128.8,ts-train,123.0313,ts-config,104.3073,ts-assurance,100.93,ts-security,96.005,ts-ticket-office,48.99,ts-basic,37.4064,ts-admin-order,19.1193,ts-ticketinfo,15.166,ts-auth,14.9833,ts-notification,14.3,ts-preserve-other,2.61,ts-food-map,0.2
11, -- ,ts-user,3689.3725,ts-price,956.0885,ts-payment,850.1258,ts-travel,676.2657,ts-route,638.0101,ts-execute,603.0125,ts-inside-payment,572.6175,ts-order,544.985,ts-preserve,354.145,ts-security,327.8532,ts-contacts,179.31,ts-station,164.9671,ts-train,111.9825,ts-config,61.9158,ts-assurance,60.7633,ts-food,31.52,ts-food-map,14.82,ts-auth,13.88,ts-basic,13.238,ts-ticketinfo,6.2807,ts-delivery,4.185,ts-admin-order,2.7568,ts-seat,2.6767
12, -- ,ts-user,2743.395,ts-route,2727.3701,ts-travel,1177.7762,ts-payment,978.68,ts-inside-payment,697.12,ts-price,630.0147,ts-execute,316.6325,ts-order,284.1386,ts-preserve,199.6075,ts-security,144.7575,ts-train,76.2667,ts-config,64.8778,ts-seat,26.4076,ts-ui,15.18,ts-contacts,12.7533,ts-food-map,6.75,ts-notification,4.5,ts-food,4.16,ts-station,3.741,ts-admin-route,1.4525
13, -- ,ts-route,1450.2175,ts-user,592.3273,ts-travel,336.9968,ts-order,292.5066,ts-config,230.206,ts-security,180.21,ts-payment,148.7067,ts-station,108.7933,ts-food,103.03,ts-price,56.4338,ts-admin-order,42.4736,ts-train,42.0351,ts-basic,35.6314,ts-inside-payment,27.3,ts-seat,21.8514,ts-contacts,17.73,ts-ui,15.18,ts-ticketinfo,12.5219,ts-cancel,7.59,ts-delivery,6.23,ts-assurance,5.13,ts-notification,1.5,ts-preserve-other,0.5212,ts-food-map,0.21,ts-execute,0.1
14, -- ,ts-route,2189.9925,ts-travel,333.4058,ts-security,169.7793,ts-admin-order,122.6281,ts-station,107.4618,ts-train,84.3731,ts-config,82.842,ts-order,46.96,ts-contacts,45.6,ts-inside-payment,40.015,ts-price,37.3317,ts-preserve,31.6233,ts-notification,25.4317,ts-user,23.6745,ts-basic,17.852,ts-ticketinfo,12.3686,ts-assurance,12.13,ts-delivery,12.055,ts-food,7.58,ts-payment,4.9167,ts-execute,1.15,ts-food-map,0.66,ts-seat,0.47
15, -- ,ts-route,871.9521,ts-travel,393.6974,ts-security,236.9525,ts-user,192.36,ts-train,182.8839,ts-station,108.9684,ts-config,97.0717,ts-basic,67.515,ts-order,62.9786,ts-food,39.48,ts-contacts,36.91,ts-price,34.4793,ts-assurance,26.37,ts-preserve-other,26.25,ts-inside-payment,22.8125,ts-admin-order,8.9314,ts-ticketinfo,7.9311,ts-payment,6.7017,ts-food-map,5.57,ts-auth,3.0633,ts-seat,2.4968,ts-execute,1.935,ts-notification,1.5533,ts-delivery,1.11,ts-admin-route,0.7312,ts-preserve,0.075
16, -- ,ts-security,373.695,ts-admin-order,149.3005,ts-payment,141.935,ts-inside-payment,73.99,ts-config,54.595,ts-travel,43.9883,ts-route,33.0703,ts-order,32.0229,ts-basic,30.032,ts-price,18.225,ts-verification-code,14.79,ts-notification,14.41,ts-station,12.1705,ts-auth,10.2237,ts-contacts,7.55,ts-admin-travel,7.2912,ts-ui,6.09,ts-consign,5.4771,ts-execute,4.3375,ts-preserve-other,4.1662,ts-assurance,3.93,ts-food,3.9067,ts-rebook,3.8562,ts-ticketinfo,2.942,ts-delivery,1.96,ts-train,1.8824
17, -- ,ts-travel,482.6595,ts-security,342.415,ts-train,234.1462,ts-seat,205.9025,ts-admin-order,111.404,ts-payment,100.7833,ts-price,100.087,ts-route,87.0307,ts-food,84.8316,ts-config,82.1673,ts-station,72.1296,ts-order,43.7434,ts-consign,31.29,ts-assurance,24.48,ts-preserve,22.6117,ts-inside-payment,16.4979,ts-user,13.98,ts-notification,13.5,ts-food-map,13.25,ts-contacts,12.06,ts-admin-travel,7.2912,ts-ui,6.09,ts-preserve-other,5.2087,ts-execute,3.815,ts-basic,3.4222,ts-ticketinfo,3.102,ts-auth,2.6363,ts-rebook,2.1725,ts-verification-code,0.04
18, -- ,ts-seat,357.1935,ts-security,347.605,ts-travel,152.2108,ts-food,133.18,ts-config,70.1984,ts-train,66.1005,ts-inside-payment,44.1025,ts-assurance,39.06,ts-station,28.6513,ts-ticketinfo,21.674,ts-payment,21.435,ts-user,21.2127,ts-execute,20.6925,ts-basic,17.518,ts-price,13.5487,ts-route,13.1846,ts-preserve,11.76,ts-food-map,3.95,ts-admin-order,3.1429,ts-order,2.655,ts-notification,1.94,ts-admin-travel,0.81,ts-delivery,0.66
19, -- ,ts-travel,452.6742,ts-payment,244.7283,ts-security,203.5925,ts-assurance,195.2167,ts-station,141.712,ts-preserve,137.305,ts-inside-payment,136.5975,ts-seat,125.9202,ts-config,79.1867,ts-food,53.75,ts-train,28.228,ts-food-map,27.48,ts-user,25.4027,ts-ticketinfo,21.674,ts-route,17.9317,ts-contacts,12.3,ts-price,11.8747,ts-basic,9.92,ts-admin-order,8.5015,ts-order,7.7067,ts-auth,4.496,ts-execute,2.76,ts-delivery,1.6417,ts-notification,1.44
20, -- ,ts-travel,2078.1274,ts-contacts,520.54,ts-security,84.58,ts-config,62.8042,ts-food,33.9183,ts-train,30.3099,ts-seat,24.9583,ts-payment,24.775,ts-route,18.0362,ts-station,16.0978,ts-preserve,15.455,ts-cancel,14.52,ts-inside-payment,11.0708,ts-basic,10.702,ts-price,7.6713,ts-assurance,6.71,ts-auth,6.5967,ts-admin-basic-info,2.6437,ts-delivery,2.3767,ts-user,0.9033,ts-ticketinfo,0.562,ts-admin-order,0.342,ts-order,0.14
21, -- ,ts-travel,662.8615,ts-order,298.4643,ts-price,263.53,ts-security,178.265,ts-route,141.4844,ts-train,102.989,ts-config,97.5752,ts-station,77.6415,ts-seat,44.5208,ts-preserve,38.07,ts-ticketinfo,31.4061,ts-basic,31.02,ts-contacts,24.72,ts-user,22.89,ts-payment,17.29,ts-notification,4.68,ts-inside-payment,4.605,ts-assurance,4.23,ts-execute,3.26,ts-admin-basic-info,2.6437,ts-food,1.72,ts-admin-order,0.996,ts-admin-route,0.01
22, -- ,ts-price,997.1076,ts-order,162.8221,ts-security,140.225,ts-travel,133.3599,ts-payment,105.685,ts-admin-order,96.7343,ts-config,86.7217,ts-inside-payment,43.6458,ts-assurance,30.57,ts-preserve,29.275,ts-user,25.29,ts-station,24.3118,ts-food-map,22.6,ts-train,21.4985,ts-route,16.4297,ts-ticketinfo,15.5587,ts-auth,5.9333,ts-execute,2.7062,ts-food,2.65,ts-delivery,2.09,ts-seat,1.9444,ts-basic,1.8886,ts-contacts,1.56,ts-preserve-other,1.29,ts-notification,1.0,ts-ui,0.9209,ts-rebook,0.01
23, -- ,ts-inside-payment,947.1708,ts-price,558.8745,ts-security,220.0471,ts-travel,150.7613,ts-food-map,126.85,ts-route,115.4583,ts-food,86.22,ts-config,83.0306,ts-user,50.91,ts-ticketinfo,46.4311,ts-order,35.985,ts-train,32.3206,ts-station,27.2421,ts-contacts,23.5767,ts-payment,19.24,ts-notification,17.945,ts-seat,15.68,ts-preserve,8.215,ts-auth,6.8167,ts-admin-order,5.518,ts-basic,4.9889,ts-cancel,4.95,ts-delivery,4.925,ts-assurance,3.9,ts-execute,2.13
24, -- ,ts-inside-payment,993.2242,ts-price,122.5412,ts-travel,119.1866,ts-contacts,91.7633,ts-route,77.1517,ts-payment,72.95,ts-food,70.035,ts-config,56.4147,ts-station,51.1309,ts-security,47.115,ts-consign,23.22,ts-basic,22.5275,ts-execute,19.22,ts-order,14.1277,ts-assurance,12.0,ts-user,10.0433,ts-ticketinfo,9.61,ts-train,8.7513,ts-preserve,6.02,ts-delivery,5.005,ts-food-map,3.15,ts-admin-order,3.12,ts-notification,2.495,ts-seat,1.525,ts-admin-route,0.25
25, -- ,ts-food,418.62,ts-security,129.5966,ts-price,98.74,ts-inside-payment,72.715,ts-user,53.82,ts-config,46.0,ts-notification,27.425,ts-train,22.9343,ts-contacts,20.53,ts-preserve,16.2567,ts-order,15.995,ts-route,15.7861,ts-admin-order,14.2586,ts-assurance,12.12,ts-payment,11.915,ts-seat,10.3083,ts-travel,8.4267,ts-station,8.2067,ts-ticketinfo,3.896,ts-verification-code,3.055,ts-auth,2.6233,ts-admin-route,0.7312,ts-delivery,0.3
26, -- ,ts-travel,661.434,ts-food,239.85,ts-assurance,183.36,ts-contacts,165.79,ts-inside-payment,88.61,ts-config,83.2617,ts-order,57.495,ts-route,56.7956,ts-preserve,27.3333,ts-security,25.0875,ts-payment,17.6125,ts-station,15.5026,ts-seat,14.6567,ts-train,10.2402,ts-user,4.7,ts-price,2.8129,ts-execute,2.7975,ts-auth,2.4033,ts-verification-code,1.785,ts-food-map,1.61,ts-notification,0.31,ts-rebook,0.25,ts-delivery,0.13
27, -- ,ts-travel,827.5408,ts-security,216.165,ts-contacts,108.07,ts-config,51.63,ts-delivery,35.9958,ts-payment,33.2875,ts-route,32.9083,ts-food,29.2,ts-seat,19.5241,ts-order,14.4957,ts-user,13.8,ts-price,10.7045,ts-cancel,10.17,ts-preserve,9.745,ts-station,3.8644,ts-notification,2.425,ts-admin-order,1.54,ts-inside-payment,1.3958
28, -- ,ts-travel,866.5469,ts-route,107.7443,ts-config,74.1853,ts-user,61.1782,ts-security,35.965,ts-train,31.7239,ts-inside-payment,27.6888,ts-station,12.399,ts-payment,11.3,ts-assurance,10.0333,ts-food,9.4683,ts-order,7.88,ts-contacts,7.2,ts-seat,6.82,ts-preserve,6.705,ts-price,5.6935,ts-notification,5.5583,ts-cancel,4.26,ts-admin-route,3.615,ts-admin-order,3.612,ts-rebook,3.54,ts-delivery,3.46,ts-ticketinfo,3.26,ts-food-map,0.69,ts-auth,0.1933
29, -- ,ts-order,192.3679,ts-assurance,164.0333,ts-preserve,123.12,ts-travel,73.7801,ts-security,58.1424,ts-contacts,56.85,ts-execute,48.8725,ts-config,46.0,ts-notification,45.4783,ts-price,43.1472,ts-food-map,34.11,ts-user,28.9818,ts-food,26.1,ts-basic,22.5275,ts-ticket-office,21.765,ts-verification-code,19.935,ts-preserve-other,15.895,ts-consign,14.73,ts-admin-travel,14.3225,ts-voucher,12.24,ts-payment,11.89,ts-train,11.5625,ts-rebook,8.6637,ts-admin-basic-info,8.4137,ts-station,6.8586,ts-delivery,6.0,ts-admin-route,5.5387,ts-seat,3.684,ts-ticketinfo,3.102,ts-inside-payment,2.6067
30, -- ,ts-station,247.7648,ts-order,68.5021,ts-travel,63.337,ts-price,60.2487,ts-security,59.815,ts-preserve,53.57,ts-config,50.6805,ts-user,38.25,ts-contacts,19.68,ts-execute,17.41,ts-notification,16.58,ts-assurance,14.07,ts-food,12.6,ts-rebook,9.625,ts-admin-basic-info,8.8937,ts-verification-code,7.66,ts-payment,6.715,ts-admin-travel,6.25,ts-inside-payment,5.1817,ts-preserve-other,3.125,ts-consign,2.98,ts-train,2.4139,ts-seat,1.9531,ts-auth,1.2967,ts-admin-order,1.05
31, -- ,ts-station,306.3082,ts-security,174.5225,ts-travel,155.3004,ts-price,88.7475,ts-food-map,82.21,ts-notification,67.63,ts-config,48.6848,ts-verification-code,47.67,ts-payment,42.03,ts-ticketinfo,40.0374,ts-user,33.06,ts-route,32.7267,ts-seat,29.9004,ts-contacts,18.78,ts-order,17.76,ts-preserve,16.955,ts-execute,16.01,ts-food,14.4725,ts-delivery,12.985,ts-consign,10.08,ts-admin-order,7.0907,ts-assurance,2.31,ts-basic,2.098,ts-train,0.305,ts-auth,0.1933
32, -- ,ts-user,541.22,ts-station,254.7378,ts-notification,161.1167,ts-travel,151.8209,ts-payment,144.095,ts-security,136.8343,ts-config,87.435,ts-train,61.4794,ts-inside-payment,34.6225,ts-price,30.4984,ts-route,25.1991,ts-food,19.42,ts-contacts,16.635,ts-order,14.9786,ts-seat,14.0953,ts-execute,13.65,ts-assurance,10.71,ts-preserve,7.96,ts-admin-route,4.38,ts-basic,3.774,ts-delivery,1.89,ts-auth,1.74,ts-food-map,0.69
33, -- ,ts-user,193.69,ts-travel,103.5669,ts-config,54.5225,ts-security,53.48,ts-train,52.1184,ts-route,45.92,ts-seat,36.3016,ts-inside-payment,29.475,ts-food,26.59,ts-payment,22.22,ts-station,19.3924,ts-food-map,16.298,ts-assurance,15.66,ts-notification,8.3533,ts-execute,7.86,ts-contacts,4.69,ts-admin-route,3.8562,ts-ticketinfo,2.942,ts-preserve,1.705,ts-order,1.6375,ts-consign,0.96,ts-price,0.9325,ts-auth,0.1933
34, -- ,ts-execute,913.3725,ts-security,163.5475,ts-travel,108.3408,ts-route,105.8,ts-config,75.4952,ts-station,74.0288,ts-price,56.9551,ts-seat,38.3888,ts-user,25.35,ts-food,20.9,ts-payment,19.44,ts-order,18.6739,ts-preserve,15.87,ts-inside-payment,12.4308,ts-train,8.9754,ts-admin-route,5.7787,ts-contacts,4.9592,ts-assurance,3.3467,ts-notification,2.005
35, -- ,ts-security,5129.0225,ts-execute,2285.6192,ts-train,794.926,ts-station,453.0822,ts-travel,148.4614,ts-price,101.3977,ts-inside-payment,67.2592,ts-admin-order,59.7345,ts-config,46.0,ts-payment,22.835,ts-contacts,21.6,ts-delivery,21.25,ts-notification,15.5733,ts-order,11.625,ts-seat,11.5098,ts-assurance,10.44,ts-food,9.06,ts-preserve,8.33,ts-user,3.75,ts-basic,2.805
36, -- ,ts-security,1746.43,ts-station,261.1856,ts-train,219.511,ts-execute,178.01,ts-travel,74.5844,ts-config,46.0,ts-admin-order,39.7979,ts-assurance,36.75,ts-order,33.0964,ts-food,15.36,ts-inside-payment,4.3175,ts-route,4.17,ts-food-map,4.17,ts-price,3.4415,ts-seat,2.6998,ts-basic,1.764,ts-auth,1.2967,ts-payment,1.28
37, -- ,ts-auth,385.2834,ts-security,205.1225,ts-station,102.7458,ts-user,91.61,ts-travel,61.7695,ts-config,46.2927,ts-payment,31.755,ts-admin-order,30.4318,ts-route,29.6583,ts-food,25.66,ts-contacts,23.4693,ts-preserve,23.3167,ts-inside-payment,19.475,ts-execute,18.41,ts-train,13.6941,ts-order,7.82,ts-food-map,4.3,ts-seat,3.8767,ts-delivery,0.62,ts-news,0.333
38, -- ,ts-auth,439.2477,ts-preserve,237.295,ts-payment,208.52,ts-food,65.56,ts-order,53.3157,ts-config,46.0,ts-travel,35.7777,ts-security,31.7775,ts-train,29.5174,ts-contacts,21.4,ts-notification,14.56,ts-execute,10.12,ts-food-map,6.22,ts-user,4.25,ts-station,3.8971,ts-price,1.155,ts-admin-order,0.9037,ts-route,0.8567,ts-seat,0.7524,ts-ticketinfo,0.244,ts-inside-payment,0.015
39, -- ,ts-payment,583.995,ts-preserve,250.135,ts-execute,111.1875,ts-inside-payment,57.9433,ts-route,52.65,ts-config,52.35,ts-assurance,43.1367,ts-security,41.77,ts-travel,34.4583,ts-admin-order,27.5771,ts-order,26.6021,ts-price,25.9671,ts-ticket-office,23.91,ts-food,19.59,ts-auth,8.6019,ts-user,6.1682,ts-voucher,5.98,ts-seat,5.4295,ts-food-map,4.79,ts-train,4.2041,ts-notification,4.17,ts-station,2.3747,ts-delivery,1.405,ts-consign,1.2686,ts-basic,0.08
40, -- ,ts-payment,313.1,ts-security,71.1975,ts-seat,56.2305,ts-config,51.26,ts-admin-order,49.6819,ts-price,32.4862,ts-user,28.2455,ts-preserve,21.7,ts-inside-payment,16.835,ts-contacts,9.33,ts-consign,7.56,ts-food,5.06,ts-station,4.4352,ts-delivery,2.965,ts-route,2.8633,ts-ticketinfo,2.784,ts-notification,0.88,ts-basic,0.0275
41, -- ,ts-travel,241.1074,ts-payment,225.602,ts-security,144.2583,ts-station,77.0071,ts-seat,59.16,ts-route,55.5593,ts-config,47.7214,ts-cancel,34.62,ts-consign,33.3,ts-execute,32.88,ts-order,27.25,ts-train,18.8023,ts-price,13.4213,ts-user,5.88,ts-inside-payment,4.605,ts-ticketinfo,3.896,ts-assurance,3.84,ts-delivery,3.629,ts-notification,3.4683,ts-preserve,1.355,ts-admin-route,0.01
42, -- ,ts-order,376.1007,ts-travel,242.4603,ts-payment,94.635,ts-inside-payment,94.1775,ts-train,72.8722,ts-route,64.98,ts-security,63.1533,ts-config,46.0,ts-station,35.227,ts-food-map,15.2,ts-seat,10.8129,ts-price,3.0983,ts-execute,2.8225,ts-admin-order,1.9197,ts-contacts,0.8333,ts-user,0.36,ts-notification,0.14,ts-cancel,0.09,ts-admin-route,0.01
43, -- ,ts-order,167.72,ts-price,100.7631,ts-train,86.2995,ts-payment,71.745,ts-config,49.1671,ts-auth,41.6087,ts-route,36.8025,ts-travel,29.675,ts-security,25.655,ts-execute,18.4,ts-ticket-office,8.82,ts-user,5.7845,ts-food-map,5.1,ts-preserve,3.385,ts-basic,3.104,ts-seat,2.3781,ts-contacts,2.16,ts-notification,1.6133,ts-inside-payment,0.585,ts-ticketinfo,0.086
44, -- ,ts-admin-order,94.6603,ts-inside-payment,84.3183,ts-config,46.0,ts-price,45.3617,ts-security,42.2565,ts-food,32.5967,ts-user,29.447,ts-train,26.6056,ts-order,20.295,ts-assurance,13.44,ts-travel,12.545,ts-station,12.2639,ts-ticket-office,8.25,ts-execute,7.6775,ts-notification,6.8433,ts-payment,6.38,ts-preserve,5.42,ts-route,4.9,ts-seat,4.4955,ts-contacts,0.66
45, -- ,ts-security,547.62,ts-travel,389.7733,ts-food,178.78,ts-seat,67.8979,ts-assurance,58.26,ts-config,48.8051,ts-contacts,44.36,ts-route,34.9656,ts-inside-payment,25.5975,ts-user,21.21,ts-execute,10.52,ts-preserve,8.2,ts-basic,7.1225,ts-payment,4.99,ts-admin-order,2.686,ts-train,2.4029,ts-price,1.5987
46, -- ,ts-security,164.795,ts-payment,144.55,ts-assurance,102.6933,ts-config,46.445,ts-order,45.2621,ts-seat,34.5899,ts-user,17.07,ts-contacts,15.6,ts-travel,11.8278,ts-admin-order,9.2023,ts-station,7.1419,ts-inside-payment,5.1458,ts-preserve,4.6417,ts-consign,3.27,ts-auth,2.6233,ts-food,2.32,ts-train,1.8201,ts-route,1.5133,ts-notification,0.675,ts-delivery,0.54,ts-verification-code,0.04
47, -- ,ts-security,182.19,ts-admin-user,120.0,ts-config,48.295,ts-food,47.0408,ts-seat,36.7545,ts-assurance,21.88,ts-contacts,20.728,ts-consign,17.43,ts-payment,12.9,ts-order,9.64,ts-execute,6.3833,ts-admin-order,5.4684,ts-travel,4.595,ts-delivery,1.405,ts-route,1.0053,ts-basic,0.87,ts-train,0.7767,ts-station,0.285
48, -- ,ts-travel,577.3778,ts-security,372.085,ts-food,97.72,ts-user,54.45,ts-execute,48.835,ts-config,46.815,ts-train,35.9359,ts-seat,35.309,ts-price,32.1187,ts-route,26.0767,ts-delivery,14.54,ts-payment,11.955,ts-order,10.96,ts-assurance,3.6667,ts-preserve,2.8,ts-admin-order,2.3097,ts-station,1.2346,ts-notification,0.3733,ts-basic,0.198
49, -- ,ts-travel,241.2687,ts-security,189.625,ts-route,108.3066,ts-order,77.0675,ts-seat,64.0679,ts-config,46.2745,ts-price,45.0083,ts-food,29.13,ts-contacts,21.2933,ts-train,21.1649,ts-inside-payment,18.06,ts-assurance,16.38,ts-delivery,12.18,ts-payment,11.715,ts-execute,4.6875,ts-station,1.3181,ts-preserve,0.155,ts-food-map,0.11,ts-ticketinfo,0.086,ts-basic,0.0275
50, -- ,ts-contacts,72.79,ts-travel,68.0468,ts-seat,66.976,ts-route,54.2233,ts-config,51.8934,ts-security,27.12,ts-inside-payment,26.0608,ts-order,25.835,ts-price,23.917,ts-assurance,23.37,ts-food,22.225,ts-station,21.845,ts-notification,16.51,ts-admin-order,12.1602,ts-consign,7.14,ts-admin-travel,3.51,ts-admin-basic-info,3.365,ts-train,3.1289,ts-preserve,1.765,ts-execute,1.3525,ts-payment,0.36,ts-admin-route,0.25,ts-delivery,0.25
51, -- ,ts-contacts,71.93,ts-travel,58.5037,ts-security,55.97,ts-admin-order,49.8896,ts-config,46.0,ts-execute,44.11,ts-route,35.6742,ts-order,35.5617,ts-user,23.07,ts-food,20.0642,ts-seat,7.9429,ts-price,7.5006,ts-payment,7.13,ts-delivery,2.66,ts-station,2.5432,ts-preserve-other,1.5625,ts-inside-payment,1.3967,ts-notification,1.3833,ts-basic,0.422
52, -- ,ts-food-map,213.22,ts-seat,145.4404,ts-travel,129.2175,ts-food,95.6877,ts-admin-order,89.8266,ts-route,80.5233,ts-preserve,71.9703,ts-assurance,47.5933,ts-config,46.1509,ts-price,44.3117,ts-security,40.265,ts-execute,26.7262,ts-order,19.3158,ts-notification,10.74,ts-payment,7.745,ts-user,6.06,ts-contacts,5.35,ts-auth,4.1667,ts-admin-basic-info,3.6062,ts-preserve-other,1.5625,ts-delivery,1.5,ts-station,0.2267
53, -- ,ts-travel,615.4922,ts-seat,139.1923,ts-config,47.185,ts-price,43.3,ts-security,39.3058,ts-assurance,29.7257,ts-food,27.39,ts-order,20.19,ts-preserve,12.085,ts-notification,9.66,ts-execute,8.1775,ts-auth,7.92,ts-payment,6.52,ts-food-map,6.41,ts-cancel,4.98,ts-contacts,2.1,ts-route,1.75,ts-station,1.2422,ts-admin-order,0.1275,ts-train,0.07,ts-rebook,0.01
54, -- ,ts-travel,2518.3934,ts-payment,343.05,ts-security,112.11,ts-execute,49.0575,ts-config,46.0,ts-train,30.2181,ts-order,18.45,ts-auth,8.2656,ts-route,4.8267,ts-food,4.635,ts-assurance,3.5033,ts-contacts,2.1467,ts-delivery,2.09,ts-station,1.9871,ts-seat,0.468,ts-notification,0.415,ts-admin-order,0.288
55, -- ,ts-travel,178.2536,ts-payment,149.41,ts-station,79.5023,ts-food,75.02,ts-price,58.8621,ts-security,56.8625,ts-config,46.0,ts-user,28.11,ts-inside-payment,26.2817,ts-food-map,18.8655,ts-admin-order,16.4425,ts-auth,7.2567,ts-train,3.6772,ts-contacts,3.36,ts-route,2.8033,ts-ticketinfo,2.308,ts-delivery,1.4667,ts-preserve,1.425,ts-notification,1.315,ts-seat,0.5133,ts-order,0.27
56, -- ,ts-config,46.225,ts-food,33.3808,ts-travel,26.6212,ts-security,22.8642,ts-contacts,20.3967,ts-station,13.5344,ts-admin-order,12.6627,ts-inside-payment,11.3525,ts-price,9.8112,ts-train,7.94,ts-route,5.83,ts-notification,4.375,ts-seat,2.348,ts-execute,1.3025,ts-preserve-other,0.7812
57, -- ,ts-route,167.8,ts-contacts,140.5967,ts-train,69.1346,ts-config,47.3543,ts-price,32.9433,ts-order,21.7864,ts-admin-order,18.0631,ts-security,17.8225,ts-assurance,16.38,ts-ticketinfo,11.514,ts-travel,9.175,ts-seat,1.245,ts-execute,1.085,ts-inside-payment,0.585,ts-payment,0.3266,ts-ui,0.2918,ts-station,0.0933,ts-basic,0.0275
58, -- ,ts-travel,161.7762,ts-route,89.0067,ts-contacts,49.52,ts-config,47.0545,ts-security,44.8485,ts-preserve,42.77,ts-price,34.8917,ts-payment,34.185,ts-inside-payment,33.0408,ts-train,32.7655,ts-user,22.5,ts-seat,12.329,ts-order,9.4821,ts-food,7.68,ts-ticketinfo,5.006,ts-assurance,3.78,ts-execute,1.5,ts-delivery,1.105,ts-station,1.0275
59, -- ,ts-food,301.7617,ts-station,52.5912,ts-preserve,47.695,ts-config,46.0,ts-admin-order,37.9265,ts-order,26.4129,ts-security,24.6475,ts-payment,22.33,ts-food-map,11.384,ts-contacts,10.48,ts-notification,6.9,ts-seat,4.6986,ts-inside-payment,3.8939,ts-delivery,3.4767,ts-travel,2.475,ts-execute,2.32,ts-price,1.9967,ts-train,1.9219,ts-basic,1.54,ts-ui,1.138,ts-admin-travel,0.7812
60, -- ,ts-route,536.7493,ts-execute,267.96,ts-user,95.38,ts-security,92.65,ts-travel,82.4294,ts-config,53.3176,ts-food,22.38,ts-payment,21.395,ts-station,12.1892,ts-assurance,11.5833,ts-price,10.7965,ts-delivery,9.934,ts-order,8.6666,ts-food-map,4.87,ts-seat,3.2114,ts-admin-travel,0.7812,ts-preserve,0.34,ts-auth,0.1933,ts-train,0.1325,ts-notification,0.045
61, -- ,ts-preserve,434.765,ts-route,259.22,ts-config,141.626,ts-auth,94.4533,ts-security,90.5975,ts-travel,66.5483,ts-assurance,47.19,ts-station,42.8852,ts-order,22.3414,ts-admin-order,17.9014,ts-seat,12.2986,ts-inside-payment,12.0283,ts-food,6.5233,ts-execute,5.125,ts-payment,5.12,ts-consign,3.51,ts-price,3.4937,ts-contacts,2.34,ts-admin-route,1.9325,ts-user,1.0267,ts-train,0.8177
62, -- ,ts-train,7168.8216,ts-station,2374.529,ts-preserve,415.145,ts-route,165.705,ts-auth,91.5833,ts-price,50.9557,ts-config,49.47,ts-security,46.04,ts-delivery,36.8225,ts-food,30.036,ts-seat,26.3375,ts-travel,18.3488,ts-user,13.02,ts-inside-payment,9.6175,ts-ticketinfo,7.546,ts-execute,4.7375,ts-assurance,2.4367,ts-admin-route,1.9325,ts-order,1.3042,ts-notification,0.3733,ts-admin-order,0.3212
63, -- ,ts-train,7133.2607,ts-station,2814.8604,ts-travel,222.1593,ts-security,124.25,ts-assurance,58.7933,ts-config,47.8593,ts-price,44.6702,ts-admin-order,24.5426,ts-route,22.7978,ts-user,22.62,ts-payment,7.5,ts-food,6.2,ts-preserve,5.15,ts-notification,5.0433,ts-execute,4.25,ts-contacts,2.99,ts-seat,2.802,ts-basic,1.092,ts-delivery,0.62,ts-inside-payment,0.105
64, -- ,ts-train,9165.1198,ts-station,2371.1412,ts-admin-order,389.2096,ts-preserve,221.555,ts-food-map,118.71,ts-contacts,102.67,ts-security,75.815,ts-config,46.0,ts-seat,24.4861,ts-inside-payment,12.4008,ts-travel,9.7439,ts-payment,5.7485,ts-price,2.4854,ts-order,2.442,ts-ticketinfo,2.15,ts-notification,1.23,ts-execute,0.71,ts-basic,0.0275
65, -- ,ts-train,9629.953,ts-station,996.4844,ts-consign,256.59,ts-food-map,108.84,ts-admin-order,85.082,ts-travel,60.9339,ts-security,59.5125,ts-config,54.1795,ts-preserve,38.98,ts-contacts,24.51,ts-seat,13.848,ts-route,12.6225,ts-inside-payment,1.0517,ts-food,1.022,ts-notification,1.0,ts-payment,0.7525,ts-order,0.75,ts-price,0.1925
66, -- ,ts-train,11851.4589,ts-station,1294.7486,ts-security,133.595,ts-travel,82.4509,ts-config,46.0,ts-seat,45.218,ts-contacts,37.2283,ts-route,10.2367,ts-user,9.81,ts-inside-payment,5.1708,ts-cancel,4.89,ts-consign,4.11,ts-admin-order,3.8659,ts-order,2.0625,ts-food,2.01,ts-payment,1.6325,ts-preserve,0.56,ts-price,0.415,ts-notification,0.245
67, -- ,ts-train,12289.8688,ts-station,2784.2669,ts-food,133.1733,ts-security,85.56,ts-price,50.7803,ts-food-map,48.09,ts-config,46.0,ts-admin-order,43.7673,ts-travel,16.9103,ts-seat,13.5324,ts-contacts,10.37,ts-order,6.1666,ts-ticketinfo,5.642,ts-user,4.25,ts-inside-payment,2.485,ts-route,1.4933
68, -- ,ts-train,14107.1047,ts-station,2974.2062,ts-inside-payment,203.1383,ts-security,115.15,ts-config,48.665,ts-price,45.3983,ts-contacts,37.65,ts-preserve,30.68,ts-payment,23.14,ts-travel,18.79,ts-food,11.81,ts-user,9.69,ts-delivery,7.08,ts-seat,6.7513,ts-ticketinfo,4.688,ts-execute,2.26,ts-admin-basic-info,0.9612,ts-route,0.839,ts-auth,0.6367
69, -- ,ts-train,14089.1025,ts-station,3056.2235,ts-payment,61.49,ts-config,51.6747,ts-security,45.905,ts-user,44.1167,ts-preserve,26.1,ts-route,15.3533,ts-admin-order,15.2005,ts-travel,12.4348,ts-seat,11.2707,ts-delivery,8.35,ts-ticketinfo,5.8,ts-notification,4.5,ts-inside-payment,2.7425,ts-rebook,1.59,ts-order,1.5567,ts-admin-basic-info,0.9612,ts-food-map,0.44,ts-contacts,0.23
70, -- ,ts-train,16334.9422,ts-station,2687.5724,ts-security,92.08,ts-seat,57.7732,ts-admin-order,47.7356,ts-config,46.0,ts-route,41.3768,ts-travel,27.6253,ts-contacts,16.88,ts-ticketinfo,5.006,ts-inside-payment,2.67,ts-food,2.2533,ts-preserve,0.9,ts-payment,0.31,ts-order,0.09
71, -- ,ts-train,16226.3357,ts-station,2607.0692,ts-config,53.8236,ts-auth,48.0967,ts-security,38.5075,ts-inside-payment,36.9742,ts-travel,25.1717,ts-payment,16.665,ts-food-map,14.58,ts-contacts,12.7,ts-user,12.45,ts-price,12.42,ts-route,11.0067,ts-delivery,8.3383,ts-seat,5.6504,ts-admin-order,4.2436,ts-notification,4.13,ts-assurance,3.15,ts-ticketinfo,1.99,ts-food,0.325,ts-preserve,0.22,ts-order,0.15
72, -- ,ts-train,18299.3714,ts-station,2403.0287,ts-security,129.1625,ts-travel,86.1719,ts-config,50.4042,ts-auth,48.3167,ts-price,35.0717,ts-seat,33.081,ts-verification-code,11.8,ts-route,10.2283,ts-consign,10.2,ts-food,7.53,ts-ticketinfo,7.07,ts-preserve-other,6.54,ts-delivery,3.26,ts-cancel,1.65,ts-assurance,1.35,ts-notification,1.0,ts-inside-payment,0.5683
73, -- ,ts-train,18180.7313,ts-station,2449.2591,ts-assurance,1313.2567,ts-security,256.075,ts-order,114.1831,ts-inside-payment,48.5183,ts-admin-order,48.4462,ts-config,46.0,ts-food,44.36,ts-price,43.7753,ts-travel,22.3043,ts-notification,21.03,ts-seat,16.6209,ts-user,11.52,ts-route,5.5908,ts-ticketinfo,4.848,ts-verification-code,3.215,ts-payment,1.38,ts-contacts,0.45
74, -- ,ts-station,2189.8308,ts-train,1004.4036,ts-assurance,618.0333,ts-config,46.0,ts-security,32.2525,ts-travel,31.5,ts-notification,29.8483,ts-order,19.03,ts-food-map,12.795,ts-inside-payment,11.8675,ts-preserve,7.1433,ts-admin-order,3.5085,ts-route,1.8185,ts-price,1.45,ts-execute,1.195,ts-basic,0.87,ts-seat,0.6277
75, -- ,ts-station,2212.9782,ts-train,960.581,ts-security,83.6475,ts-contacts,80.67,ts-seat,54.6302,ts-price,49.4243,ts-config,46.0,ts-ticketinfo,45.3674,ts-order,40.7175,ts-auth,36.302,ts-travel,9.29,ts-payment,7.28,ts-route,6.3267,ts-admin-order,3.1697,ts-preserve,2.96,ts-notification,1.6133,ts-food,1.5
76, -- ,ts-station,2280.8213,ts-train,1842.8706,ts-auth,1638.8168,ts-assurance,184.67,ts-order,114.0,ts-security,91.43,ts-route,87.1867,ts-contacts,75.74,ts-travel,49.0408,ts-config,46.0,ts-user,38.79,ts-seat,37.2947,ts-delivery,19.8415,ts-ticketinfo,13.578,ts-price,6.5181,ts-basic,1.764,ts-preserve,1.68,ts-food,0.62
77, -- ,ts-station,3323.7994,ts-train,2402.2565,ts-auth,492.2706,ts-price,287.76,ts-order,98.6186,ts-inside-payment,95.6125,ts-travel,57.7669,ts-config,46.0,ts-seat,35.136,ts-notification,17.5983,ts-food,14.88,ts-security,7.3475,ts-payment,4.67,ts-assurance,4.2533,ts-food-map,3.975,ts-route,0.5733,ts-execute,0.2125
78, -- ,ts-station,3413.8972,ts-train,1451.9573,ts-auth,1124.7566,ts-user,247.71,ts-security,123.4308,ts-price,119.2773,ts-inside-payment,110.0058,ts-admin-order,70.551,ts-config,46.0,ts-seat,27.2839,ts-food-map,20.59,ts-ticketinfo,10.404,ts-order,8.8368,ts-travel,8.6529,ts-payment,5.84,ts-execute,2.57,ts-route,1.51,ts-delivery,1.4667,ts-assurance,1.32,ts-basic,0.088
79, -- ,ts-auth,41884.4761,ts-station,2499.1174,ts-train,1734.3103,ts-price,261.4723,ts-config,61.6441,ts-security,33.4775,ts-preserve,22.35,ts-admin-order,16.3058,ts-ticketinfo,16.118,ts-seat,4.1067,ts-food-map,3.07,ts-basic,2.322,ts-execute,2.0675,ts-food,1.022,ts-contacts,0.9733,ts-travel,0.665
80, -- ,ts-auth,2936.5519,ts-station,2611.8454,ts-train,1207.1019,ts-travel,150.746,ts-seat,48.7041,ts-config,47.1987,ts-route,40.8558,ts-preserve,27.4808,ts-price,25.4217,ts-security,22.8273,ts-user,6.48,ts-food-map,4.07,ts-ticketinfo,2.308,ts-payment,2.05,ts-basic,1.986
81, -- ,ts-station,2856.9931,ts-train,1264.9178,ts-auth,658.4497,ts-user,135.075,ts-food,126.52,ts-seat,80.4209,ts-price,72.7448,ts-config,46.0,ts-delivery,23.9017,ts-cancel,22.92,ts-security,16.995,ts-travel,8.0259,ts-payment,4.135,ts-notification,1.0,ts-admin-order,0.996,ts-route,0.95,ts-food-map,0.07
82, -- ,ts-station,4210.7382,ts-auth,1606.133,ts-train,1234.8625,ts-food,88.94,ts-delivery,86.74,ts-config,46.0,ts-price,43.416,ts-admin-order,35.0898,ts-seat,27.3605,ts-inside-payment,17.2525,ts-contacts,13.5492,ts-security,9.865,ts-route,2.7567,ts-food-map,0.276,ts-ticketinfo,0.244
83, -- ,ts-station,4347.4715,ts-train,1173.2643,ts-user,841.9133,ts-auth,450.835,ts-config,48.9106,ts-food,40.65,ts-price,25.5601,ts-security,12.26,ts-contacts,10.06,ts-travel,9.7556,ts-inside-payment,9.36,ts-assurance,7.92,ts-preserve,3.45,ts-delivery,1.4667,ts-notification,0.88,ts-seat,0.5878,ts-route,0.2433,ts-admin-order,0.124,ts-food-map,0.11
84, -- ,ts-station,3064.0804,ts-train,1203.0836,ts-user,279.79,ts-auth,221.665,ts-config,64.6483,ts-food,42.924,ts-seat,35.8254,ts-security,23.2433,ts-price,14.9507,ts-payment,6.05,ts-route,4.79,ts-travel,4.625,ts-preserve,4.12,ts-order,2.5343,ts-contacts,2.01,ts-basic,0.2186
85, -- ,ts-station,2939.8512,ts-train,1081.3975,ts-auth,221.665,ts-user,116.32,ts-food-map,96.7,ts-config,46.075,ts-seat,39.9435,ts-route,5.9333,ts-notification,4.375,ts-security,4.12,ts-inside-payment,3.6483,ts-basic,2.6547,ts-delivery,0.5314,ts-payment,0.3266,ts-price,0.29,ts-order,0.18
86, -- ,ts-station,2929.5682,ts-train,1342.0651,ts-auth,100.395,ts-security,91.08,ts-seat,57.5217,ts-travel,52.3007,ts-food,48.0967,ts-config,46.0,ts-user,38.31,ts-route,7.5967,ts-assurance,5.97,ts-preserve,5.915,ts-payment,5.405,ts-food-map,3.64,ts-order,1.3717
87, -- ,ts-station,3065.0192,ts-train,1383.4268,ts-contacts,231.34,ts-auth,88.3167,ts-config,47.3141,ts-ticketinfo,45.0,ts-security,36.01,ts-route,20.47,ts-notification,11.0983,ts-admin-order,8.2534,ts-food,7.8375,ts-seat,2.2822,ts-inside-payment,1.0825,ts-execute,0.81
88, -- ,ts-station,2911.5052,ts-train,927.195,ts-inside-payment,562.2405,ts-auth,167.5,ts-user,72.33,ts-config,52.2454,ts-security,47.9975,ts-order,37.9231,ts-seat,35.9491,ts-preserve,34.575,ts-travel,25.483,ts-route,12.385,ts-price,5.9973,ts-admin-order,5.1583,ts-contacts,3.57,ts-food,2.82,ts-ticketinfo,2.15
89, -- ,ts-station,3205.8288,ts-inside-payment,790.7925,ts-train,603.396,ts-seat,473.4835,ts-config,47.5814,ts-preserve,32.27,ts-ticketinfo,9.926,ts-price,6.6444,ts-security,6.125,ts-travel,6.0,ts-contacts,4.56,ts-assurance,3.9,ts-auth,0.8567,ts-payment,0.77,ts-basic,0.3375,ts-consign,0.1333,ts-admin-order,0.0567
90, -- ,ts-station,3131.2669,ts-inside-payment,1446.9741,ts-train,560.9547,ts-contacts,59.19,ts-config,49.035,ts-seat,19.7433,ts-basic,17.36,ts-security,14.815,ts-ticketinfo,6.912,ts-travel,1.69,ts-auth,1.0767,ts-price,0.9262,ts-user,0.57,ts-consign,0.2
91, -- ,ts-station,3068.9537,ts-train,930.3125,ts-inside-payment,633.025,ts-auth,98.3667,ts-config,46.0,ts-admin-order,13.8764,ts-consign,12.72,ts-security,12.095,ts-notification,8.225,ts-ticketinfo,7.388,ts-price,5.6226,ts-route,5.6017,ts-food,4.12,ts-seat,2.8067,ts-contacts,0.81,ts-travel,0.6582,ts-basic,0.646,ts-assurance,0.09
92, -- ,ts-station,3142.9625,ts-train,868.216,ts-inside-payment,225.89,ts-consign,127.4,ts-security,114.3725,ts-auth,98.0167,ts-config,46.0,ts-preserve,36.6875,ts-user,28.02,ts-seat,19.5573,ts-payment,14.85,ts-assurance,14.0467,ts-contacts,12.27,ts-travel,9.0868,ts-admin-route,8.4225,ts-delivery,7.4602,ts-food-map,5.875,ts-ticketinfo,4.054,ts-price,1.76,ts-admin-order,0.66,ts-route,0.3867
93, -- ,ts-station,3162.8127,ts-contacts,706.09,ts-train,634.3535,ts-cancel,110.6442,ts-config,46.0,ts-security,33.1925,ts-admin-order,29.7167,ts-consign,25.47,ts-price,21.3065,ts-rebook,17.5062,ts-route,13.1267,ts-food,10.5188,ts-preserve-other,9.42,ts-auth,8.9633,ts-admin-route,8.4225,ts-admin-travel,7.7625,ts-inside-payment,6.335,ts-travel,6.0425,ts-seat,4.7814,ts-notification,3.945,ts-ticketinfo,3.26,ts-assurance,2.97,ts-user,1.49,ts-food-map,1.125,ts-verification-code,0.835
94, -- ,ts-station,3114.5966,ts-train,862.5141,ts-inside-payment,114.785,ts-notification,81.4782,ts-config,63.1741,ts-security,48.2075,ts-travel,20.64,ts-admin-order,17.8481,ts-route,15.345,ts-auth,8.195,ts-admin-user,5.37,ts-seat,4.1218,ts-rebook,4.0962,ts-contacts,3.47,ts-order,2.2586,ts-admin-travel,1.8225,ts-food-map,1.75,ts-ticketinfo,1.514,ts-verification-code,1.15,ts-price,0.3462,ts-consign,0.2,ts-user,0.0509
95, -- ,ts-station,3132.226,ts-train,949.9263,ts-inside-payment,147.265,ts-contacts,89.34,ts-config,67.985,ts-food,28.884,ts-admin-basic-info,28.77,ts-notification,17.0,ts-travel,15.6435,ts-auth,10.0292,ts-seat,8.4584,ts-preserve,3.53,ts-route,1.775,ts-user,1.0242,ts-order,0.6442,ts-admin-order,0.21,ts-security,0.135
96, -- ,ts-station,3130.6166,ts-train,1013.0241,ts-auth,363.825,ts-security,239.5375,ts-cancel,66.28,ts-travel,66.0019,ts-config,46.2427,ts-inside-payment,35.505,ts-user,16.23,ts-seat,16.0188,ts-route,13.9535,ts-contacts,1.79,ts-admin-basic-info,0.24,ts-admin-order,0.0333
97, -- ,ts-station,3085.1279,ts-train,1222.5558,ts-auth,362.5,ts-security,119.165,ts-config,115.9157,ts-inside-payment,93.185,ts-cancel,73.065,ts-preserve,50.08,ts-admin-travel,37.9812,ts-rebook,29.47,ts-seat,23.7947,ts-admin-order,16.7916,ts-contacts,13.35,ts-payment,13.18,ts-notification,6.8433,ts-food-map,6.624,ts-assurance,4.26,ts-basic,2.322,ts-user,1.35,ts-route,0.76,ts-travel,0.526
98, -- ,ts-station,3003.8471,ts-train,1056.9774,ts-auth,487.5,ts-price,98.387,ts-config,77.8024,ts-execute,30.33,ts-travel,14.1952,ts-security,12.1625,ts-contacts,9.45,ts-basic,2.88,ts-seat,1.765,ts-preserve,1.02,ts-admin-travel,0.7812,ts-payment,0.76,ts-route,0.7133,ts-admin-order,0.2133,ts-rebook,0.01
99, -- ,ts-station,3156.8466,ts-train,1546.8576,ts-auth,488.1367,ts-seat,82.5576,ts-preserve,48.125,ts-config,46.0,ts-admin-order,9.9107,ts-price,7.355,ts-security,3.025,ts-route,1.56,ts-food,1.396,ts-payment,1.31,ts-order,1.2825,ts-basic,1.1624,ts-ticketinfo,1.038,ts-consign,0.99,ts-travel,0.27
100, -- ,ts-station,3054.2506,ts-train,1332.8907,ts-inside-payment,431.425,ts-payment,71.78,ts-config,68.4901,ts-security,47.125,ts-preserve,26.23,ts-user,20.22,ts-travel,18.3025,ts-admin-order,15.0035,ts-auth,13.5483,ts-assurance,13.22,ts-food,9.0227,ts-order,7.1593,ts-ticketinfo,3.896,ts-price,2.475,ts-cancel,1.44,ts-seat,0.8483
101, -- ,ts-station,3093.5163,ts-train,1558.5708,ts-auth,1248.2775,ts-inside-payment,1190.7874,ts-cancel,77.94,ts-contacts,67.99,ts-config,46.0,ts-security,40.25,ts-route,28.8217,ts-consign,28.14,ts-admin-order,15.3075,ts-travel,12.374,ts-payment,7.2,ts-assurance,6.6033,ts-food,6.5,ts-seat,5.2921,ts-notification,4.63,ts-ticketinfo,4.53,ts-food-map,4.41,ts-execute,0.75,ts-preserve,0.5233,ts-price,0.1083
102, -- ,ts-station,2978.3556,ts-train,1395.4163,ts-auth,1237.5,ts-inside-payment,1117.2599,ts-security,91.0225,ts-config,46.716,ts-contacts,41.21,ts-preserve,25.44,ts-admin-order,23.7917,ts-delivery,23.2,ts-route,16.1105,ts-seat,9.7015,ts-travel,4.3836,ts-payment,1.105,ts-food,0.824,ts-execute,0.32
103, -- ,ts-station,3217.5664,ts-train,1377.4841,ts-inside-payment,876.4787,ts-auth,238.7967,ts-travel,108.9864,ts-config,48.7036,ts-route,43.3125,ts-assurance,30.75,ts-basic,19.124,ts-user,17.3633,ts-security,15.6075,ts-contacts,14.22,ts-seat,12.5274,ts-admin-order,10.8799,ts-order,4.3243,ts-execute,2.6125,ts-delivery,1.92,ts-notification,0.5,ts-price,0.2675
104, -- ,ts-station,3129.3902,ts-train,1002.4365,ts-inside-payment,293.8599,ts-auth,237.6933,ts-security,175.6025,ts-config,46.0,ts-seat,33.5852,ts-food,14.912,ts-price,14.7216,ts-execute,4.25,ts-travel,3.835,ts-admin-order,3.2152,ts-user,3.0033,ts-ticketinfo,1.99,ts-basic,1.764,ts-notification,0.655
105, -- ,ts-station,3173.9308,ts-train,831.956,ts-config,46.985,ts-travel,30.6299,ts-inside-payment,25.6349,ts-user,24.14,ts-security,18.8,ts-food,15.84,ts-execute,4.44,ts-notification,4.3133,ts-price,2.2467,ts-admin-order,1.814,ts-admin-route,1.4525,ts-food-map,0.93,ts-contacts,0.345
106, -- ,ts-train,52862.6158,ts-station,1747.8633,ts-travel,767.142,ts-consign,757.305,ts-voucher,664.915,ts-notification,521.7858,ts-order,467.98,ts-ticket-office,449.805,ts-avatar,438.075,ts-admin-travel,400.515,ts-route,396.5683,ts-assurance,394.38,ts-admin-basic-info,394.35,ts-admin-route,382.2887,ts-rebook,381.15,ts-preserve-other,377.925,ts-basic,329.936,ts-config,312.54,ts-execute,291.76,ts-news,284.37,ts-seat,270.7688,ts-verification-code,263.355,ts-price,259.47,ts-admin-user,254.82,ts-security,253.5989,ts-admin-order,243.6373,ts-contacts,241.695,ts-food-map,240.855,ts-user,239.235,ts-cancel,238.305,ts-auth,237.3895,ts-inside-payment,236.8449,ts-food,197.715,ts-delivery,194.805,ts-payment,193.715,ts-ui,171.075,ts-ticketinfo,134.766,ts-preserve,131.115
107, -- ,ts-train,53117.9673,ts-station,226.0017,ts-config,46.0,ts-travel,4.792,ts-execute,3.89,ts-price,2.9633,ts-auth,2.9345,ts-inside-payment,2.6575,ts-notification,1.5533,ts-route,0.705
108, -- ,ts-train,68.0798,ts-config,46.0,ts-seat,11.3822,ts-security,6.525,ts-travel,2.185,ts-inside-payment,2.11,ts-user,1.7675,ts-order,1.2686,ts-station,1.0067,ts-price,0.3233
109, -- ,ts-station,2151.3513,ts-train,78.8234,ts-config,46.0,ts-preserve,25.615,ts-contacts,10.74,ts-route,9.4435,ts-seat,8.4519,ts-user,2.67,ts-inside-payment,2.11,ts-travel,0.6109,ts-notification,0.3733,ts-price,0.2675,ts-security,0.065
110, -- ,ts-station,2481.3363,ts-train,596.6126,ts-admin-route,379.875,ts-order,350.895,ts-price,260.4362,ts-seat,259.1116,ts-cancel,238.425,ts-consign,236.58,ts-admin-order,236.145,ts-food,229.2543,ts-config,179.2525,ts-notification,126.76,ts-execute,123.4475,ts-food-map,122.01,ts-delivery,112.425,ts-payment,68.28,ts-travel,12.1695,ts-contacts,10.74,ts-user,2.67,ts-route,2.41,ts-inside-payment,2.11,ts-auth,1.0225,ts-preserve,1.015,ts-security,0.065
111, -- ,ts-station,2835.9294,ts-train,1290.0156,ts-travel,765.794,ts-voucher,664.915,ts-consign,520.845,ts-ticket-office,448.2,ts-avatar,438.09,ts-admin-travel,400.515,ts-assurance,394.425,ts-admin-basic-info,394.35,ts-route,393.1725,ts-notification,392.31,ts-rebook,381.15,ts-preserve-other,377.925,ts-basic,327.39,ts-news,285.75,ts-verification-code,263.355,ts-admin-user,254.82,ts-contacts,252.51,ts-security,243.835,ts-user,241.995,ts-inside-payment,238.6999,ts-auth,237.8685,ts-config,174.92,ts-ui,171.57,ts-execute,161.9158,ts-ticketinfo,132.315,ts-preserve,131.95,ts-payment,125.455,ts-order,120.19,ts-food-map,117.72,ts-delivery,82.82,ts-food,78.98,ts-admin-order,34.7084,ts-seat,26.458,ts-admin-route,0.9712,ts-price,0.6517
112, -- ,ts-train,54285.5219,ts-station,2955.8831,ts-auth,1232.3309,ts-travel,106.4452,ts-security,63.165,ts-config,46.0,ts-admin-order,44.2821,ts-contacts,43.54,ts-route,33.2358,ts-inside-payment,31.5199,ts-notification,24.42,ts-seat,12.1556,ts-ticketinfo,11.038,ts-payment,10.695,ts-basic,7.238,ts-preserve-other,3.125,ts-verification-code,0.04
113, -- ,ts-train,10462.593,ts-station,2633.8849,ts-auth,977.2782,ts-user,86.09,ts-config,46.1936,ts-security,40.0675,ts-inside-payment,28.8999,ts-seat,22.4301,ts-notification,11.365,ts-travel,7.7729,ts-ticketinfo,5.958,ts-admin-travel,5.2087,ts-admin-route,4.8175,ts-rebook,3.8562,ts-route,3.695,ts-admin-order,1.378,ts-food,1.22,ts-price,0.6517,ts-execute,0.2125,ts-payment,0.08,ts-basic,0.0275
114, -- ,ts-train,11635.2049,ts-station,2495.4241,ts-auth,1055.9676,ts-security,135.93,ts-route,74.9933,ts-order,68.4836,ts-config,46.0,ts-user,24.55,ts-inside-payment,23.5874,ts-travel,15.4433,ts-ticketinfo,14.372,ts-payment,9.155,ts-notification,8.5,ts-admin-route,4.8175,ts-rebook,3.8562,ts-food,3.81,ts-basic,2.88,ts-contacts,2.24,ts-admin-travel,2.0837,ts-preserve,1.1175,ts-seat,0.988,ts-verification-code,0.835
115, -- ,ts-train,53041.699,ts-station,2652.5492,ts-auth,247.9122,ts-travel,68.3187,ts-contacts,51.6867,ts-price,49.6177,ts-config,46.0,ts-inside-payment,24.3499,ts-route,21.9708,ts-notification,17.885,ts-food,16.86,ts-seat,16.108,ts-security,7.625,ts-ticketinfo,5.324,ts-rebook,3.2525,ts-verification-code,2.97,ts-preserve-other,1.02
116, -- ,ts-train,20672.9077,ts-station,3003.6492,ts-auth,226.9853,ts-config,46.1127,ts-route,30.79,ts-inside-payment,27.3049,ts-travel,24.9733,ts-food,22.18,ts-security,17.9475,ts-admin-order,14.4055,ts-seat,8.8505,ts-notification,5.5,ts-ticketinfo,2.466,ts-preserve,1.7467,ts-user,1.5667,ts-rebook,1.4525,ts-price,1.155,ts-contacts,1.12,ts-food-map,0.938
117, -- ,ts-train,20523.0083,ts-station,3148.9101,ts-food,337.24,ts-auth,225.7973,ts-config,96.3766,ts-contacts,37.85,ts-security,29.0825,ts-inside-payment,21.2532,ts-travel,20.9214,ts-admin-order,17.7973,ts-seat,12.6619,ts-payment,5.54,ts-food-map,0.938,ts-route,0.6667,ts-notification,0.175,ts-price,0.1083
118, -- ,ts-station,3211.2669,ts-train,2855.5943,ts-auth,222.0601,ts-food,83.1933,ts-config,62.5431,ts-security,30.94,ts-payment,19.19,ts-inside-payment,17.8349,ts-travel,17.325,ts-price,11.9062,ts-admin-order,9.7952,ts-seat,9.4121,ts-notification,2.76,ts-rebook,1.11,ts-preserve,0.45,ts-contacts,0.23
119, -- ,ts-train,3141.0808,ts-station,3054.4751,ts-order,265.019,ts-auth,219.4206,ts-route,70.3533,ts-travel,65.0772,ts-config,46.0,ts-inside-payment,25.2424,ts-consign,20.1,ts-security,14.915,ts-admin-order,10.5027,ts-cancel,4.11,ts-execute,2.8325,ts-seat,1.459
120, -- ,ts-train,63334.5104,ts-station,2878.5525,ts-security,364.355,ts-auth,227.8889,ts-config,46.0,ts-seat,44.3276,ts-inside-payment,26.5624,ts-cancel,24.45,ts-order,13.06,ts-admin-order,12.5381,ts-travel,3.2195,ts-execute,2.395,ts-food,0.18
121, -- ,ts-train,63241.1251,ts-station,3199.1495,ts-security,137.7524,ts-travel,57.905,ts-config,46.0,ts-payment,23.635,ts-route,12.9833,ts-inside-payment,10.3774,ts-price,8.2304,ts-seat,5.7594,ts-user,5.2875,ts-preserve-other,3.96,ts-auth,3.4266,ts-notification,2.47,ts-food-map,1.8995,ts-admin-order,1.1222,ts-admin-travel,0.42
122, -- ,ts-train,65270.5573,ts-station,2963.0806,ts-user,50.82,ts-config,46.0,ts-payment,43.655,ts-assurance,29.82,ts-security,26.725,ts-preserve,20.34,ts-consign,14.46,ts-auth,13.9949,ts-notification,12.565,ts-preserve-other,11.88,ts-admin-travel,11.61,ts-route,11.5267,ts-verification-code,10.98,ts-admin-order,10.4314,ts-inside-payment,10.4199,ts-delivery,6.46,ts-execute,2.6125,ts-seat,1.2883,ts-rebook,0.66
123, -- ,ts-train,65487.8126,ts-station,2780.4744,ts-auth,215.0801,ts-config,46.0,ts-execute,44.4083,ts-security,39.605,ts-voucher,29.37,ts-preserve,17.39,ts-contacts,8.98,ts-price,8.1386,ts-admin-user,6.84,ts-inside-payment,3.52,ts-seat,3.036,ts-travel,2.5344,ts-ticketinfo,1.356,ts-preserve-other,1.3025,ts-ticket-office,1.125,ts-route,0.32
124, -- ,ts-train,7976.5297,ts-station,2678.2153,ts-config,67.345,ts-contacts,10.02,ts-seat,7.6192,ts-route,7.615,ts-notification,6.5,ts-food,5.0892,ts-travel,4.0975,ts-auth,3.4266,ts-preserve-other,2.3437,ts-inside-payment,2.11,ts-security,1.6225,ts-admin-travel,1.0412,ts-rebook,0.9712
125, -- ,ts-train,8100.1068,ts-station,2581.5978,ts-cancel,130.85,ts-user,116.94,ts-order,103.6671,ts-config,46.0,ts-assurance,42.48,ts-travel,33.7222,ts-security,22.85,ts-admin-order,15.328,ts-route,11.1055,ts-seat,8.5256,ts-price,3.8654,ts-auth,3.4266,ts-preserve,2.72,ts-inside-payment,2.11,ts-execute,0.8675,ts-consign,0.8,ts-food-map,0.51,ts-notification,0.0729
126, -- ,ts-station,2421.4453,ts-train,1704.4085,ts-config,113.2801,ts-ticket-office,53.55,ts-user,39.6167,ts-route,24.3233,ts-admin-order,18.294,ts-seat,11.5252,ts-cancel,9.09,ts-security,8.8075,ts-price,3.7893,ts-auth,3.4266,ts-inside-payment,2.11,ts-consign,0.8,ts-food-map,0.52,ts-notification,0.4462,ts-execute,0.43,ts-preserve,0.3133,ts-travel,0.2925,ts-order,0.205
127, -- ,ts-station,2469.8743,ts-train,2091.9746,ts-ticket-office,53.55,ts-config,46.0,ts-user,29.73,ts-food,18.796,ts-security,18.705,ts-seat,11.4279,ts-assurance,4.08,ts-auth,3.4266,ts-inside-payment,2.11,ts-notification,2.03,ts-price,1.3025,ts-admin-order,0.7862
128, -- ,ts-station,2973.7564,ts-train,1581.8804,ts-delivery,287.6,ts-admin-order,102.511,ts-config,46.0,ts-inside-payment,45.5966,ts-cancel,19.815,ts-security,6.63,ts-auth,4.6906,ts-travel,3.492,ts-user,2.73,ts-seat,1.015,ts-notification,1.0
129, -- ,ts-station,2857.1436,ts-train,1507.0673,ts-inside-payment,46.4758,ts-config,46.0,ts-security,34.65,ts-admin-order,28.1139,ts-seat,25.254,ts-cancel,22.32,ts-order,9.39,ts-preserve-other,7.62,ts-auth,4.8116,ts-travel,2.551,ts-price,2.0333,ts-admin-travel,0.26,ts-route,0.1117
130, -- ,ts-station,2855.8112,ts-train,1540.6911,ts-config,104.4259,ts-price,90.1547,ts-contacts,39.11,ts-security,23.615,ts-food-map,13.0355,ts-admin-order,11.4938,ts-route,8.93,ts-user,6.75,ts-seat,5.0688,ts-auth,3.4266,ts-travel,2.7234,ts-inside-payment,2.11,ts-cancel,1.2667,ts-order,0.75,ts-execute,0.43
131, -- ,ts-station,2991.0972,ts-train,1814.5369,ts-auth,380.9319,ts-consign,127.4,ts-contacts,124.57,ts-security,123.2725,ts-config,46.0,ts-seat,25.3874,ts-admin-order,20.6895,ts-user,13.95,ts-travel,9.43,ts-food,6.78,ts-execute,4.5775,ts-price,3.7418,ts-inside-payment,2.9225
132, -- ,ts-station,3119.3163,ts-train,1489.0193,ts-admin-order,77.7084,ts-config,46.2291,ts-notification,11.0983,ts-security,10.9655,ts-food,6.84,ts-consign,4.17,ts-contacts,3.63,ts-auth,3.4266,ts-seat,3.1088,ts-travel,2.7335,ts-inside-payment,2.11,ts-price,1.3025,ts-ticketinfo,0.88
133, -- ,ts-station,3223.1255,ts-train,1480.2861,ts-seat,1175.526,ts-travel,188.1233,ts-admin-order,69.28,ts-config,64.2546,ts-preserve,30.52,ts-delivery,18.38,ts-auth,12.8933,ts-security,10.91,ts-consign,9.54,ts-inside-payment,3.63,ts-execute,0.6475,ts-route,0.15
134, -- ,ts-station,3163.8147,ts-train,1583.5824,ts-config,46.075,ts-security,40.7375,ts-preserve,31.995,ts-travel,17.367,ts-auth,15.9833,ts-notification,10.035,ts-seat,7.7705,ts-cancel,7.08,ts-inside-payment,2.11,ts-route,1.2,ts-food,1.154
135, -- ,ts-station,3194.3474,ts-train,1558.3056,ts-config,47.6387,ts-cancel,45.09,ts-payment,42.265,ts-security,39.61,ts-seat,6.8717,ts-food-map,6.87,ts-travel,6.288,ts-inside-payment,4.1075,ts-auth,3.4266,ts-admin-order,3.1875,ts-order,2.8629,ts-route,2.4267,ts-execute,1.085,ts-price,0.155
136, -- ,ts-station,3010.7173,ts-train,1861.965,ts-config,50.857,ts-payment,41.15,ts-notification,18.1533,ts-admin-travel,8.28,ts-security,5.51,ts-travel,5.007,ts-seat,4.5507,ts-auth,3.4266,ts-verification-code,3.03,ts-inside-payment,2.11,ts-execute,1.63,ts-basic,0.0275
137, -- ,ts-station,3197.814,ts-train,1940.4276,ts-inside-payment,238.6491,ts-config,46.0,ts-security,41.7525,ts-travel,32.9725,ts-route,27.5405,ts-food-map,22.17,ts-cancel,13.11,ts-notification,11.8433,ts-seat,8.917,ts-food,4.26,ts-auth,3.4266,ts-assurance,3.18,ts-contacts,2.1933,ts-execute,2.1775,ts-admin-order,1.0772,ts-consign,0.81
138, -- ,ts-station,3083.7635,ts-train,1920.5385,ts-contacts,255.34,ts-travel,51.5045,ts-config,46.0,ts-security,44.7425,ts-notification,36.1783,ts-seat,15.8276,ts-food-map,13.15,ts-auth,11.7899,ts-admin-order,11.3012,ts-route,10.6575,ts-price,9.0625,ts-inside-payment,3.025,ts-order,0.5475,ts-admin-user,0.02
139, -- ,ts-station,3228.8094,ts-train,2027.8688,ts-preserve,64.62,ts-contacts,51.78,ts-config,46.0,ts-route,32.04,ts-security,23.7646,ts-travel,23.4669,ts-user,20.475,ts-seat,19.3172,ts-auth,17.5266,ts-delivery,16.445,ts-food-map,13.23,ts-inside-payment,2.9383,ts-notification,2.8733,ts-admin-order,2.2523,ts-basic,0.95
140, -- ,ts-station,3173.3455,ts-train,1874.1478,ts-consign,148.6,ts-payment,88.325,ts-config,47.3987,ts-food,39.401,ts-auth,30.3333,ts-security,26.5275,ts-seat,21.1762,ts-travel,13.735,ts-cancel,11.37,ts-user,10.53,ts-notification,4.375,ts-inside-payment,2.11,ts-admin-order,0.81,ts-delivery,0.425
141, -- ,ts-station,3127.0439,ts-train,1613.7415,ts-config,46.0,ts-order,29.97,ts-travel,25.7269,ts-consign,20.09,ts-seat,14.376,ts-route,13.0467,ts-security,8.0775,ts-notification,4.995,ts-auth,3.4266,ts-inside-payment,2.11,ts-food,1.5483,ts-user,0.18
142, -- ,ts-station,3114.9863,ts-train,1894.3709,ts-security,75.3475,ts-travel,68.9438,ts-config,46.0,ts-user,45.72,ts-preserve,24.95,ts-seat,19.7669,ts-notification,11.3183,ts-payment,5.985,ts-price,5.5764,ts-route,4.4958,ts-auth,3.4266,ts-order,3.224,ts-inside-payment,2.11,ts-execute,1.6933,ts-basic,0.5686
143, -- ,ts-station,3101.4463,ts-train,1504.074,ts-security,85.9499,ts-admin-order,82.7273,ts-config,46.0,ts-order,35.8679,ts-seat,24.9773,ts-preserve,23.82,ts-consign,10.53,ts-inside-payment,8.4341,ts-food,7.06,ts-auth,3.4266,ts-execute,3.2675,ts-travel,1.6908,ts-price,0.5625,ts-notification,0.21
144, -- ,ts-station,3151.3617,ts-train,1954.6564,ts-config,46.0,ts-delivery,42.775,ts-security,21.205,ts-seat,14.1581,ts-admin-order,10.5372,ts-food,6.73,ts-contacts,5.67,ts-user,5.4917,ts-auth,3.4266,ts-payment,2.675,ts-inside-payment,2.11,ts-travel,2.0615,ts-execute,0.54
145, -- ,ts-station,3043.6978,ts-train,1900.8504,ts-execute,114.0,ts-security,52.4125,ts-config,46.0,ts-cancel,42.06,ts-payment,18.98,ts-seat,18.7904,ts-travel,15.631,ts-auth,13.9949,ts-user,4.65,ts-inside-payment,3.6733,ts-admin-order,1.4225,ts-price,0.435
146, -- ,ts-station,3323.8146,ts-train,2035.8799,ts-auth,1116.1766,ts-cancel,121.34,ts-config,46.0,ts-admin-user,44.16,ts-security,28.7,ts-food-map,12.21,ts-admin-order,8.4809,ts-notification,4.375,ts-seat,3.9846,ts-inside-payment,2.11,ts-execute,0.7575,ts-price,0.4887,ts-contacts,0.2433
147, -- ,ts-station,3300.2915,ts-train,2316.1184,ts-auth,1116.0241,ts-config,46.0,ts-food,42.34,ts-cancel,25.41,ts-delivery,21.14,ts-user,18.39,ts-seat,12.4613,ts-security,12.3525,ts-food-map,5.892,ts-notification,4.12,ts-inside-payment,3.1925,ts-consign,3.12,ts-travel,2.7483,ts-contacts,0.8767,ts-payment,0.22
148, -- ,ts-station,3109.2177,ts-train,2286.7943,ts-auth,629.4749,ts-config,46.075,ts-security,40.7325,ts-route,27.6,ts-food,26.0567,ts-notification,21.4667,ts-inside-payment,12.74,ts-seat,8.891,ts-delivery,7.12,ts-price,6.0786,ts-payment,5.215,ts-travel,3.195,ts-user,1.86,ts-rebook,0.01
149, -- ,ts-station,3219.6481,ts-train,2339.9367,ts-auth,616.1199,ts-travel,102.6563,ts-config,49.5817,ts-contacts,46.4067,ts-security,29.9875,ts-route,27.6145,ts-food,15.36,ts-user,14.61,ts-payment,14.22,ts-admin-user,10.17,ts-seat,4.5661,ts-inside-payment,4.1208,ts-admin-order,0.1205,ts-notification,0.0729
150, -- ,ts-station,3019.3564,ts-train,1888.5162,ts-auth,367.0033,ts-seat,53.164,ts-config,51.48,ts-order,39.0,ts-travel,20.5264,ts-notification,11.9478,ts-delivery,10.47,ts-security,9.53,ts-route,5.49,ts-news,2.89,ts-contacts,2.5767,ts-inside-payment,2.12,ts-execute,1.5225,ts-assurance,0.9,ts-price,0.785,ts-food-map,0.48,ts-basic,0.0333
151, -- ,ts-station,3090.1032,ts-train,2017.5409,ts-auth,365.9266,ts-user,62.3633,ts-travel,58.5125,ts-config,51.4898,ts-security,35.7675,ts-delivery,29.42,ts-payment,29.295,ts-seat,27.6161,ts-notification,2.425,ts-inside-payment,2.11,ts-route,1.325,ts-execute,0.975,ts-food-map,0.2
152, -- ,ts-station,3239.4011,ts-train,1992.3555,ts-auth,365.9266,ts-config,46.445,ts-admin-order,18.503,ts-security,7.6875,ts-preserve,7.5,ts-seat,5.5252,ts-inside-payment,2.11,ts-travel,1.556
153, -- ,ts-station,3155.0197,ts-train,2044.9462,ts-auth,365.9266,ts-config,46.0,ts-preserve,38.3,ts-security,35.9825,ts-ticketinfo,22.942,ts-order,11.565,ts-delivery,6.86,ts-seat,5.8017,ts-admin-order,2.7437,ts-inside-payment,2.11,ts-price,1.015,ts-basic,0.87,ts-travel,0.135,ts-payment,0.08
154, -- ,ts-station,3087.5349,ts-train,2410.4201,ts-auth,240.9266,ts-config,46.0,ts-preserve,36.29,ts-security,29.2393,ts-ticketinfo,23.578,ts-travel,13.1142,ts-order,11.415,ts-seat,7.6921,ts-food-map,6.18,ts-inside-payment,5.1429,ts-execute,2.1775,ts-payment,1.85,ts-admin-order,0.66,ts-price,0.29,ts-route,0.1
155, -- ,ts-station,2917.1192,ts-train,2264.1268,ts-auth,240.9266,ts-food,155.88,ts-config,46.0,ts-contacts,40.18,ts-travel,23.2027,ts-seat,19.2452,ts-security,13.5268,ts-route,6.1775,ts-price,2.6467,ts-inside-payment,2.11,ts-admin-order,0.2562,ts-preserve,0.045
156, -- ,ts-station,2839.6077,ts-train,2444.7092,ts-contacts,116.435,ts-config,47.2762,ts-auth,43.3566,ts-admin-order,43.0056,ts-user,36.51,ts-rebook,27.2225,ts-seat,26.2679,ts-security,18.645,ts-admin-travel,14.0525,ts-food,9.35,ts-admin-basic-info,5.04,ts-inside-payment,2.11,ts-basic,0.646,ts-route,0.025
157, -- ,ts-station,3072.1307,ts-train,2096.6601,ts-cancel,95.93,ts-verification-code,49.93,ts-config,46.0,ts-auth,44.0166,ts-security,41.905,ts-preserve-other,36.48,ts-food,11.75,ts-travel,10.775,ts-notification,4.17,ts-seat,4.1031,ts-contacts,3.725,ts-inside-payment,2.73,ts-admin-travel,1.5625,ts-admin-basic-info,1.4425,ts-admin-order,1.3197,ts-rebook,1.2112,ts-basic,0.758
158, -- ,ts-station,3396.537,ts-train,2215.3108,ts-config,46.0,ts-security,39.55,ts-inside-payment,21.1033,ts-admin-order,13.3852,ts-notification,8.295,ts-route,5.1,ts-seat,3.5326,ts-auth,3.4266,ts-verification-code,1.15,ts-preserve-other,0.26
159, -- ,ts-station,3186.0961,ts-train,1915.15,ts-security,97.1745,ts-config,46.0,ts-travel,22.1796,ts-admin-user,18.27,ts-inside-payment,8.2009,ts-route,7.5667,ts-contacts,5.55,ts-auth,3.4266,ts-seat,1.7539,ts-payment,0.81,ts-price,0.5625,ts-food,0.5475,ts-order,0.5325
160, -- ,ts-station,3215.0564,ts-train,2910.1098,ts-config,46.0,ts-security,35.045,ts-seat,17.5614,ts-price,8.4575,ts-food,4.892,ts-auth,3.4266,ts-delivery,2.3767,ts-inside-payment,2.11,ts-travel,1.6279,ts-contacts,0.8733,ts-payment,0.65,ts-notification,0.445,ts-food-map,0.105
161, -- ,ts-station,3128.8826,ts-train,2846.294,ts-inside-payment,71.9883,ts-config,71.0617,ts-payment,60.26,ts-admin-order,22.4432,ts-security,19.275,ts-seat,16.4899,ts-price,13.8025,ts-food,13.4,ts-user,3.4683,ts-auth,3.4266,ts-route,1.5517,ts-execute,0.0175
162, -- ,ts-station,3177.276,ts-train,2708.6478,ts-preserve,92.1758,ts-config,46.0,ts-travel,43.1769,ts-seat,13.674,ts-security,7.3142,ts-contacts,4.9263,ts-basic,4.1737,ts-auth,3.4266,ts-admin-order,2.9267,ts-inside-payment,2.11,ts-user,1.335,ts-price,0.6642,ts-route,0.335
163, -- ,ts-station,3276.6355,ts-train,2812.7827,ts-ticketinfo,120.0,ts-preserve,86.42,ts-config,62.3262,ts-travel,43.0432,ts-inside-payment,25.3024,ts-admin-order,19.3124,ts-security,13.9617,ts-route,12.6017,ts-seat,11.8326,ts-contacts,4.274,ts-auth,3.4266,ts-price,2.0637,ts-notification,1.5533
164, -- ,ts-station,3177.2058,ts-train,2633.9155,ts-config,46.0,ts-travel,18.8,ts-notification,10.15,ts-seat,9.6945,ts-contacts,9.3,ts-auth,3.4266,ts-route,3.2425,ts-inside-payment,2.11,ts-security,0.5017
165, -- ,ts-station,3264.8043,ts-train,2995.7975,ts-security,88.825,ts-config,47.2217,ts-user,29.65,ts-seat,28.8465,ts-cancel,26.76,ts-price,22.6129,ts-admin-order,6.2002,ts-travel,5.9939,ts-route,4.77,ts-auth,3.4266,ts-inside-payment,2.11
166, -- ,ts-station,3053.4505,ts-train,2597.2966,ts-payment,59.12,ts-auth,55.6315,ts-config,46.0,ts-contacts,31.266,ts-security,24.145,ts-seat,23.1406,ts-food-map,21.75,ts-user,13.41,ts-cancel,2.2075,ts-inside-payment,2.11,ts-admin-order,0.898,ts-travel,0.2325,ts-basic,0.0275
167, -- ,ts-station,2939.5245,ts-train,2635.487,ts-auth,53.7299,ts-config,46.0,ts-travel,29.8184,ts-route,25.68,ts-food-map,21.51,ts-security,19.0,ts-payment,17.535,ts-inside-payment,11.155,ts-notification,7.52,ts-seat,3.174,ts-price,2.25,ts-contacts,2.16,ts-user,0.57
168, -- ,ts-station,2699.9421,ts-train,2315.0855,ts-seat,75.1805,ts-config,46.0,ts-travel,12.4655,ts-preserve,11.5167,ts-security,7.835,ts-auth,3.8447,ts-inside-payment,3.695,ts-contacts,2.955,ts-route,2.7975,ts-ticketinfo,1.674,ts-price,0.6642,ts-notification,0.26
169, -- ,ts-station,2820.7556,ts-train,2635.1419,ts-preserve,97.26,ts-cancel,89.7,ts-user,78.3009,ts-security,47.2675,ts-config,46.0,ts-travel,42.7601,ts-seat,34.6796,ts-inside-payment,13.1929,ts-food,7.4927,ts-notification,4.7483,ts-auth,3.4266,ts-price,2.2412,ts-ticketinfo,1.356,ts-route,1.0,ts-payment,0.81,ts-contacts,0.2233
170, -- ,ts-station,2702.5236,ts-train,2438.1292,ts-config,46.0,ts-admin-order,31.0615,ts-food,9.13,ts-security,9.01,ts-seat,8.7032,ts-inside-payment,6.9916,ts-contacts,4.0,ts-auth,3.4266,ts-assurance,3.18,ts-cancel,3.11,ts-payment,2.0375,ts-travel,1.9409,ts-user,0.8527
171, -- ,ts-train,2851.3023,ts-station,2598.5149,ts-security,48.924,ts-config,46.0,ts-preserve,45.74,ts-contacts,18.63,ts-notification,16.2799,ts-route,16.0543,ts-seat,12.2618,ts-admin-order,8.413,ts-food,5.33,ts-travel,4.618,ts-user,4.0836,ts-auth,3.4266,ts-inside-payment,2.11,ts-basic,1.652,ts-price,0.1067
172, -- ,ts-station,2797.9363,ts-train,2340.0551,ts-notification,860.455,ts-config,46.0,ts-user,35.9367,ts-security,12.9375,ts-seat,11.7259,ts-travel,11.34,ts-preserve,6.8317,ts-auth,3.4266,ts-admin-order,2.7727,ts-inside-payment,2.11,ts-route,0.21,ts-food,0.02
173, -- ,ts-station,3116.1638,ts-train,2985.656,ts-route,71.92,ts-security,50.0667,ts-config,46.0,ts-auth,3.4266,ts-admin-order,2.4045,ts-inside-payment,2.11,ts-preserve,1.7,ts-seat,1.3538
174, -- ,ts-station,3133.8274,ts-train,2699.6118,ts-travel,59.4518,ts-config,46.0,ts-security,30.2542,ts-auth,3.4309,ts-seat,3.2883,ts-inside-payment,2.11,ts-preserve,1.43,ts-payment,0.8241,ts-price,0.6517,ts-route,0.4067,ts-user,0.0509
175, -- ,ts-station,2996.1445,ts-train,2818.5782,ts-notification,52.6566,ts-travel,49.535,ts-config,46.0,ts-seat,21.0359,ts-assurance,18.21,ts-user,17.1817,ts-security,17.0525,ts-route,9.1765,ts-auth,3.4266,ts-inside-payment,2.11,ts-admin-basic-info,1.6825,ts-execute,0.81,ts-price,0.6517,ts-admin-order,0.21
176, -- ,ts-train,2931.1361,ts-station,2738.8002,ts-admin-order,202.2257,ts-ticketinfo,105.72,ts-config,47.185,ts-auth,38.457,ts-notification,16.105,ts-security,4.775,ts-admin-travel,4.1662,ts-travel,3.1485,ts-contacts,3.13,ts-seat,3.0978,ts-rebook,2.8937,ts-preserve-other,2.6037,ts-inside-payment,2.11,ts-preserve,1.5767,ts-verification-code,1.15,ts-admin-basic-info,0.7212
177, -- ,ts-train,3233.4423,ts-station,2839.5344,ts-auth,164.3866,ts-user,113.73,ts-security,55.1529,ts-config,46.0,ts-cancel,39.51,ts-contacts,14.01,ts-seat,14.0039,ts-admin-order,11.568,ts-travel,4.5089,ts-preserve-other,3.125,ts-rebook,2.8937,ts-admin-travel,2.6037,ts-food-map,2.25,ts-inside-payment,2.11,ts-verification-code,0.835,ts-notification,0.36,ts-admin-route,0.25
178, -- ,ts-train,13714.5266,ts-station,2839.6565,ts-preserve,406.74,ts-auth,142.1095,ts-config,46.0,ts-seat,29.9512,ts-notification,25.08,ts-security,23.8325,ts-preserve-other,7.2912,ts-ticketinfo,5.8,ts-rebook,5.7787,ts-admin-travel,5.2087,ts-admin-order,4.3993,ts-inside-payment,3.5025,ts-admin-basic-info,2.1637,ts-basic,1.874,ts-contacts,1.79,ts-food-map,1.59,ts-verification-code,0.99,ts-route,0.8167
179, -- ,ts-train,10127.6745,ts-station,2704.2399,ts-auth,72.6625,ts-route,54.3233,ts-config,46.0,ts-preserve-other,5.7287,ts-admin-travel,5.7287,ts-rebook,5.2975,ts-security,3.52,ts-notification,3.185,ts-contacts,3.13,ts-ticketinfo,3.102,ts-admin-order,2.46,ts-basic,2.21,ts-admin-basic-info,2.1637,ts-inside-payment,2.11,ts-execute,1.85,ts-verification-code,1.31,ts-travel,1.2067
180, -- ,ts-train,6366.5725,ts-station,2620.7791,ts-preserve,621.095,ts-auth,92.48,ts-config,46.445,ts-travel,42.3447,ts-security,10.9275,ts-seat,7.384,ts-basic,4.78,ts-admin-basic-info,4.0862,ts-admin-order,3.2922,ts-inside-payment,2.11,ts-verification-code,1.31,ts-payment,1.31,ts-admin-travel,1.0412,ts-ticketinfo,1.038,ts-rebook,0.9712,ts-admin-route,0.9712,ts-notification,0.5,ts-contacts,0.45,ts-route,0.085
181, -- ,ts-consign,6816.5725,ts-route,6553.2116,ts-order,6497.4475,ts-travel,5675.64,ts-voucher,3651.4275,ts-avatar,3552.325,ts-ticket-office,3473.8908,ts-basic,3435.349,ts-admin-travel,3422.4225,ts-news,3422.0717,ts-admin-basic-info,3418.84,ts-assurance,3412.3767,ts-rebook,3402.795,ts-preserve-other,3399.9425,ts-admin-route,3398.9162,ts-price,3373.9833,ts-cancel,3331.775,ts-admin-order,3329.15,ts-verification-code,3282.8725,ts-admin-user,3271.955,ts-contacts,3262.5725,ts-user,3256.5675,ts-seat,3246.0567,ts-food,3215.77,ts-ticketinfo,3158.8935,ts-config,1884.3175,ts-preserve,1882.275,ts-inside-payment,1791.905,ts-food-map,1760.065,ts-execute,1755.3292,ts-payment,1709.0933,ts-delivery,1708.5783,ts-train,1249.1075,ts-notification,1159.0732,ts-security,1051.1275,ts-station,1027.5675,ts-auth,516.2517,ts-ui,178.8675
