1, -- 
2, -- 
3, -- 
4, -- 
5, -- 
6, -- 
7, -- 
8, -- 
9, -- 
10, -- 
11, -- 
12, -- 
13, -- 
14, -- 
15, -- 
16, -- 
17, -- 
18, -- 
19, -- 
20, -- 
21, -- 
22, -- 
23, -- 
24, -- 
25, -- 
26, -- 
27, -- 
28, -- ,ts-price,12.1447,ts-contacts,9.2878,ts-route,7.4647,ts-preserve-other,5.0579,ts-order,5.0,ts-travel,4.8963,ts-execute,2.0,ts-cancel,1.0,ts-config,1.0,ts-auth,1.0,ts-seat,0.9529,ts-notification,0.8924,ts-payment,0.3745,ts-ticketinfo,0.0,ts-train,0.0,ts-basic,0.0,ts-station,0.0,ts-delivery,-0.2845,ts-consign,-0.8197,ts-rebook,-2.0,ts-food-map,-3.041,ts-preserve,-3.2498,ts-security,-3.7209,ts-inside-payment,-4.3348,ts-verification-code,-6.4596,ts-user,-7.5942,ts-food,-15.8805
29, -- ,ts-travel,16.3067,ts-user,13.9247,ts-train,8.0,ts-payment,6.2862,ts-consign,5.8345,ts-notification,5.3857,ts-rebook,3.4337,ts-security,3.0366,ts-seat,2.9973,ts-cancel,0.0,ts-basic,0.0,ts-ui,-1.0,ts-auth,-1.0473,ts-admin-basic-info,-1.2247,ts-contacts,-1.2592,ts-price,-1.7824,ts-preserve,-1.9193,ts-config,-1.9618,ts-food-map,-2.3844,ts-station,-3.0,ts-verification-code,-3.0803,ts-preserve-other,-4.8229,ts-execute,-4.9004,ts-inside-payment,-5.6346,ts-food,-10.5872,ts-admin-order,-13.4141,ts-order,-14.3882,ts-route,-22.6182
30, -- ,ts-food,16.622,ts-user,14.0434,ts-travel,10.867,ts-food-map,8.5581,ts-verification-code,7.0415,ts-order,6.2073,ts-admin-basic-info,1.0687,ts-delivery,0.3308,ts-station,0.0,ts-basic,0.0,ts-route,-0.0475,ts-admin-order,-0.7071,ts-ticketinfo,-1.0,ts-notification,-1.0364,ts-preserve-other,-1.3226,ts-preserve,-1.3691,ts-config,-2.2173,ts-contacts,-2.2717,ts-seat,-2.4366,ts-train,-2.9888,ts-execute,-4.2809,ts-security,-4.6276,ts-inside-payment,-4.6297,ts-cancel,-6.0,ts-consign,-7.06,ts-payment,-8.3525,ts-price,-12.959
31, -- ,ts-inside-payment,18.6061,ts-consign,8.0355,ts-security,4.5859,ts-rebook,3.1531,ts-food,2.4167,ts-travel,2.1414,ts-contacts,2.0975,ts-station,2.0,ts-seat,1.9559,ts-preserve,1.7022,ts-delivery,1.3669,ts-admin-order,1.357,ts-config,1.2078,ts-ui,0.0,ts-ticketinfo,0.0,ts-assurance,0.0,ts-train,-0.4292,ts-auth,-0.7399,ts-preserve-other,-0.8086,ts-food-map,-0.9627,ts-execute,-1.0,ts-verification-code,-1.9331,ts-user,-2.9976,ts-notification,-3.0515,ts-payment,-7.3681,ts-route,-10.1654,ts-price,-10.7252,ts-order,-27.8595
32, -- ,ts-user,19.3005,ts-config,10.6891,ts-station,8.3861,ts-train,8.3264,ts-ticketinfo,8.0,ts-auth,8.0,ts-execute,6.0706,ts-security,5.3541,ts-verification-code,4.4717,ts-seat,3.8903,ts-delivery,3.2381,ts-food,2.4299,ts-admin-order,1.7321,ts-ui,0.0,ts-assurance,0.0,ts-payment,-0.0495,ts-rebook,-0.4411,ts-preserve,-0.8447,ts-notification,-1.0,ts-consign,-2.0441,ts-travel,-4.3175,ts-food-map,-4.3734,ts-price,-4.6878,ts-contacts,-7.4132,ts-inside-payment,-9.5507,ts-route,-13.8737,ts-order,-28.9116
33, -- ,ts-contacts,66.103,ts-inside-payment,57.7161,ts-payment,34.6828,ts-auth,34.5821,ts-travel,16.2611,ts-consign,14.34,ts-verification-code,12.6059,ts-food-map,10.1885,ts-price,5.873,ts-user,4.8181,ts-train,1.4874,ts-preserve-other,0.9668,ts-basic,0.0912,ts-execute,-0.6547,ts-delivery,-0.6599,ts-preserve,-2.1563,ts-ui,-2.2163,ts-notification,-2.5831,ts-security,-2.7365,ts-config,-5.925,ts-food,-7.5476,ts-seat,-8.0863,ts-rebook,-9.9433,ts-station,-13.3607,ts-route,-18.9368,ts-order,-58.1847,ts-ticketinfo,-59.1157
34, -- ,ts-travel,1122.4929,ts-food,81.3907,ts-contacts,30.7802,ts-auth,7.8373,ts-inside-payment,7.2081,ts-delivery,6.4431,ts-preserve,5.9762,ts-payment,3.4901,ts-preserve-other,0.7511,ts-route,-0.055,ts-verification-code,-1.4182,ts-food-map,-1.4941,ts-notification,-2.9895,ts-config,-4.5946,ts-security,-5.1491,ts-train,-5.8428,ts-consign,-5.8531,ts-ui,-8.6075,ts-price,-10.6277,ts-user,-11.5447,ts-station,-13.3582,ts-seat,-44.6663,ts-ticketinfo,-51.6431,ts-order,-61.4008
35, -- ,ts-payment,178.1295,ts-inside-payment,99.7187,ts-food,54.2434,ts-travel,20.0398,ts-ui,8.8433,ts-preserve,6.7372,ts-cancel,2.73,ts-preserve-other,2.0471,ts-verification-code,-0.8074,ts-config,-1.8063,ts-execute,-3.0575,ts-train,-4.3735,ts-food-map,-4.77,ts-rebook,-6.6232,ts-consign,-7.3717,ts-notification,-7.9801,ts-user,-11.8315,ts-seat,-12.452,ts-contacts,-16.454,ts-price,-18.2484,ts-security,-27.1995,ts-order,-123.1626
36, -- ,ts-admin-order,79.1484,ts-payment,73.7202,ts-order,53.9418,ts-user,28.8215,ts-food,27.2262,ts-delivery,20.2484,ts-price,9.3302,ts-route,3.2825,ts-security,3.1231,ts-preserve,1.1152,ts-food-map,0.9649,ts-ui,0.3267,ts-config,-1.0134,ts-notification,-1.0919,ts-verification-code,-2.2645,ts-station,-3.2118,ts-train,-5.3138,ts-consign,-5.5683,ts-inside-payment,-5.8715,ts-rebook,-11.1346,ts-seat,-11.3255,ts-contacts,-15.1876,ts-ticketinfo,-24.2929,ts-travel,-30.3712
37, -- ,ts-order,15.0568,ts-user,8.9517,ts-preserve,7.1829,ts-food-map,4.9747,ts-train,2.995,ts-preserve-other,2.5897,ts-ticketinfo,1.3395,ts-delivery,0.4223,ts-config,0.1304,ts-execute,0.0,ts-route,0.0,ts-assurance,0.0,ts-basic,0.0,ts-rebook,-1.1206,ts-price,-1.1605,ts-notification,-1.6471,ts-ui,-2.7775,ts-station,-2.7808,ts-payment,-2.8661,ts-seat,-4.2355,ts-verification-code,-4.8273,ts-security,-6.4147,ts-contacts,-7.8716,ts-food,-10.0333,ts-travel,-11.412,ts-admin-order,-13.0,ts-inside-payment,-14.3069
38, -- ,ts-admin-order,11.5092,ts-travel,10.1792,ts-consign,5.8835,ts-config,5.6493,ts-rebook,3.1038,ts-preserve-other,2.757,ts-route,1.0015,ts-basic,1.0,ts-auth,0.0,ts-food-map,0.0,ts-execute,0.0,ts-ticketinfo,-0.6776,ts-ui,-1.0,ts-seat,-1.2134,ts-delivery,-1.4058,ts-verification-code,-1.4314,ts-station,-1.7118,ts-security,-2.8859,ts-price,-3.8703,ts-preserve,-4.2047,ts-inside-payment,-4.2816,ts-train,-4.5429,ts-food,-9.0931,ts-payment,-12.8728,ts-user,-13.6524,ts-order,-16.4461
39, -- ,ts-travel,238.6331,ts-contacts,154.041,ts-rebook,56.2935,ts-seat,52.2946,ts-consign,45.2205,ts-food-map,34.1597,ts-config,10.6141,ts-notification,4.5907,ts-basic,3.226,ts-auth,2.3175,ts-station,0.5038,ts-admin-order,0.1287,ts-food,-2.175,ts-assurance,-2.25,ts-price,-2.5592,ts-preserve-other,-2.6253,ts-security,-3.4422,ts-delivery,-3.9868,ts-inside-payment,-7.9464,ts-user,-11.5645,ts-payment,-15.4342,ts-order,-18.7914,ts-route,-55.1733,ts-preserve,-1602.6781,ts-ui,-2552039788846.242
40, -- ,ts-travel,260.0051,ts-payment,136.8022,ts-auth,87.4878,ts-contacts,56.7326,ts-config,18.6303,ts-inside-payment,16.7813,ts-verification-code,11.2717,ts-basic,7.6361,ts-user,6.5751,ts-order,5.7899,ts-notification,4.9602,ts-assurance,1.08,ts-execute,-0.13,ts-security,-0.4864,ts-delivery,-0.9495,ts-preserve-other,-1.3483,ts-price,-3.9318,ts-seat,-6.5369,ts-consign,-9.909,ts-food,-25.047,ts-route,-65.56,ts-preserve,-1608.0613,ts-ui,-2552039788836.015
41, -- ,ts-food-map,1574.0173,ts-consign,433.365,ts-travel,137.4929,ts-payment,104.2881,ts-rebook,77.9013,ts-assurance,46.47,ts-train,27.4028,ts-price,26.5288,ts-inside-payment,22.1139,ts-verification-code,18.1313,ts-station,18.0484,ts-notification,12.7888,ts-cancel,10.92,ts-user,8.9979,ts-auth,8.2353,ts-security,3.7473,ts-food,3.1967,ts-seat,2.7807,ts-execute,1.15,ts-preserve-other,-0.4679,ts-ui,-1.2492,ts-delivery,-4.2389,ts-contacts,-8.08,ts-order,-10.3563,ts-route,-30.4102,ts-preserve,-1598.3961
42, -- ,ts-food-map,1514.6852,ts-consign,435.195,ts-contacts,222.5382,ts-route,148.6271,ts-ticketinfo,59.1482,ts-seat,27.7979,ts-order,22.4888,ts-ticket-office,18.79,ts-verification-code,13.9809,ts-price,9.7873,ts-inside-payment,8.8956,ts-execute,4.805,ts-notification,2.5424,ts-delivery,1.1704,ts-cancel,0.13,ts-security,-0.1518,ts-train,-0.1783,ts-preserve-other,-2.437,ts-preserve,-6.7256,ts-food,-10.9797,ts-user,-11.018,ts-payment,-14.6612,ts-travel,-44.0122
43, -- ,ts-ui,5.7125,ts-cancel,5.2929,ts-inside-payment,5.1374,ts-food-map,4.7367,ts-payment,3.5013,ts-assurance,2.7589,ts-route,2.202,ts-ticketinfo,1.0,ts-ticket-office,1.0,ts-consign,0.2485,ts-auth,0.0,ts-contacts,-0.008,ts-execute,-0.8174,ts-station,-1.0,ts-delivery,-1.0462,ts-preserve,-1.4424,ts-preserve-other,-1.7242,ts-seat,-3.2005,ts-train,-3.5609,ts-security,-4.0629,ts-price,-4.9799,ts-notification,-5.0198,ts-travel,-7.2141,ts-food,-7.385,ts-user,-9.4091,ts-order,-22.6772
44, -- ,ts-travel,21.8762,ts-order,13.6948,ts-route,13.1469,ts-seat,12.4151,ts-inside-payment,7.1194,ts-preserve,3.2722,ts-ticketinfo,1.4142,ts-config,0.0,ts-admin-order,0.0,ts-basic,0.0,ts-delivery,0.0,ts-assurance,0.0,ts-execute,-0.2338,ts-preserve-other,-0.7673,ts-auth,-1.0,ts-train,-1.0,ts-ui,-1.0047,ts-station,-1.069,ts-notification,-2.0144,ts-verification-code,-2.4882,ts-security,-2.706,ts-food,-3.6034,ts-payment,-4.2217,ts-consign,-6.0,ts-contacts,-9.4833,ts-user,-9.566,ts-food-map,-11.4084,ts-price,-11.7392
45, -- ,ts-travel,14.2996,ts-admin-order,12.0,ts-consign,7.7979,ts-security,3.1433,ts-delivery,2.4684,ts-ticketinfo,1.0038,ts-preserve-other,0.48,ts-avatar,0.0,ts-notification,0.0,ts-ui,-0.0,ts-execute,-0.5979,ts-config,-1.0,ts-preserve,-1.2097,ts-verification-code,-2.4816,ts-seat,-2.9848,ts-route,-5.789,ts-user,-6.2717,ts-price,-7.4689,ts-food-map,-7.5419,ts-payment,-9.3196,ts-food,-9.4165,ts-inside-payment,-9.8963,ts-contacts,-13.249,ts-order,-14.0368
46, -- ,ts-inside-payment,24.1803,ts-user,16.3906,ts-route,9.2687,ts-cancel,6.0,ts-train,3.0,ts-food-map,2.0,ts-order,1.5247,ts-preserve,1.0,ts-basic,0.0,ts-contacts,0.0,ts-consign,0.0,ts-rebook,0.0,ts-security,0.0,ts-preserve-other,-0.08,ts-ui,-1.0,ts-ticketinfo,-1.0095,ts-config,-1.2757,ts-price,-1.4123,ts-seat,-1.8106,ts-notification,-1.8221,ts-assurance,-5.0,ts-travel,-9.5034,ts-payment,-10.0348
47, -- ,ts-order,28.488,ts-travel,21.4945,ts-payment,17.6461,ts-contacts,15.4285,ts-consign,12.0,ts-food-map,6.5614,ts-delivery,6.0,ts-user,3.7787,ts-ui,3.7237,ts-train,3.0,ts-config,0.044,ts-auth,0.0,ts-price,0.0,ts-admin-basic-info,0.0,ts-admin-route,0.0,ts-preserve-other,-1.5059,ts-verification-code,-1.6841,ts-preserve,-2.1494,ts-security,-4.0953,ts-inside-payment,-5.9356,ts-route,-6.1566,ts-seat,-6.1721,ts-admin-order,-10.6661,ts-food,-11.1718
48, -- ,ts-order,27.2204,ts-consign,7.5424,ts-travel,6.3338,ts-preserve-other,4.8664,ts-food-map,2.5691,ts-delivery,2.4851,ts-seat,1.972,ts-route,1.7242,ts-contacts,1.714,ts-config,0.422,ts-station,0.0,ts-admin-travel,0.0,ts-execute,0.0,ts-auth,0.0,ts-price,-0.7356,ts-security,-1.0,ts-admin-route,-1.0,ts-notification,-1.0,ts-basic,-1.0,ts-admin-basic-info,-1.0,ts-inside-payment,-1.0394,ts-rebook,-2.0,ts-payment,-3.9326,ts-food,-5.0684,ts-verification-code,-5.6853,ts-assurance,-6.0,ts-preserve,-6.1491,ts-user,-10.3119
49, -- ,ts-food,14.4721,ts-price,9.9981,ts-assurance,4.851,ts-config,3.0914,ts-preserve,2.3509,ts-delivery,1.4852,ts-seat,1.1889,ts-food-map,1.0373,ts-auth,1.0,ts-admin-travel,0.9987,ts-order,0.8367,ts-preserve-other,0.0442,ts-execute,0.0,ts-ticketinfo,0.0,ts-basic,0.0,ts-train,0.0,ts-security,-1.0,ts-rebook,-1.4081,ts-consign,-2.9695,ts-contacts,-4.478,ts-payment,-6.2906,ts-user,-6.43,ts-station,-7.0,ts-travel,-8.0192,ts-route,-14.6307
50, -- ,ts-travel,21.9711,ts-price,17.2263,ts-food,11.222,ts-payment,10.3699,ts-assurance,8.464,ts-preserve,5.586,ts-verification-code,5.2005,ts-train,3.0,ts-delivery,2.6521,ts-security,2.0,ts-contacts,1.9528,ts-auth,1.4134,ts-basic,1.0,ts-inside-payment,0.0,ts-admin-user,0.0,ts-execute,0.0,ts-order,-0.1423,ts-preserve-other,-0.5434,ts-rebook,-1.0403,ts-config,-3.4352,ts-station,-5.1505,ts-consign,-6.4407,ts-seat,-7.9195,ts-user,-9.5907,ts-food-map,-9.8819,ts-route,-13.6867
51, -- ,ts-seat,13.9916,ts-consign,8.2552,ts-inside-payment,7.0,ts-verification-code,6.574,ts-assurance,1.0,ts-notification,1.0,ts-preserve,0.6828,ts-admin-order,0.0,ts-train,0.0,ts-price,-0.1485,ts-delivery,-0.266,ts-config,-0.7934,ts-security,-1.0,ts-station,-1.0,ts-preserve-other,-1.525,ts-food-map,-2.2718,ts-travel,-2.7607,ts-execute,-3.0,ts-payment,-3.6398,ts-route,-5.7119,ts-food,-9.1504,ts-user,-9.3202,ts-order,-11.1407,ts-contacts,-16.5847
52, -- ,ts-food,27.0615,ts-config,7.1253,ts-consign,7.0,ts-security,3.9275,ts-contacts,3.5676,ts-seat,1.5263,ts-food-map,1.4002,ts-delivery,0.3533,ts-notification,0.0,ts-preserve-other,-0.2982,ts-execute,-0.4877,ts-auth,-0.6636,ts-station,-1.0,ts-route,-1.0008,ts-user,-1.7602,ts-payment,-1.9381,ts-price,-7.9916,ts-inside-payment,-8.6842,ts-admin-order,-13.0,ts-travel,-30.0186,ts-order,-30.1268
53, -- ,ts-food,3.0637,ts-order,1.5561,ts-execute,1.4886,ts-station,1.0,ts-verification-code,0.5337,ts-food-map,0.4778,ts-notification,0.174,ts-avatar,0.0,ts-ui,0.0,ts-rebook,-0.0,ts-preserve,-0.0057,ts-security,-0.0719,ts-inside-payment,-0.3507,ts-delivery,-0.5833,ts-admin-order,-1.3457,ts-preserve-other,-1.6671,ts-train,-2.0,ts-config,-2.4655,ts-user,-3.7153,ts-payment,-5.8147,ts-consign,-6.0,ts-price,-6.7284,ts-seat,-7.99,ts-contacts,-8.6719,ts-route,-12.3711,ts-travel,-27.4581
54, -- ,ts-user,20.6728,ts-route,15.1272,ts-contacts,4.7454,ts-seat,4.6809,ts-train,4.0,ts-delivery,2.6952,ts-payment,2.6517,ts-security,1.3622,ts-price,1.0,ts-station,0.0,ts-food-map,-0.6913,ts-auth,-1.0,ts-preserve,-1.3112,ts-config,-1.7821,ts-preserve-other,-1.8336,ts-rebook,-5.0,ts-order,-5.0318,ts-verification-code,-7.3058,ts-food,-7.456,ts-travel,-23.3459
55, -- ,ts-contacts,18.4902,ts-order,15.9754,ts-payment,12.8796,ts-seat,12.7834,ts-consign,6.0,ts-inside-payment,5.9182,ts-food-map,5.7687,ts-security,5.6568,ts-travel,5.0801,ts-train,4.3327,ts-preserve-other,2.4015,ts-user,1.1338,ts-price,1.0,ts-ui,1.0,ts-ticketinfo,0.0,ts-delivery,-0.437,ts-preserve,-0.6655,ts-rebook,-0.8212,ts-notification,-0.9549,ts-route,-2.2853,ts-station,-4.4142,ts-config,-4.4544,ts-food,-8.3824,ts-admin-order,-12.0
56, -- ,ts-contacts,17.4475,ts-price,5.1997,ts-preserve-other,0.769,ts-notification,0.3361,ts-auth,0.0,ts-basic,0.0,ts-route,0.0,ts-ticketinfo,0.0,ts-travel,-0.1175,ts-inside-payment,-0.5787,ts-verification-code,-1.0303,ts-delivery,-1.1584,ts-payment,-1.7792,ts-preserve,-1.8088,ts-ui,-2.0,ts-security,-2.0751,ts-food-map,-3.5011,ts-consign,-6.0,ts-food,-7.0372,ts-seat,-8.408,ts-user,-9.8699,ts-order,-27.4562
57, -- ,ts-travel,17.1045,ts-price,12.9596,ts-inside-payment,7.6821,ts-consign,6.0,ts-rebook,5.4141,ts-contacts,1.8331,ts-assurance,0.0,ts-cancel,0.0,ts-ticketinfo,0.0,ts-auth,0.0,ts-ui,0.0,ts-preserve-other,-0.0166,ts-basic,-1.0,ts-delivery,-1.2092,ts-config,-1.7592,ts-security,-2.527,ts-food-map,-2.8199,ts-payment,-5.8651,ts-route,-6.0,ts-seat,-7.2859,ts-user,-10.1192,ts-food,-11.5667,ts-order,-26.2525
58, -- ,ts-route,12.0,ts-seat,6.0228,ts-assurance,6.0,ts-consign,5.4722,ts-config,2.4266,ts-price,1.4523,ts-verification-code,1.0,ts-ticketinfo,1.0,ts-order,0.3432,ts-auth,0.0,ts-admin-order,0.0,ts-station,0.0,ts-basic,0.0,ts-inside-payment,-0.2021,ts-ui,-1.069,ts-delivery,-1.3484,ts-travel,-1.5833,ts-preserve-other,-2.0821,ts-security,-3.0537,ts-food-map,-4.1325,ts-preserve,-4.7507,ts-payment,-5.2523,ts-food,-6.4819,ts-user,-7.4621,ts-contacts,-19.2764
59, -- ,ts-food,9.7359,ts-food-map,8.2292,ts-ui,3.7798,ts-payment,2.8083,ts-travel,2.7689,ts-preserve,2.1952,ts-preserve-other,1.3611,ts-verification-code,1.3361,ts-assurance,1.0,ts-ticketinfo,1.0,ts-auth,1.0,ts-delivery,0.8955,ts-notification,0.0,ts-train,0.0,ts-station,0.0,ts-execute,0.0,ts-security,-0.3042,ts-seat,-0.9045,ts-config,-1.3911,ts-order,-4.9158,ts-route,-7.0,ts-price,-8.8802,ts-user,-18.3764,ts-contacts,-27.8874
60, -- ,ts-order,20.7423,ts-food,11.31,ts-assurance,8.5033,ts-consign,7.4739,ts-food-map,6.6498,ts-train,3.0,ts-delivery,2.7027,ts-ui,1.0,ts-auth,1.0,ts-preserve,0.6276,ts-preserve-other,0.3458,ts-station,0.0,ts-notification,-1.0,ts-rebook,-1.0,ts-ticketinfo,-2.0,ts-verification-code,-2.7562,ts-security,-3.1413,ts-payment,-3.414,ts-contacts,-3.841,ts-price,-4.6996,ts-seat,-6.9708,ts-inside-payment,-8.4404,ts-user,-12.2009,ts-travel,-23.8389
61, -- ,ts-user,20.6708,ts-payment,12.2358,ts-seat,11.5551,ts-train,6.2332,ts-preserve,3.1338,ts-auth,1.2727,ts-assurance,0.9998,ts-admin-order,0.0,ts-delivery,-0.8388,ts-rebook,-1.0,ts-ticketinfo,-1.0,ts-preserve-other,-1.2699,ts-inside-payment,-2.475,ts-contacts,-3.066,ts-food-map,-4.0484,ts-security,-6.0672,ts-price,-7.1674,ts-order,-10.0964,ts-food,-11.5963,ts-route,-14.3315,ts-travel,-15.359
62, -- ,ts-travel,20.475,ts-contacts,17.1791,ts-food-map,7.9814,ts-notification,5.0,ts-verification-code,4.4984,ts-ticketinfo,2.4046,ts-config,2.0,ts-train,1.4089,ts-rebook,1.4033,ts-user,1.2234,ts-admin-order,1.0,ts-cancel,0.0,ts-station,0.0,ts-execute,0.0,ts-consign,0.0,ts-preserve,-0.8391,ts-payment,-0.859,ts-preserve-other,-0.9888,ts-security,-1.8811,ts-route,-2.228,ts-food,-5.0,ts-seat,-5.1426,ts-price,-11.1653,ts-order,-22.5422
63, -- ,ts-travel,36.5098,ts-route,19.4853,ts-price,16.4451,ts-security,7.6713,ts-contacts,5.3313,ts-preserve-other,4.9563,ts-preserve,2.9633,ts-station,2.0,ts-config,2.0,ts-inside-payment,0.0,ts-execute,0.0,ts-delivery,0.0,ts-food-map,-0.7678,ts-verification-code,-0.7948,ts-seat,-2.7535,ts-notification,-2.8967,ts-train,-3.1255,ts-consign,-6.0,ts-user,-6.5366,ts-payment,-7.7462,ts-order,-8.0219
64, -- ,ts-order,23.8817,ts-seat,9.7018,ts-consign,6.0,ts-travel,5.9473,ts-config,5.2721,ts-preserve,2.4733,ts-notification,1.9914,ts-execute,1.0,ts-ui,0.0,ts-ticketinfo,0.0,ts-rebook,-0.4505,ts-delivery,-1.0,ts-security,-1.1447,ts-price,-1.2882,ts-route,-2.1466,ts-station,-2.1644,ts-preserve-other,-3.1916,ts-train,-4.1313,ts-verification-code,-4.9889,ts-contacts,-5.4054,ts-food,-7.0,ts-payment,-7.3686,ts-user,-7.3801
65, -- ,ts-order,39.3067,ts-preserve,9.5528,ts-user,6.2901,ts-food,6.0,ts-execute,0.162,ts-food-map,0.0,ts-admin-order,0.0,ts-auth,0.0,ts-security,-0.1249,ts-ticketinfo,-1.0,ts-preserve-other,-1.9522,ts-notification,-2.0,ts-seat,-2.3874,ts-inside-payment,-3.0,ts-route,-4.7708,ts-payment,-4.9445,ts-consign,-6.9841,ts-contacts,-8.0038,ts-price,-9.143,ts-travel,-12.8222
66, -- ,ts-contacts,16.2555,ts-user,14.5409,ts-order,13.9325,ts-delivery,6.0,ts-inside-payment,6.0,ts-train,5.7926,ts-food-map,2.0,ts-execute,1.2343,ts-station,0.0,ts-price,-0.9164,ts-notification,-1.6768,ts-preserve-other,-2.3401,ts-verification-code,-2.407,ts-security,-4.2748,ts-consign,-5.5053,ts-route,-6.1277,ts-food,-7.0151,ts-seat,-7.6218,ts-payment,-7.9868,ts-preserve,-8.9981,ts-travel,-18.8518
67, -- ,ts-payment,9.3056,ts-route,6.8228,ts-station,5.0,ts-contacts,3.4949,ts-price,1.0334,ts-ui,1.0,ts-order,0.6242,ts-delivery,0.3749,ts-admin-order,0.0,ts-cancel,0.0,ts-verification-code,-0.588,ts-train,-0.928,ts-config,-1.0,ts-user,-1.4755,ts-notification,-1.7071,ts-security,-3.207,ts-food-map,-4.0,ts-seat,-4.8113,ts-preserve,-6.1463,ts-inside-payment,-6.614,ts-travel,-10.3743,ts-food,-15.0785
68, -- ,ts-food,24.3365,ts-consign,8.4815,ts-user,8.3897,ts-seat,5.9579,ts-price,4.9323,ts-food-map,2.3686,ts-config,2.0,ts-preserve-other,1.948,ts-payment,1.3508,ts-inside-payment,0.4008,ts-rebook,0.0,ts-ticketinfo,-1.0,ts-route,-1.0,ts-preserve,-1.2029,ts-security,-1.2472,ts-train,-2.0068,ts-station,-2.2929,ts-delivery,-4.0,ts-travel,-4.1216,ts-admin-order,-7.0,ts-contacts,-7.1909,ts-order,-26.801
69, -- ,ts-admin-order,14.4842,ts-food-map,8.327,ts-train,6.0876,ts-order,6.0418,ts-verification-code,2.8114,ts-notification,2.4142,ts-delivery,2.4141,ts-preserve,2.2411,ts-travel,1.974,ts-food,1.1109,ts-rebook,1.0,ts-preserve-other,0.1673,ts-admin-basic-info,0.0,ts-route,0.0,ts-consign,0.0,ts-ui,0.0,ts-admin-route,0.0,ts-auth,0.0,ts-basic,0.0,ts-execute,-1.0,ts-ticketinfo,-1.0,ts-price,-1.397,ts-station,-2.3744,ts-inside-payment,-2.606,ts-seat,-7.3915,ts-user,-8.73,ts-contacts,-13.4445
70, -- ,ts-payment,11.8299,ts-seat,9.1423,ts-cancel,6.0,ts-price,2.0,ts-admin-basic-info,1.0,ts-inside-payment,1.0,ts-execute,1.0,ts-admin-route,1.0,ts-ui,1.0,ts-ticketinfo,0.8902,ts-preserve,0.6672,ts-route,0.0,ts-assurance,0.0,ts-basic,0.0,ts-security,0.0,ts-consign,-0.0,ts-delivery,-0.6477,ts-food,-0.9835,ts-travel,-1.1653,ts-preserve-other,-1.2821,ts-verification-code,-1.5467,ts-train,-1.9491,ts-food-map,-6.0655,ts-user,-8.7031,ts-order,-21.0382
71, -- ,ts-food-map,4.6285,ts-travel,4.2315,ts-ticketinfo,1.686,ts-preserve-other,1.5532,ts-price,1.0,ts-assurance,1.0,ts-security,1.0,ts-notification,0.0,ts-route,0.0,ts-rebook,-0.4577,ts-verification-code,-0.8998,ts-delivery,-0.9779,ts-config,-1.0,ts-inside-payment,-1.1524,ts-preserve,-2.0781,ts-payment,-2.5684,ts-food,-2.9015,ts-consign,-3.2991,ts-order,-3.6769,ts-seat,-4.2872,ts-contacts,-4.7267
72, -- ,ts-payment,11.1343,ts-order,9.1928,ts-consign,6.0,ts-user,5.3732,ts-station,3.0,ts-auth,1.0,ts-route,1.0,ts-config,1.0,ts-security,0.0,ts-food-map,-0.5633,ts-verification-code,-0.9972,ts-preserve,-1.1773,ts-notification,-2.0,ts-delivery,-2.0921,ts-seat,-3.0028,ts-assurance,-5.2929,ts-inside-payment,-5.9146,ts-cancel,-6.0,ts-price,-7.0,ts-travel,-8.9897,ts-contacts,-9.0411,ts-food,-17.2708
73, -- ,ts-travel,4.0,ts-assurance,1.4858,ts-route,1.0,ts-delivery,0.9311,ts-preserve-other,0.2066,ts-inside-payment,0.0,ts-ticketinfo,0.0,ts-security,0.0,ts-notification,0.0,ts-config,-0.7071,ts-auth,-1.0,ts-rebook,-1.0,ts-user,-1.178,ts-food-map,-2.0985,ts-order,-3.6315,ts-seat,-4.6556,ts-food,-7.5919,ts-contacts,-8.4629,ts-payment,-11.49,ts-preserve,-12.0
74, -- ,ts-inside-payment,13.4137,ts-consign,6.0,ts-travel,2.3914,ts-verification-code,2.3505,ts-order,1.9844,ts-delivery,1.925,ts-preserve,1.3763,ts-ticketinfo,1.0,ts-route,1.0,ts-rebook,0.7071,ts-admin-order,0.0,ts-train,0.0,ts-price,0.0,ts-security,0.0,ts-admin-travel,0.0,ts-basic,0.0,ts-admin-route,0.0,ts-notification,0.0,ts-ticket-office,0.0,ts-preserve-other,-1.2269,ts-assurance,-3.3671,ts-seat,-5.3038,ts-food-map,-5.3166,ts-user,-8.468,ts-food,-12.2473
75, -- ,ts-admin-order,12.0,ts-consign,12.0,ts-price,7.0,ts-inside-payment,4.9881,ts-verification-code,4.7427,ts-contacts,4.1209,ts-notification,2.0,ts-food,1.8177,ts-travel,1.6041,ts-rebook,1.412,ts-auth,0.0,ts-train,0.0,ts-ui,0.0,ts-delivery,-0.1753,ts-preserve,-0.1838,ts-assurance,-1.0,ts-route,-1.0,ts-preserve-other,-1.2289,ts-station,-3.0,ts-food-map,-3.9639,ts-seat,-3.979,ts-payment,-6.0883,ts-order,-7.4478,ts-user,-8.1552
76, -- ,ts-user,18.3307,ts-inside-payment,16.1119,ts-travel,15.0,ts-seat,11.9214,ts-train,6.0,ts-config,6.0,ts-notification,6.0,ts-contacts,4.9034,ts-preserve-other,1.7133,ts-assurance,0.6477,ts-cancel,0.0,ts-ui,0.0,ts-route,0.0,ts-price,0.0,ts-admin-basic-info,0.0,ts-security,0.0,ts-ticketinfo,-1.4674,ts-payment,-1.6466,ts-food-map,-2.3128,ts-verification-code,-3.6434,ts-consign,-6.0,ts-delivery,-7.0,ts-order,-20.5427
77, -- ,ts-contacts,14.386,ts-travel,10.9026,ts-user,9.6496,ts-assurance,7.4752,ts-ticket-office,6.0,ts-consign,6.0,ts-price,4.0,ts-ticketinfo,2.4676,ts-basic,1.0,ts-food-map,0.0,ts-notification,0.0,ts-security,0.0,ts-station,0.0,ts-config,0.0,ts-ui,0.0,ts-route,-0.0,ts-verification-code,-0.8442,ts-seat,-2.1384,ts-delivery,-3.0095,ts-train,-3.1543,ts-rebook,-3.3164,ts-food,-3.5387,ts-payment,-5.3352,ts-admin-travel,-6.0,ts-inside-payment,-15.4039,ts-order,-15.977,ts-admin-order,-16.1142
78, -- ,ts-contacts,16.9091,ts-route,13.0,ts-train,11.7773,ts-config,7.0,ts-price,6.6992,ts-food-map,6.0359,ts-consign,6.0,ts-admin-travel,6.0,ts-order,2.5212,ts-ui,2.0,ts-assurance,1.404,ts-seat,1.2603,ts-ticketinfo,1.0,ts-security,1.0,ts-delivery,0.0,ts-payment,0.0,ts-preserve,0.0,ts-admin-route,0.0,ts-notification,-1.0,ts-travel,-4.7774,ts-food,-5.4206,ts-user,-8.9143,ts-admin-order,-13.012
79, -- ,ts-order,22.3946,ts-user,13.0775,ts-assurance,6.0,ts-consign,5.0,ts-security,5.0,ts-travel,4.2914,ts-verification-code,0.2986,ts-preserve,0.0,ts-route,0.0,ts-price,-0.9414,ts-ticketinfo,-0.9804,ts-preserve-other,-1.0,ts-ui,-1.3043,ts-config,-2.6821,ts-train,-3.2688,ts-food-map,-3.3531,ts-food,-5.0,ts-payment,-5.0478,ts-contacts,-5.2948,ts-seat,-5.3714,ts-admin-basic-info,-6.0
80, -- ,ts-order,15.3221,ts-seat,8.2183,ts-admin-travel,7.383,ts-security,6.5878,ts-travel,3.721,ts-route,3.0,ts-delivery,2.0,ts-preserve,1.0,ts-preserve-other,1.0,ts-voucher,0.0,ts-assurance,0.0,ts-execute,0.0,ts-avatar,0.0,ts-contacts,0.0,ts-rebook,-0.0,ts-verification-code,-0.7976,ts-notification,-1.0,ts-config,-1.0,ts-ticketinfo,-1.0,ts-ui,-2.0,ts-payment,-3.4019,ts-user,-3.7549,ts-inside-payment,-5.0,ts-food-map,-5.4674,ts-consign,-6.0,ts-food,-6.3038,ts-price,-7.0079,ts-admin-order,-12.4448
81, -- ,ts-price,17.0903,ts-food,12.0395,ts-route,12.0,ts-seat,10.0203,ts-payment,7.0408,ts-food-map,4.9188,ts-travel,4.3474,ts-verification-code,4.0417,ts-ui,2.9388,ts-notification,2.3461,ts-preserve-other,2.23,ts-security,0.2629,ts-assurance,0.0,ts-ticketinfo,0.0,ts-preserve,0.0,ts-basic,0.0,ts-contacts,-1.0,ts-delivery,-1.0,ts-train,-1.0,ts-user,-4.1514,ts-inside-payment,-5.0,ts-config,-6.0,ts-consign,-8.5357,ts-admin-order,-12.2444,ts-order,-15.8628
82, -- ,ts-food,7.2766,ts-config,6.0,ts-price,2.784,ts-rebook,2.0,ts-seat,1.2416,ts-preserve,1.0,ts-ui,1.0,ts-inside-payment,1.0,ts-route,0.0,ts-basic,0.0,ts-station,0.0,ts-ticketinfo,0.0,ts-notification,0.0,ts-payment,-1.0058,ts-travel,-1.7317,ts-preserve-other,-1.9916,ts-security,-4.1495,ts-food-map,-4.5178,ts-consign,-5.0821,ts-order,-5.1211,ts-admin-travel,-6.0,ts-contacts,-6.0,ts-admin-basic-info,-6.0,ts-user,-6.6539
83, -- ,ts-admin-order,16.9408,ts-food,13.3034,ts-inside-payment,11.2973,ts-order,10.2756,ts-contacts,6.0,ts-admin-basic-info,6.0,ts-security,5.6666,ts-consign,4.7659,ts-train,0.0,ts-delivery,0.0,ts-assurance,0.0,ts-ui,0.0,ts-travel,-0.4106,ts-verification-code,-0.6523,ts-payment,-0.794,ts-food-map,-0.9777,ts-notification,-1.4196,ts-preserve-other,-3.7112,ts-price,-9.3915,ts-seat,-11.1594
84, -- ,ts-contacts,13.1191,ts-consign,8.4697,ts-seat,5.1202,ts-payment,4.9691,ts-verification-code,4.2265,ts-station,3.0,ts-preserve,2.4088,ts-rebook,2.0,ts-notification,1.4461,ts-config,0.0011,ts-auth,0.0,ts-route,0.0,ts-execute,0.0,ts-basic,0.0,ts-security,-1.1869,ts-preserve-other,-1.7301,ts-order,-1.8086,ts-admin-order,-1.995,ts-train,-2.0,ts-food,-2.9631,ts-food-map,-3.4527,ts-user,-6.0,ts-inside-payment,-7.496,ts-price,-7.5445,ts-travel,-23.1003
85, -- ,ts-contacts,18.8631,ts-travel,10.1871,ts-food-map,5.6834,ts-ui,2.0,ts-auth,1.0,ts-preserve,0.6845,ts-route,0.0,ts-config,0.0,ts-execute,0.0,ts-consign,0.0,ts-basic,0.0,ts-preserve-other,-0.5832,ts-delivery,-2.0,ts-security,-2.0371,ts-notification,-2.2358,ts-inside-payment,-2.5655,ts-train,-3.1772,ts-payment,-5.8071,ts-admin-travel,-6.0,ts-user,-6.0,ts-seat,-9.2751,ts-food,-10.2479,ts-price,-14.0084,ts-order,-17.3256
86, -- ,ts-user,12.0,ts-travel,8.8473,ts-food,6.962,ts-food-map,5.7075,ts-price,4.3865,ts-order,3.8589,ts-seat,3.4507,ts-preserve-other,2.9869,ts-contacts,2.4409,ts-config,1.0,ts-ui,0.0,ts-delivery,0.0,ts-ticket-office,0.0,ts-inside-payment,-1.0,ts-rebook,-1.0,ts-payment,-1.3939,ts-notification,-1.4071,ts-train,-2.5623,ts-security,-2.5911,ts-preserve,-3.5139,ts-route,-4.0,ts-consign,-6.0
87, -- ,ts-user,16.0698,ts-contacts,10.5456,ts-travel,5.0759,ts-order,2.509,ts-notification,2.0,ts-consign,1.0,ts-ui,1.0,ts-train,0.0,ts-cancel,0.0,ts-assurance,0.0,ts-voucher,0.0,ts-ticketinfo,0.0,ts-payment,-0.696,ts-delivery,-1.0,ts-preserve,-1.4094,ts-price,-1.8222,ts-food-map,-2.6475,ts-verification-code,-6.0,ts-admin-travel,-6.0,ts-route,-6.5652,ts-food,-7.6067,ts-seat,-10.6687
88, -- ,ts-user,17.8773,ts-consign,12.0,ts-seat,6.7805,ts-cancel,6.0,ts-train,3.9889,ts-order,1.7971,ts-rebook,1.0,ts-food,0.3538,ts-admin-user,0.0,ts-food-map,0.0,ts-admin-order,0.0,ts-ticketinfo,0.0,ts-basic,0.0,ts-verification-code,-0.0,ts-preserve,-0.1293,ts-auth,-1.0,ts-ui,-1.0,ts-preserve-other,-1.585,ts-payment,-1.9234,ts-inside-payment,-4.0,ts-assurance,-6.0,ts-route,-8.0449,ts-contacts,-11.5517,ts-travel,-13.3317
89, -- ,ts-contacts,17.6065,ts-auth,9.0,ts-inside-payment,6.0,ts-cancel,2.8783,ts-seat,1.8585,ts-preserve,1.7071,ts-food-map,1.0,ts-price,0.0,ts-consign,0.0,ts-train,0.0,ts-notification,0.0,ts-admin-basic-info,0.0,ts-user,-0.9836,ts-assurance,-0.9992,ts-travel,-1.1234,ts-route,-1.2247,ts-order,-1.911,ts-preserve-other,-2.2467,ts-ui,-3.0,ts-payment,-3.0,ts-security,-4.0,ts-admin-travel,-6.0,ts-food,-17.8331
90, -- ,ts-inside-payment,18.923,ts-user,15.9559,ts-admin-travel,8.4803,ts-food,7.7493,ts-admin-basic-info,6.0,ts-security,4.0,ts-food-map,3.4142,ts-route,1.0,ts-station,0.0,ts-price,0.0,ts-ticket-office,0.0,ts-preserve-other,-0.0758,ts-auth,-1.3467,ts-verification-code,-2.5667,ts-payment,-2.7088,ts-order,-2.8296,ts-assurance,-3.5244,ts-travel,-3.8678,ts-seat,-5.1546,ts-cancel,-5.9006,ts-consign,-6.0,ts-voucher,-6.0,ts-contacts,-9.1736
91, -- ,ts-inside-payment,22.1332,ts-seat,12.5083,ts-security,8.9157,ts-consign,7.651,ts-ticket-office,6.0,ts-payment,5.8711,ts-station,4.0,ts-contacts,3.282,ts-food,1.8357,ts-route,1.0,ts-admin-basic-info,1.0,ts-order,0.1774,ts-basic,0.0,ts-config,0.0,ts-price,0.0,ts-train,0.0,ts-admin-user,0.0,ts-admin-route,0.0,ts-execute,0.0,ts-delivery,0.0,ts-notification,0.0,ts-admin-travel,-1.0,ts-ui,-1.6531,ts-food-map,-1.828,ts-rebook,-2.0,ts-user,-6.5453,ts-travel,-6.766
92, -- ,ts-food,14.9421,ts-payment,7.9644,ts-seat,6.3339,ts-ui,2.4135,ts-verification-code,2.0,ts-delivery,1.0,ts-route,1.0,ts-ticketinfo,0.0,ts-preserve-other,-0.912,ts-admin-travel,-1.4907,ts-food-map,-1.7715,ts-security,-1.8105,ts-travel,-1.9432,ts-station,-4.3349,ts-consign,-5.8584,ts-inside-payment,-6.9737,ts-price,-7.0,ts-contacts,-11.344,ts-user,-12.2086,ts-order,-20.27
93, -- ,ts-order,15.4979,ts-travel,8.3954,ts-food-map,7.9268,ts-cancel,6.0,ts-rebook,2.0,ts-ticketinfo,1.0,ts-preserve,0.0,ts-consign,0.0,ts-assurance,0.0,ts-notification,0.0,ts-train,0.0,ts-admin-order,0.0,ts-preserve-other,-1.1625,ts-ui,-1.3631,ts-inside-payment,-1.4539,ts-user,-2.1154,ts-security,-2.9588,ts-voucher,-6.0,ts-payment,-6.241,ts-seat,-7.5157,ts-food,-13.3763,ts-contacts,-13.872
94, -- ,ts-payment,9.2825,ts-security,6.0,ts-preserve,2.0,ts-food-map,1.2351,ts-preserve-other,1.219,ts-route,1.0,ts-contacts,0.0,ts-ticketinfo,0.0,ts-execute,0.0,ts-auth,0.0,ts-admin-basic-info,0.0,ts-price,0.0,ts-consign,0.0,ts-admin-user,0.0,ts-inside-payment,-0.7511,ts-notification,-1.0,ts-verification-code,-1.0,ts-ui,-1.3108,ts-seat,-5.4511,ts-user,-5.9629,ts-food,-8.7344,ts-order,-10.7493,ts-travel,-11.7721
95, -- ,ts-food,14.6127,ts-user,11.3087,ts-travel,9.3947,ts-payment,2.8624,ts-ticketinfo,2.0,ts-preserve,1.1496,ts-delivery,1.0,ts-config,0.0,ts-price,0.0,ts-notification,0.0,ts-assurance,0.0,ts-consign,-0.0,ts-inside-payment,-0.6246,ts-order,-0.8675,ts-contacts,-2.1675,ts-food-map,-2.231,ts-seat,-3.1194,ts-security,-3.6345,ts-route,-8.0
96, -- ,ts-food,18.2494,ts-seat,12.8959,ts-payment,12.5233,ts-contacts,6.0562,ts-assurance,6.0,ts-price,6.0,ts-preserve,4.138,ts-order,3.9966,ts-rebook,2.0,ts-delivery,2.0,ts-preserve-other,1.3705,ts-verification-code,1.0,ts-route,0.2379,ts-execute,0.0,ts-config,0.0,ts-station,0.0,ts-security,-0.1631,ts-inside-payment,-0.667,ts-ticketinfo,-1.0,ts-food-map,-1.8915,ts-travel,-6.6223,ts-user,-6.704,ts-consign,-12.0
97, -- ,ts-order,16.5838,ts-user,7.6477,ts-station,2.0,ts-ui,2.0,ts-preserve-other,1.7709,ts-seat,0.7321,ts-consign,0.0,ts-train,0.0,ts-notification,0.0,ts-admin-order,0.0,ts-travel,-0.5381,ts-preserve,-0.5629,ts-contacts,-0.6337,ts-inside-payment,-1.0,ts-food-map,-1.3705,ts-verification-code,-1.5505,ts-route,-1.69,ts-food,-1.82,ts-ticketinfo,-2.8323,ts-assurance,-4.776,ts-payment,-5.7326,ts-price,-13.3308
98, -- ,ts-consign,6.0,ts-food-map,3.7929,ts-travel,2.1136,ts-preserve,1.0,ts-station,1.0,ts-cancel,0.0,ts-price,0.0,ts-config,0.0,ts-admin-travel,0.0,ts-notification,0.0,ts-security,0.0,ts-assurance,0.0,ts-admin-order,-0.0,ts-rebook,-1.0,ts-food,-1.208,ts-route,-1.4035,ts-payment,-3.4048,ts-order,-5.3986,ts-contacts,-7.7835,ts-seat,-8.9138,ts-user,-13.7752
99, -- ,ts-price,15.4782,ts-food-map,10.7265,ts-contacts,6.7673,ts-order,4.0085,ts-security,3.0,ts-cancel,1.0,ts-admin-order,1.0,ts-preserve,0.7006,ts-auth,0.0,ts-route,0.0,ts-config,0.0,ts-basic,0.0,ts-train,0.0,ts-admin-basic-info,0.0,ts-admin-route,0.0,ts-consign,-0.0,ts-verification-code,-0.5585,ts-rebook,-0.7539,ts-preserve-other,-1.4111,ts-ui,-2.0,ts-seat,-2.1488,ts-assurance,-2.526,ts-payment,-5.1007,ts-notification,-6.0,ts-travel,-6.3648,ts-user,-12.9083,ts-food,-15.0026
100, -- ,ts-admin-order,14.6617,ts-assurance,8.4725,ts-travel,5.4142,ts-seat,2.4138,ts-station,2.0,ts-price,1.1639,ts-rebook,1.1076,ts-auth,1.0,ts-inside-payment,1.0,ts-admin-user,0.0,ts-delivery,0.0,ts-ui,0.0,ts-execute,0.0,ts-news,0.0,ts-security,-1.0,ts-preserve,-1.0,ts-food,-2.6067,ts-train,-3.0,ts-food-map,-3.6193,ts-contacts,-5.8966,ts-order,-6.5035,ts-consign,-12.0
101, -- ,ts-contacts,12.5964,ts-travel,10.2972,ts-assurance,6.6129,ts-admin-route,6.0,ts-user,3.5277,ts-station,3.0,ts-payment,2.7586,ts-inside-payment,2.0,ts-order,1.9616,ts-verification-code,1.0,ts-ticketinfo,0.0,ts-news,0.0,ts-train,0.0,ts-route,0.0,ts-preserve,0.0,ts-ticket-office,0.0,ts-admin-user,0.0,ts-ui,-1.0,ts-food-map,-3.5537,ts-consign,-6.0,ts-seat,-7.6229,ts-food,-9.4803
102, -- ,ts-contacts,18.5865,ts-user,16.9577,ts-ui,5.3065,ts-preserve,3.0,ts-travel,1.3996,ts-preserve-other,1.0,ts-food-map,0.8512,ts-station,0.7746,ts-inside-payment,0.0,ts-route,0.0,ts-train,0.0,ts-price,0.0,ts-voucher,0.0,ts-security,0.0,ts-config,0.0,ts-auth,-1.4125,ts-payment,-2.7602,ts-seat,-2.9375,ts-food,-3.0314,ts-consign,-5.0155,ts-order,-5.0264,ts-assurance,-5.9477
103, -- ,ts-food,16.3679,ts-contacts,12.743,ts-admin-order,12.0,ts-verification-code,2.0,ts-preserve,1.2929,ts-seat,0.5489,ts-cancel,0.0,ts-notification,0.0,ts-train,0.0,ts-consign,0.0,ts-delivery,0.0,ts-config,0.0,ts-user,-0.0828,ts-travel,-0.4533,ts-auth,-0.7428,ts-security,-1.0,ts-ui,-1.0,ts-rebook,-1.0,ts-station,-1.7881,ts-food-map,-4.6184,ts-order,-5.1076,ts-payment,-5.1298,ts-inside-payment,-9.0
104, -- ,ts-consign,8.4099,ts-food-map,7.6403,ts-food,4.3429,ts-travel,3.1187,ts-order,0.6621,ts-ui,0.3071,ts-payment,0.0,ts-route,0.0,ts-delivery,0.0,ts-admin-basic-info,0.0,ts-config,0.0,ts-admin-travel,0.0,ts-ticketinfo,-1.0,ts-preserve-other,-1.0,ts-rebook,-1.0,ts-preserve,-1.0,ts-seat,-2.7605,ts-inside-payment,-3.0,ts-contacts,-3.6673,ts-cancel,-6.0
105, -- ,ts-seat,11.9459,ts-verification-code,4.0,ts-consign,3.6169,ts-auth,1.4134,ts-rebook,1.3409,ts-order,0.2456,ts-admin-order,0.0,ts-price,0.0,ts-notification,0.0,ts-inside-payment,0.0,ts-ui,0.0,ts-station,0.0,ts-route,0.0,ts-train,0.0,ts-assurance,-0.0,ts-preserve-other,-0.8606,ts-security,-1.0,ts-ticketinfo,-1.0,ts-food-map,-1.4223,ts-payment,-3.0,ts-travel,-5.7845,ts-food,-11.8979,ts-contacts,-16.5791
106, -- ,ts-order,21.2127,ts-travel,16.4386,ts-food,14.1914,ts-payment,6.038,ts-inside-payment,6.0,ts-admin-travel,6.0,ts-assurance,5.0,ts-consign,1.9158,ts-security,0.9286,ts-auth,0.6328,ts-delivery,0.0,ts-train,0.0,ts-ticket-office,0.0,ts-basic,0.0,ts-config,0.0,ts-price,0.0,ts-admin-route,0.0,ts-seat,-0.1163,ts-cancel,-0.6703,ts-route,-1.0,ts-food-map,-1.1186,ts-preserve-other,-1.3774,ts-verification-code,-3.4483,ts-notification,-4.0,ts-contacts,-5.0863,ts-admin-order,-11.0
107, -- ,ts-travel,0.3308,ts-ui,0.0,ts-config,0.0,ts-admin-user,0.0,ts-basic,0.0,ts-delivery,0.0,ts-payment,-0.1887,ts-notification,-0.8485,ts-security,-1.0,ts-inside-payment,-1.2416,ts-preserve-other,-1.261,ts-seat,-4.0834,ts-verification-code,-4.1694,ts-food-map,-4.3427,ts-contacts,-4.9629,ts-assurance,-6.0,ts-food,-6.1081,ts-consign,-12.2524,ts-order,-16.6769
108, -- ,ts-delivery,1.0,ts-preserve-other,0.2654,ts-food-map,0.2611,ts-preserve,0.0,ts-auth,0.0,ts-consign,0.0,ts-user,0.0,ts-config,0.0,ts-price,0.0,ts-security,-0.2374,ts-ticketinfo,-1.0,ts-payment,-1.4123,ts-travel,-1.4154,ts-ui,-2.0,ts-rebook,-2.0,ts-seat,-5.8085,ts-admin-travel,-6.0,ts-food,-6.1407,ts-order,-15.1011
109, -- ,ts-seat,15.3436,ts-food-map,8.0952,ts-assurance,6.0,ts-price,6.0,ts-user,5.0,ts-travel,3.9216,ts-preserve-other,1.402,ts-ticketinfo,1.0,ts-train,0.0,ts-security,0.0,ts-execute,0.0,ts-delivery,-0.0,ts-consign,-0.3626,ts-preserve,-1.0,ts-rebook,-2.0,ts-payment,-3.8014,ts-contacts,-4.6798,ts-cancel,-6.0,ts-inside-payment,-7.0438,ts-food,-7.4906,ts-admin-travel,-8.4729,ts-order,-16.8631
110, -- ,ts-payment,10.3865,ts-contacts,8.4057,ts-assurance,7.2423,ts-admin-travel,5.3041,ts-travel,4.6814,ts-preserve,0.0,ts-config,0.0,ts-auth,0.0,ts-notification,0.0,ts-verification-code,-0.0,ts-seat,-0.026,ts-inside-payment,-0.927,ts-train,-1.0,ts-food-map,-4.2392,ts-consign,-6.0,ts-order,-13.8913,ts-food,-14.8263
111, -- ,ts-consign,12.0,ts-contacts,6.9823,ts-cancel,6.0,ts-seat,5.4706,ts-travel,3.0594,ts-security,2.0,ts-preserve-other,0.36,ts-auth,0.0,ts-price,0.0,ts-food,0.0,ts-user,0.0,ts-admin-route,0.0,ts-inside-payment,0.0,ts-admin-basic-info,0.0,ts-basic,0.0,ts-route,0.0,ts-notification,-1.0,ts-preserve,-1.0,ts-execute,-1.0,ts-train,-2.6315,ts-food-map,-4.7512,ts-config,-6.0,ts-payment,-9.235,ts-order,-14.3922
112, -- ,ts-travel,18.8832,ts-food-map,8.1791,ts-price,6.0,ts-security,6.0,ts-config,6.0,ts-train,4.7066,ts-food,3.0,ts-admin-travel,2.7923,ts-rebook,2.0,ts-delivery,1.0,ts-contacts,0.5413,ts-admin-user,0.0,ts-basic,0.0,ts-ui,0.0,ts-route,0.0,ts-assurance,0.0,ts-notification,0.0,ts-station,0.0,ts-verification-code,-1.0,ts-preserve,-1.0795,ts-preserve-other,-1.473,ts-seat,-1.4928,ts-order,-2.9034,ts-inside-payment,-4.5797,ts-payment,-4.6446,ts-admin-basic-info,-6.0,ts-user,-6.0,ts-consign,-8.4416
113, -- ,ts-seat,2.7145,ts-order,2.5354,ts-preserve-other,1.5921,ts-admin-travel,0.9998,ts-admin-order,0.0,ts-admin-user,0.0,ts-basic,0.0,ts-train,-0.1236,ts-inside-payment,-0.564,ts-admin-basic-info,-1.0,ts-security,-1.0,ts-delivery,-1.0,ts-ui,-1.0,ts-food,-1.0,ts-verification-code,-1.0268,ts-food-map,-1.2983,ts-consign,-6.1632,ts-config,-6.6173,ts-payment,-6.7546,ts-price,-7.0,ts-route,-7.0,ts-contacts,-7.4917,ts-travel,-7.6434
114, -- ,ts-contacts,18.852,ts-admin-basic-info,8.3077,ts-consign,7.4344,ts-assurance,6.0,ts-food,3.0,ts-preserve-other,1.7051,ts-execute,1.0,ts-delivery,0.0,ts-security,0.0,ts-inside-payment,0.0,ts-order,-0.0627,ts-config,-1.0,ts-admin-order,-1.0,ts-basic,-2.0,ts-ui,-2.0,ts-food-map,-2.7352,ts-payment,-4.5472,ts-seat,-5.9942,ts-route,-11.4388,ts-travel,-14.336
115, -- ,ts-food,11.6029,ts-inside-payment,9.1043,ts-consign,6.8378,ts-config,6.3396,ts-admin-travel,4.5858,ts-preserve-other,4.1499,ts-seat,3.3039,ts-contacts,2.3389,ts-execute,1.0,ts-ui,1.0,ts-auth,0.0,ts-assurance,0.0,ts-notification,0.0,ts-preserve,0.0,ts-delivery,0.0,ts-rebook,-2.0,ts-food-map,-2.8479,ts-payment,-3.3696,ts-order,-4.0059,ts-price,-6.0,ts-travel,-11.9845,ts-route,-13.0
116, -- ,ts-food,15.4291,ts-admin-order,12.0,ts-consign,6.0,ts-ui,2.0,ts-verification-code,1.0,ts-delivery,0.0,ts-preserve,0.0,ts-payment,0.0,ts-cancel,0.0,ts-ticketinfo,0.0,ts-voucher,0.0,ts-basic,0.0,ts-train,0.0,ts-inside-payment,-0.1923,ts-route,-0.6726,ts-config,-0.9821,ts-rebook,-1.0,ts-auth,-1.0,ts-order,-2.6837,ts-preserve-other,-2.7437,ts-travel,-4.1204,ts-seat,-5.4538,ts-assurance,-6.0,ts-contacts,-6.5982
117, -- ,ts-admin-travel,6.0,ts-order,3.9576,ts-payment,3.4391,ts-config,0.9758,ts-preserve,0.0,ts-notification,0.0,ts-train,0.0,ts-route,0.0,ts-user,0.0,ts-avatar,0.0,ts-auth,0.0,ts-ticket-office,0.0,ts-preserve-other,-0.7389,ts-ui,-1.0,ts-basic,-1.0,ts-seat,-3.7374,ts-verification-code,-4.0,ts-food-map,-5.4511,ts-contacts,-5.5048,ts-food,-6.3871,ts-travel,-11.0991
118, -- ,ts-admin-order,12.0,ts-payment,6.1576,ts-delivery,6.0,ts-ticket-office,6.0,ts-travel,5.5298,ts-preserve,1.0,ts-train,1.0,ts-auth,1.0,ts-route,0.4142,ts-ticketinfo,0.0,ts-admin-basic-info,0.0,ts-contacts,0.0,ts-preserve-other,-0.3738,ts-ui,-1.0,ts-verification-code,-1.0404,ts-config,-1.475,ts-seat,-2.7495,ts-food-map,-4.2554,ts-consign,-6.0,ts-cancel,-6.0,ts-inside-payment,-7.1081,ts-food,-9.9908,ts-order,-14.4878
119, -- ,ts-admin-order,16.0221,ts-user,12.0,ts-travel,9.1492,ts-contacts,8.4731,ts-admin-travel,6.0,ts-assurance,6.0,ts-ui,3.0,ts-preserve-other,2.4051,ts-rebook,1.0,ts-food,0.9609,ts-inside-payment,0.5019,ts-auth,0.0,ts-preserve,0.0,ts-station,0.0,ts-ticketinfo,0.0,ts-security,0.0,ts-delivery,0.0,ts-price,0.0,ts-train,0.0,ts-config,0.0,ts-cancel,0.0,ts-seat,-0.7667,ts-notification,-1.0,ts-verification-code,-1.4949,ts-route,-1.6388,ts-food-map,-2.652,ts-payment,-4.4099,ts-order,-8.8733
120, -- ,ts-seat,10.6332,ts-travel,7.0954,ts-assurance,6.0,ts-consign,6.0,ts-config,6.0,ts-user,3.2466,ts-price,2.0,ts-security,2.0,ts-admin-order,1.0,ts-contacts,0.4068,ts-inside-payment,0.0,ts-train,0.0,ts-basic,0.0,ts-route,0.0,ts-notification,0.0,ts-order,-0.7058,ts-ticketinfo,-1.0,ts-preserve,-1.0,ts-rebook,-1.0,ts-payment,-1.2025,ts-ui,-1.6514,ts-food,-2.101,ts-admin-travel,-5.6697
121, -- ,ts-ticket-office,6.0,ts-cancel,6.0,ts-consign,6.0,ts-food-map,4.6495,ts-travel,4.5937,ts-verification-code,2.406,ts-notification,1.0,ts-security,0.9979,ts-config,0.0,ts-auth,0.0,ts-basic,0.0,ts-route,-1.0,ts-ticketinfo,-1.4123,ts-train,-2.0,ts-preserve-other,-2.418,ts-ui,-2.6035,ts-seat,-3.8128,ts-order,-6.5958,ts-contacts,-8.2728,ts-user,-14.1985
122, -- ,ts-food,14.1087,ts-security,5.7809,ts-verification-code,4.0413,ts-train,2.8284,ts-payment,2.5618,ts-inside-payment,1.0,ts-notification,1.0,ts-auth,0.0,ts-route,0.0,ts-station,0.0,ts-admin-basic-info,0.0,ts-travel,0.0,ts-rebook,-0.7071,ts-food-map,-0.8411,ts-delivery,-1.0,ts-seat,-1.3978,ts-preserve-other,-1.4225,ts-ui,-2.0,ts-config,-4.4495,ts-contacts,-6.8438,ts-user,-6.8607,ts-admin-order,-12.0,ts-consign,-12.744,ts-order,-14.9834
123, -- ,ts-user,18.7932,ts-train,11.9713,ts-inside-payment,7.0,ts-food-map,6.6091,ts-ui,4.3221,ts-verification-code,4.2763,ts-order,1.7512,ts-rebook,1.4142,ts-travel,0.0,ts-assurance,0.0,ts-payment,0.0,ts-preserve-other,-0.0051,ts-notification,-1.0,ts-basic,-1.0,ts-price,-1.0,ts-seat,-2.0102,ts-security,-2.4935,ts-consign,-4.7306,ts-food,-5.0371,ts-contacts,-7.3475
124, -- ,ts-train,884.9348,ts-food,295.2918,ts-payment,116.7302,ts-inside-payment,86.1274,ts-preserve,60.112,ts-verification-code,38.5313,ts-cancel,28.2,ts-contacts,27.5838,ts-rebook,20.6924,ts-preserve-other,18.3806,ts-user,8.7779,ts-delivery,3.47,ts-order,2.2242,ts-ui,2.2083,ts-basic,1.6683,ts-voucher,1.38,ts-ticketinfo,1.15,ts-station,0.364,ts-seat,0.093,ts-security,-4.4146,ts-auth,-5.52,ts-food-map,-7.3688,ts-travel,-12.1725,ts-consign,-130.7645
125, -- ,ts-train,1156.808,ts-contacts,903.4528,ts-food,136.3615,ts-payment,94.5024,ts-ticket-office,63.24,ts-preserve-other,44.0332,ts-price,17.3517,ts-order,15.4026,ts-food-map,12.8139,ts-seat,11.0145,ts-security,9.886,ts-consign,2.1514,ts-delivery,2.1,ts-station,0.261,ts-ticketinfo,-0.1491,ts-inside-payment,-0.2388,ts-preserve,-0.515,ts-basic,-0.8663,ts-user,-1.5309,ts-auth,-3.09,ts-verification-code,-8.0386,ts-assurance,-18.99
126, -- ,ts-train,768.6755,ts-consign,284.0194,ts-contacts,85.7167,ts-ticket-office,63.81,ts-security,15.3728,ts-payment,15.3637,ts-verification-code,11.4644,ts-preserve-other,9.4401,ts-voucher,5.9,ts-delivery,2.5,ts-order,2.1387,ts-route,2.1263,ts-avatar,0.17,ts-rebook,0.0005,ts-notification,-0.0726,ts-food-map,-0.5194,ts-ticketinfo,-0.6252,ts-travel,-0.9826,ts-admin-travel,-2.1,ts-user,-3.7672,ts-seat,-5.432,ts-config,-13.2442,ts-food,-18.5641
127, -- ,ts-train,138.3166,ts-payment,66.1798,ts-price,53.31,ts-user,37.3533,ts-auth,35.98,ts-preserve,31.33,ts-food,13.6005,ts-order,11.6789,ts-rebook,6.8669,ts-food-map,5.7656,ts-seat,4.4709,ts-ui,3.1815,ts-contacts,2.8052,ts-ticketinfo,1.874,ts-notification,1.6567,ts-route,0.3788,ts-basic,-0.1981,ts-security,-0.9419,ts-preserve-other,-3.1853,ts-verification-code,-10.1023,ts-cancel,-10.29,ts-travel,-17.1414,ts-assurance,-34.4614,ts-consign,-69.6371
128, -- ,ts-inside-payment,998676196802.4976,ts-train,1219.105,ts-consign,117.4368,ts-food-map,68.5861,ts-payment,44.4135,ts-auth,36.2033,ts-order,34.0548,ts-preserve,29.72,ts-price,10.962,ts-ui,7.3466,ts-admin-user,6.48,ts-seat,3.9976,ts-admin-order,3.76,ts-security,3.7415,ts-notification,3.4088,ts-ticketinfo,2.13,ts-delivery,1.08,ts-preserve-other,-0.123,ts-admin-travel,-0.75,ts-basic,-0.8663,ts-travel,-11.6957,ts-food,-12.0911,ts-verification-code,-14.8911
129, -- ,ts-train,3502.0913,ts-order,88.7049,ts-route,31.8135,ts-config,25.422,ts-seat,24.1842,ts-food-map,22.4854,ts-payment,17.7181,ts-preserve-other,16.2516,ts-security,14.08,ts-preserve,10.6447,ts-station,6.755,ts-notification,4.1858,ts-admin-order,3.816,ts-voucher,3.76,ts-delivery,-0.0,ts-basic,-1.7995,ts-inside-payment,-2.6016,ts-user,-4.4914,ts-verification-code,-7.5923,ts-contacts,-8.0292,ts-food,-85.719,ts-consign,-105.6712,ts-travel,-1652.9358
130, -- ,ts-ui,409.9176,ts-train,234.6348,ts-payment,49.4417,ts-delivery,43.105,ts-order,34.6892,ts-seat,16.1403,ts-admin-order,11.3196,ts-execute,5.92,ts-preserve-other,4.7958,ts-preserve,1.6,ts-food-map,1.2494,ts-ticketinfo,0.4475,ts-inside-payment,-1.4925,ts-contacts,-2.1394,ts-assurance,-2.1771,ts-user,-4.3014,ts-route,-4.5717,ts-consign,-112.1293,ts-travel,-1489.5875
131, -- ,ts-travel,10326.8992,ts-train,421.6322,ts-food-map,260.9581,ts-preserve-other,63.0224,ts-food,46.4547,ts-ticketinfo,19.6293,ts-user,16.2742,ts-delivery,11.9443,ts-seat,11.3658,ts-consign,10.8643,ts-price,9.7372,ts-ui,8.5083,ts-payment,5.0,ts-ticket-office,1.0371,ts-voucher,0.4,ts-security,0.32,ts-rebook,-0.5553,ts-contacts,-5.6957,ts-route,-7.8754,ts-verification-code,-7.9281,ts-order,-9.3418,ts-config,-15.2903,ts-cancel,-17.61
132, -- ,ts-train,5652.1862,ts-user,89.2903,ts-food,38.922,ts-order,29.8255,ts-notification,21.0083,ts-travel,16.6825,ts-payment,14.8754,ts-admin-route,9.81,ts-route,8.9637,ts-ticketinfo,5.2263,ts-admin-basic-info,3.06,ts-auth,2.4267,ts-security,0.28,ts-seat,-0.4023,ts-basic,-2.0668,ts-preserve-other,-2.5582,ts-inside-payment,-23.87,ts-consign,-58.2057
133, -- ,ts-train,6138.0959,ts-consign,145.5,ts-user,50.5124,ts-preserve,22.6303,ts-config,18.262,ts-payment,9.52,ts-ui,9.4441,ts-food-map,5.0058,ts-notification,4.3264,ts-ticketinfo,3.8956,ts-auth,3.7533,ts-price,3.586,ts-delivery,2.91,ts-voucher,1.6,ts-admin-basic-info,1.56,ts-ticket-office,0.4629,ts-rebook,-1.2064,ts-preserve-other,-1.2358,ts-order,-1.2999,ts-admin-travel,-2.19,ts-admin-order,-2.7568,ts-seat,-3.8113,ts-verification-code,-6.2518,ts-assurance,-25.14,ts-food,-94.8638,ts-travel,-1715.1981
134, -- ,ts-train,7843.1764,ts-ui,768.4703,ts-security,25.5989,ts-seat,20.0442,ts-delivery,2.25,ts-order,1.146,ts-route,0.7625,ts-price,0.4503,ts-config,0.36,ts-inside-payment,0.24,ts-assurance,-0.2486,ts-travel,-0.29,ts-contacts,-0.6819,ts-preserve-other,-3.3454,ts-food-map,-4.0191,ts-user,-9.0132,ts-food,-19.5499
135, -- ,ts-train,7848.387,ts-cancel,64.29,ts-avatar,23.22,ts-travel,10.5702,ts-security,10.5136,ts-food,7.5394,ts-preserve-other,7.1588,ts-admin-order,5.8702,ts-notification,4.3662,ts-user,3.2258,ts-seat,2.7473,ts-ticketinfo,2.3748,ts-execute,1.085,ts-station,0.6933,ts-route,0.1862,ts-ui,-0.025,ts-ticket-office,-0.2571,ts-delivery,-0.37,ts-contacts,-0.7071,ts-basic,-1.9332,ts-order,-2.4237,ts-food-map,-6.5379,ts-verification-code,-7.5762,ts-assurance,-23.13,ts-consign,-49.0
136, -- ,ts-train,9516.1573,ts-payment,82.9296,ts-seat,27.1681,ts-execute,12.845,ts-ticketinfo,11.0342,ts-consign,9.36,ts-travel,7.4175,ts-route,6.4073,ts-station,3.5133,ts-admin-order,3.106,ts-delivery,2.93,ts-order,1.3295,ts-security,0.9175,ts-preserve,0.3067,ts-ui,0.2,ts-admin-basic-info,-0.39,ts-preserve-other,-1.2545,ts-basic,-1.3986,ts-notification,-2.1865,ts-food-map,-2.6074,ts-verification-code,-14.8214,ts-inside-payment,-23.335,ts-food,-77.0792
137, -- ,ts-train,9465.8768,ts-travel,2396.338,ts-notification,309.3567,ts-cancel,287.81,ts-preserve-other,279.7987,ts-station,249.6967,ts-verification-code,154.4667,ts-ui,60.7111,ts-security,45.3489,ts-rebook,43.772,ts-preserve,31.03,ts-contacts,28.6786,ts-payment,23.2689,ts-ticketinfo,14.2059,ts-order,8.5187,ts-voucher,6.24,ts-inside-payment,6.0075,ts-config,5.2721,ts-seat,4.4701,ts-delivery,1.4667,ts-execute,0.98,ts-basic,0.1244,ts-route,-2.01,ts-food-map,-5.3745,ts-food,-10.8771,ts-assurance,-20.2367,ts-consign,-85.0
138, -- ,ts-train,11247.7423,ts-travel,2388.27,ts-station,2346.6813,ts-food-map,113.947,ts-cancel,56.66,ts-order,39.4324,ts-delivery,34.6845,ts-preserve,27.335,ts-security,4.9707,ts-contacts,2.9194,ts-route,0.3367,ts-auth,0.0,ts-ticketinfo,-0.25,ts-seat,-0.3001,ts-price,-1.014,ts-food,-2.1074,ts-consign,-3.0307,ts-config,-3.4043,ts-ui,-3.7436,ts-verification-code,-11.025,ts-assurance,-28.67
139, -- ,ts-train,11455.9669,ts-station,1923.088,ts-contacts,124.2919,ts-order,96.5366,ts-payment,74.9348,ts-config,26.8956,ts-execute,10.9667,ts-seat,6.1789,ts-admin-travel,4.47,ts-verification-code,3.2359,ts-user,3.0777,ts-rebook,1.8218,ts-ui,1.3216,ts-ticketinfo,-0.1091,ts-preserve-other,-0.2296,ts-admin-basic-info,-0.24,ts-basic,-1.0,ts-ticket-office,-2.9743,ts-inside-payment,-3.4697,ts-route,-6.5698,ts-admin-order,-7.3082,ts-security,-7.5087,ts-cancel,-15.03,ts-consign,-29.5806,ts-food,-44.0362,ts-travel,-663.0738
140, -- ,ts-train,12984.7412,ts-station,3166.7818,ts-order,91.6402,ts-travel,58.6611,ts-security,41.2029,ts-ui,34.7088,ts-payment,23.7633,ts-seat,22.5308,ts-route,17.6296,ts-delivery,8.4229,ts-price,4.1775,ts-ticketinfo,4.1577,ts-config,3.8224,ts-basic,2.0668,ts-execute,1.79,ts-preserve-other,1.6481,ts-consign,0.5958,ts-admin-travel,-0.6,ts-notification,-0.6456,ts-contacts,-0.7816,ts-inside-payment,-1.4925,ts-food-map,-3.3254,ts-user,-4.0087,ts-assurance,-4.3886,ts-food,-6.2648,ts-verification-code,-13.7453,ts-auth,-32.74
141, -- ,ts-train,12746.8137,ts-station,2245.5036,ts-security,214.4139,ts-price,124.4043,ts-ticketinfo,63.2903,ts-food-map,51.8033,ts-notification,21.7841,ts-order,11.2367,ts-preserve-other,7.905,ts-basic,7.2673,ts-config,2.391,ts-delivery,1.28,ts-user,0.6016,ts-ui,0.375,ts-route,0.1133,ts-rebook,0.0332,ts-ticket-office,-0.2229,ts-seat,-0.4999,ts-contacts,-11.7506,ts-verification-code,-13.6027,ts-food,-29.705,ts-consign,-103.6401,ts-travel,-975.6005
142, -- ,ts-train,14689.303,ts-security,2374.2072,ts-station,896.7463,ts-food,77.8254,ts-travel,64.2203,ts-price,47.1173,ts-payment,40.1119,ts-order,34.8105,ts-auth,16.23,ts-ticketinfo,14.3976,ts-food-map,13.0649,ts-delivery,12.4367,ts-execute,6.46,ts-voucher,1.8,ts-ui,0.77,ts-basic,0.7351,ts-preserve-other,0.123,ts-seat,-0.0863,ts-notification,-0.6601,ts-user,-3.3161,ts-route,-17.6075,ts-inside-payment,-32.8739,ts-consign,-51.5
143, -- ,ts-train,14460.8285,ts-security,2016.088,ts-station,638.9566,ts-order,102.8282,ts-consign,67.75,ts-notification,66.75,ts-travel,32.8143,ts-price,30.775,ts-auth,27.3733,ts-payment,24.3769,ts-user,10.4651,ts-ui,10.1066,ts-route,5.37,ts-ticket-office,3.66,ts-food-map,0.7565,ts-delivery,-0.02,ts-basic,-0.4654,ts-preserve-other,-1.1807,ts-seat,-5.4807,ts-verification-code,-9.2286,ts-food,-11.602
144, -- ,ts-train,16347.8292,ts-security,3165.6662,ts-station,283.4963,ts-user,112.169,ts-order,75.1996,ts-ui,43.3594,ts-price,40.1454,ts-notification,28.0808,ts-travel,24.042,ts-preserve-other,16.3052,ts-admin-route,13.75,ts-contacts,9.1051,ts-config,8.334,ts-admin-basic-info,4.92,ts-consign,3.6669,ts-rebook,2.0048,ts-route,1.3667,ts-execute,0.975,ts-preserve,0.3067,ts-inside-payment,0.015,ts-admin-travel,-0.3,ts-food-map,-1.0375,ts-payment,-2.59,ts-admin-order,-5.835,ts-seat,-6.3924,ts-verification-code,-10.2207,ts-cancel,-15.51,ts-assurance,-21.27,ts-food,-61.8234
145, -- ,ts-train,16332.3309,ts-travel,3241.5762,ts-security,1075.4767,ts-notification,575.9411,ts-preserve-other,353.7428,ts-seat,280.1474,ts-verification-code,137.9536,ts-rebook,110.5856,ts-station,105.4711,ts-config,60.0206,ts-price,27.0501,ts-payment,4.3374,ts-inside-payment,3.8583,ts-delivery,3.215,ts-voucher,2.34,ts-order,1.5409,ts-admin-basic-info,0.75,ts-ui,0.5506,ts-preserve,0.3067,ts-admin-route,0.25,ts-basic,0.0871,ts-food,-1.5467,ts-contacts,-1.935,ts-user,-3.4234,ts-auth,-4.4167,ts-food-map,-4.7472,ts-route,-6.4453,ts-consign,-125.0
146, -- ,ts-train,17978.1673,ts-travel,2016.9609,ts-cancel,353.01,ts-station,281.1938,ts-seat,253.9828,ts-inside-payment,232.2278,ts-food,176.0858,ts-security,74.1491,ts-config,52.8437,ts-notification,51.7362,ts-order,45.162,ts-rebook,32.1385,ts-payment,13.8339,ts-verification-code,8.1773,ts-preserve-other,6.885,ts-consign,4.92,ts-route,2.2939,ts-delivery,0.97,ts-basic,0.0,ts-price,-0.5433,ts-food-map,-0.8754,ts-ui,-1.4727,ts-user,-3.9688,ts-assurance,-5.0829,ts-contacts,-18.4176
147, -- ,ts-train,18028.0975,ts-security,644.3705,ts-inside-payment,147.4743,ts-config,127.5875,ts-cancel,79.47,ts-station,74.7252,ts-preserve,42.99,ts-travel,30.4075,ts-food-map,17.848,ts-admin-order,16.8707,ts-notification,15.8333,ts-preserve-other,13.9674,ts-seat,9.5568,ts-delivery,7.05,ts-price,5.6307,ts-route,5.5708,ts-admin-route,3.87,ts-payment,3.7211,ts-ui,3.6565,ts-ticketinfo,0.9875,ts-voucher,0.9,ts-rebook,0.1257,ts-order,-1.0991,ts-contacts,-3.862,ts-verification-code,-7.9315,ts-food,-21.58,ts-consign,-82.8277
148, -- ,ts-train,19727.7571,ts-config,2844.6593,ts-execute,120.79,ts-delivery,73.04,ts-ticketinfo,53.4252,ts-order,50.5997,ts-preserve,42.86,ts-food-map,38.4097,ts-notification,30.3883,ts-station,22.6008,ts-preserve-other,9.2669,ts-admin-basic-info,1.92,ts-consign,0.8829,ts-assurance,0.63,ts-rebook,0.1666,ts-security,-1.0322,ts-verification-code,-1.4028,ts-user,-2.3477,ts-seat,-6.8992,ts-food,-16.1822,ts-travel,-18.7884,ts-inside-payment,-23.9028,ts-contacts,-24.4731
149, -- ,ts-train,19665.6302,ts-config,1348.1484,ts-consign,77.1121,ts-ticketinfo,76.0244,ts-notification,62.065,ts-price,20.565,ts-security,18.3264,ts-station,17.4152,ts-delivery,17.4,ts-admin-order,10.5321,ts-inside-payment,8.0458,ts-voucher,2.96,ts-order,1.6968,ts-rebook,1.6569,ts-user,1.1,ts-admin-route,0.39,ts-ui,-0.3982,ts-travel,-0.4724,ts-ticket-office,-1.8086,ts-preserve-other,-2.1647,ts-food-map,-2.4917,ts-payment,-2.62,ts-seat,-5.7599,ts-contacts,-6.2794,ts-assurance,-24.63,ts-food,-108.7784
150, -- ,ts-train,21481.8943,ts-config,342.301,ts-ticketinfo,276.6761,ts-security,81.988,ts-admin-user,56.51,ts-cancel,54.69,ts-food-map,35.3759,ts-inside-payment,26.1459,ts-notification,25.5309,ts-route,6.3788,ts-travel,4.5784,ts-preserve-other,3.7387,ts-admin-basic-info,2.73,ts-verification-code,2.3672,ts-station,1.8633,ts-preserve,1.634,ts-basic,0.84,ts-admin-route,0.54,ts-admin-order,-0.5432,ts-rebook,-1.052,ts-order,-1.1658,ts-ui,-1.7077,ts-assurance,-4.1229,ts-user,-4.2182,ts-auth,-4.4575,ts-seat,-4.8894,ts-food,-28.9266,ts-consign,-127.5
151, -- ,ts-train,21390.7663,ts-config,1631.4934,ts-cancel,316.33,ts-ticketinfo,122.6114,ts-seat,105.7983,ts-basic,65.1878,ts-station,47.6733,ts-notification,25.4826,ts-security,7.5596,ts-auth,3.3975,ts-food,1.803,ts-inside-payment,1.4698,ts-delivery,0.6797,ts-execute,0.54,ts-rebook,-0.2705,ts-preserve-other,-0.4428,ts-order,-1.0122,ts-ui,-2.5118,ts-food-map,-3.7454,ts-user,-4.568,ts-verification-code,-7.8436,ts-contacts,-18.3622,ts-consign,-102.5857
152, -- ,ts-train,23062.5563,ts-ui,122.979,ts-station,107.8239,ts-seat,81.8187,ts-cancel,79.17,ts-price,37.1979,ts-security,34.8207,ts-config,34.1184,ts-preserve-other,20.308,ts-notification,8.4878,ts-admin-order,4.124,ts-ticketinfo,3.3748,ts-route,1.6288,ts-order,0.9645,ts-admin-travel,0.12,ts-delivery,0.054,ts-basic,-1.1313,ts-food-map,-3.6636,ts-travel,-6.1242,ts-food,-24.3248,ts-consign,-28.9286,ts-auth,-32.5827
153, -- ,ts-train,22824.7416,ts-ui,2072.7025,ts-contacts,117.1427,ts-consign,93.0,ts-notification,49.5238,ts-order,40.9109,ts-auth,36.4233,ts-config,31.794,ts-security,26.0797,ts-price,21.365,ts-preserve-other,17.6788,ts-voucher,8.16,ts-admin-basic-info,6.45,ts-ticketinfo,4.874,ts-food-map,4.7839,ts-verification-code,4.5715,ts-admin-route,4.47,ts-rebook,3.5801,ts-station,3.5796,ts-basic,0.0668,ts-travel,-1.2358,ts-food,-2.8424,ts-seat,-3.706,ts-inside-payment,-7.0767,ts-user,-8.422,ts-assurance,-23.61
154, -- ,ts-train,24823.1162,ts-auth,1919.9962,ts-ui,585.9752,ts-security,77.393,ts-config,30.5603,ts-travel,24.6182,ts-admin-travel,21.2912,ts-station,14.2633,ts-ticketinfo,12.7711,ts-admin-basic-info,9.06,ts-contacts,8.0852,ts-admin-route,6.0,ts-assurance,4.9543,ts-notification,4.7521,ts-order,2.4053,ts-admin-order,2.2148,ts-payment,0.49,ts-delivery,0.0,ts-route,-0.9957,ts-price,-1.6454,ts-preserve-other,-1.7711,ts-food-map,-3.4116,ts-seat,-4.4981,ts-user,-4.6612,ts-verification-code,-11.5635,ts-food,-37.7239,ts-consign,-119.7
155, -- ,ts-train,24803.0523,ts-travel,200.3618,ts-auth,137.9799,ts-price,37.2632,ts-config,34.7795,ts-consign,25.0416,ts-payment,20.8933,ts-route,9.84,ts-seat,9.8163,ts-security,5.7091,ts-station,5.1844,ts-preserve-other,3.8374,ts-user,2.593,ts-admin-basic-info,2.1637,ts-admin-travel,1.8225,ts-notification,0.9917,ts-delivery,0.69,ts-order,0.5104,ts-execute,0.1025,ts-basic,0.0,ts-ticketinfo,-0.6252,ts-rebook,-1.4083,ts-ticket-office,-1.7314,ts-food-map,-1.9804,ts-verification-code,-12.5645,ts-food,-21.6306
156, -- ,ts-train,26495.7867,ts-travel,273.7537,ts-notification,140.256,ts-auth,112.5,ts-price,102.6994,ts-consign,75.2694,ts-config,32.1871,ts-user,29.0427,ts-security,16.256,ts-inside-payment,14.7122,ts-order,12.5279,ts-payment,8.3183,ts-rebook,7.3689,ts-delivery,3.8933,ts-contacts,3.84,ts-station,3.3774,ts-seat,1.2782,ts-ticketinfo,0.0986,ts-preserve-other,-0.2952,ts-route,-8.7712,ts-food-map,-12.4246,ts-assurance,-13.29,ts-verification-code,-13.757,ts-food,-14.0544
157, -- ,ts-train,26426.0358,ts-order,250.1589,ts-station,165.0214,ts-config,147.5209,ts-security,91.5807,ts-contacts,65.4745,ts-payment,35.0757,ts-price,16.6502,ts-seat,15.9625,ts-notification,14.7193,ts-route,11.0746,ts-ui,8.8302,ts-verification-code,5.2087,ts-ticket-office,5.0614,ts-inside-payment,4.0417,ts-rebook,-0.5374,ts-preserve-other,-1.2161,ts-food-map,-1.6742,ts-food,-3.1224,ts-consign,-120.841,ts-travel,-2204.1994
158, -- ,ts-train,28083.0389,ts-station,2752.4216,ts-preserve,169.8347,ts-auth,60.525,ts-config,56.7216,ts-security,55.0556,ts-payment,25.9246,ts-route,14.3425,ts-seat,6.2112,ts-preserve-other,5.7679,ts-price,5.6587,ts-ticketinfo,4.2762,ts-notification,4.0016,ts-delivery,3.96,ts-execute,0.05,ts-rebook,-1.5922,ts-food,-2.1702,ts-order,-2.4521,ts-user,-4.0751,ts-travel,-8.8938,ts-food-map,-11.204,ts-contacts,-16.6609,ts-consign,-25.46
159, -- ,ts-train,28066.4359,ts-station,531.3944,ts-preserve,324.6973,ts-security,122.1999,ts-cancel,102.52,ts-payment,89.6607,ts-notification,20.1064,ts-config,4.2367,ts-ticketinfo,3.7663,ts-execute,0.7575,ts-rebook,0.2061,ts-basic,0.1217,ts-inside-payment,0.0,ts-delivery,0.0,ts-contacts,-0.4391,ts-verification-code,-2.7329,ts-order,-3.8071,ts-user,-4.8657,ts-seat,-7.4957,ts-food-map,-15.374,ts-travel,-33.0889,ts-consign,-130.52
160, -- ,ts-train,29691.9306,ts-auth,4993.7653,ts-ticketinfo,852.1752,ts-station,403.3564,ts-travel,318.9734,ts-security,146.7786,ts-config,138.0362,ts-cancel,32.62,ts-payment,22.3541,ts-notification,12.1206,ts-delivery,9.74,ts-preserve-other,5.0673,ts-seat,4.9212,ts-voucher,0.7,ts-route,0.59,ts-food,0.2995,ts-ui,0.1167,ts-contacts,-0.4138,ts-basic,-2.1981,ts-order,-3.7681,ts-user,-5.1502,ts-food-map,-6.0636,ts-verification-code,-16.2311,ts-consign,-50.5611,ts-inside-payment,-220.26
161, -- ,ts-train,29469.7057,ts-auth,3095.5715,ts-ticketinfo,849.0046,ts-travel,293.6786,ts-config,281.6203,ts-station,225.4329,ts-consign,179.25,ts-notification,79.3973,ts-food-map,50.3525,ts-price,46.29,ts-security,38.3527,ts-route,17.1875,ts-assurance,8.1867,ts-voucher,3.36,ts-delivery,3.23,ts-admin-travel,0.27,ts-rebook,0.1321,ts-admin-route,0.09,ts-ui,-0.4761,ts-inside-payment,-1.4925,ts-payment,-1.865,ts-basic,-1.9332,ts-preserve-other,-2.1909,ts-seat,-2.9106,ts-order,-3.0206,ts-food,-10.8756
162, -- ,ts-train,31176.512,ts-station,1350.0255,ts-auth,970.058,ts-ticketinfo,410.8018,ts-config,298.678,ts-travel,219.0389,ts-order,87.8989,ts-preserve,73.7165,ts-security,50.9182,ts-verification-code,10.3299,ts-route,3.2975,ts-assurance,2.65,ts-ticket-office,1.8771,ts-payment,1.115,ts-admin-basic-info,-0.51,ts-preserve-other,-0.738,ts-rebook,-0.7382,ts-price,-1.0,ts-notification,-1.0759,ts-seat,-1.4245,ts-food-map,-4.154,ts-food,-28.0153,ts-consign,-118.61
163, -- ,ts-train,30033.1858,ts-auth,988.949,ts-station,688.5226,ts-order,640.0351,ts-config,286.8821,ts-ticketinfo,164.4674,ts-user,112.68,ts-payment,19.3243,ts-food,18.5367,ts-preserve-other,12.0521,ts-price,10.2149,ts-preserve,7.5857,ts-notification,3.3064,ts-route,1.8525,ts-security,0.9672,ts-voucher,0.54,ts-rebook,0.255,ts-basic,0.1775,ts-food-map,-1.7442,ts-consign,-1.8847,ts-seat,-2.7956,ts-contacts,-19.4737,ts-assurance,-31.68,ts-travel,-1403.014
164, -- ,ts-train,32962.4356,ts-station,467.6393,ts-config,235.7508,ts-order,168.7964,ts-ticketinfo,85.9271,ts-price,19.28,ts-notification,12.9555,ts-preserve-other,9.8537,ts-seat,8.8111,ts-ui,1.8467,ts-payment,1.5575,ts-inside-payment,0.99,ts-verification-code,0.6241,ts-delivery,0.014,ts-route,-1.1212,ts-security,-1.6997,ts-auth,-2.8257,ts-food-map,-3.9887,ts-user,-5.1398,ts-contacts,-9.1965,ts-assurance,-15.18,ts-consign,-100.36,ts-travel,-1079.5872
165, -- ,ts-train,32902.3814,ts-station,369.9509,ts-preserve-other,26.851,ts-order,24.7294,ts-config,18.0643,ts-notification,11.6136,ts-ui,9.4711,ts-ticketinfo,8.7295,ts-route,6.7763,ts-travel,4.6851,ts-seat,3.7956,ts-preserve,0.6767,ts-delivery,-0.0,ts-rebook,-0.9469,ts-basic,-1.0,ts-admin-travel,-1.53,ts-payment,-1.803,ts-price,-2.9222,ts-user,-3.6406,ts-food-map,-5.017,ts-security,-6.7487,ts-admin-order,-9.675,ts-contacts,-22.1403,ts-assurance,-31.0457,ts-inside-payment,-31.7021,ts-consign,-34.75,ts-food,-87.3634
166, -- ,ts-train,34758.1925,ts-travel,1311.2462,ts-order,570.4011,ts-station,84.1064,ts-preserve,24.1947,ts-security,19.5473,ts-ticketinfo,15.409,ts-config,14.9491,ts-preserve-other,13.8942,ts-price,13.6862,ts-voucher,6.76,ts-user,6.3233,ts-route,1.1017,ts-notification,-0.1828,ts-inside-payment,-0.4408,ts-food-map,-3.6336,ts-seat,-4.3581,ts-verification-code,-13.4928,ts-auth,-18.6883,ts-food,-51.3088,ts-consign,-63.0
167, -- ,ts-train,34699.7606,ts-preserve,350.5392,ts-consign,244.75,ts-notification,80.815,ts-travel,73.5246,ts-payment,50.8091,ts-price,42.0,ts-station,41.5353,ts-seat,28.6202,ts-route,25.5546,ts-user,23.6196,ts-order,20.1063,ts-food,18.7297,ts-food-map,14.2644,ts-auth,8.52,ts-config,7.3037,ts-admin-travel,5.04,ts-contacts,4.45,ts-preserve-other,1.3633,ts-rebook,0.6792,ts-ticketinfo,0.01,ts-basic,-0.8663,ts-security,-2.1005,ts-inside-payment,-35.7579
168, -- ,ts-train,36335.1155,ts-preserve,942.65,ts-user,19.1189,ts-station,17.3808,ts-food-map,12.7058,ts-preserve-other,12.0232,ts-payment,11.7835,ts-config,10.1415,ts-contacts,8.5282,ts-notification,7.1187,ts-admin-basic-info,3.21,ts-food,2.6201,ts-consign,2.2457,ts-basic,1.5346,ts-ui,1.2675,ts-admin-order,0.2989,ts-cancel,-3.0,ts-security,-3.0844,ts-seat,-3.4895,ts-order,-5.6064,ts-route,-8.1015,ts-verification-code,-13.3449,ts-inside-payment,-219.19,ts-travel,-1851.7886
169, -- ,ts-train,35987.8223,ts-payment,830.6552,ts-preserve,380.7,ts-price,123.9552,ts-contacts,118.4138,ts-order,76.8894,ts-config,50.1409,ts-notification,37.0477,ts-station,34.396,ts-seat,34.3389,ts-route,16.8395,ts-preserve-other,3.9432,ts-basic,3.8435,ts-ticketinfo,1.4419,ts-rebook,1.0087,ts-inside-payment,0.8725,ts-execute,0.43,ts-admin-travel,-0.66,ts-food-map,-3.4135,ts-user,-5.4855,ts-verification-code,-6.8238,ts-consign,-44.0,ts-travel,-1229.4495
170, -- ,ts-train,38049.1173,ts-payment,307.3548,ts-inside-payment,105.7851,ts-station,87.2083,ts-contacts,59.8768,ts-notification,48.7276,ts-auth,35.9767,ts-preserve,30.78,ts-travel,29.8071,ts-seat,9.0663,ts-security,5.3015,ts-config,4.4,ts-admin-basic-info,4.0862,ts-basic,1.9332,ts-order,1.7587,ts-price,0.864,ts-admin-route,0.49,ts-cancel,0.29,ts-execute,0.1025,ts-rebook,-0.5828,ts-food-map,-2.8735,ts-assurance,-3.4286,ts-user,-7.1931,ts-verification-code,-12.7534,ts-food,-74.915,ts-consign,-109.0
171, -- ,ts-train,37843.8604,ts-travel,2455.4688,ts-order,43.2204,ts-inside-payment,13.8785,ts-payment,8.5,ts-price,7.87,ts-food-map,6.7234,ts-security,6.4803,ts-notification,5.9769,ts-config,5.0536,ts-admin-basic-info,4.0862,ts-station,3.4883,ts-route,1.7525,ts-food,0.506,ts-basic,-0.4654,ts-rebook,-2.6816,ts-preserve-other,-3.5345,ts-cancel,-4.26,ts-seat,-5.0596,ts-auth,-6.586,ts-consign,-120.0
172, -- ,ts-train,39896.3399,ts-travel,1825.9903,ts-seat,57.6443,ts-admin-user,54.72,ts-config,42.9695,ts-payment,27.7935,ts-notification,27.6023,ts-admin-order,26.8232,ts-preserve-other,13.298,ts-station,12.8325,ts-contacts,8.54,ts-order,3.6538,ts-preserve,2.838,ts-security,1.1661,ts-user,0.8734,ts-execute,0.32,ts-price,-0.21,ts-rebook,-0.5051,ts-ticketinfo,-0.7496,ts-verification-code,-1.2745,ts-cancel,-2.8575,ts-food-map,-3.192,ts-route,-3.8715,ts-assurance,-4.9371,ts-ui,-4.9807,ts-food,-94.9229,ts-consign,-110.5371
173, -- ,ts-user,22.8912,ts-price,12.0009,ts-consign,9.2713,ts-train,8.0725,ts-verification-code,1.1689,ts-seat,1.1607,ts-route,0.8194,ts-ticketinfo,0.0,ts-preserve,0.0,ts-news,0.0,ts-food,0.0,ts-admin-order,0.0,ts-preserve-other,-0.1062,ts-station,-0.2256,ts-payment,-0.7445,ts-order,-0.753,ts-notification,-1.0,ts-food-map,-2.7717,ts-travel,-6.5241,ts-config,-7.6215,ts-security,-7.9875
174, -- ,ts-train,24.619,ts-order,12.6295,ts-consign,6.0,ts-contacts,6.0,ts-route,4.6142,ts-food-map,3.2274,ts-travel,2.8242,ts-rebook,1.3892,ts-security,1.3248,ts-basic,1.0,ts-config,0.5419,ts-auth,0.0,ts-assurance,0.0,ts-delivery,0.0,ts-food,0.0,ts-inside-payment,0.0,ts-voucher,0.0,ts-price,0.0,ts-admin-travel,0.0,ts-preserve-other,-0.9085,ts-ticketinfo,-1.0,ts-notification,-1.0,ts-station,-2.848,ts-payment,-4.5283,ts-verification-code,-4.6978,ts-user,-4.7256,ts-admin-order,-6.0,ts-cancel,-8.4173,ts-seat,-20.6868
175, -- ,ts-station,596.4575,ts-consign,269.376,ts-ticketinfo,64.4722,ts-train,46.8493,ts-travel,42.1594,ts-contacts,18.12,ts-notification,13.78,ts-price,7.71,ts-verification-code,4.3214,ts-preserve-other,3.3795,ts-admin-route,1.59,ts-admin-basic-info,1.32,ts-preserve,1.03,ts-ticket-office,0.4029,ts-payment,-0.0,ts-order,-0.5323,ts-basic,-0.8997,ts-ui,-2.2867,ts-auth,-3.09,ts-food,-3.265,ts-delivery,-3.3583,ts-food-map,-5.9265,ts-seat,-5.9872,ts-route,-8.6978,ts-config,-10.6998,ts-security,-11.7925,ts-admin-order,-19.1137
176, -- ,ts-train,3662001851.3801,ts-consign,137.2315,ts-notification,97.7135,ts-ticketinfo,56.55,ts-delivery,32.675,ts-station,11.7334,ts-seat,10.649,ts-preserve-other,10.0865,ts-verification-code,6.592,ts-price,4.9931,ts-contacts,1.96,ts-preserve,0.9,ts-route,-3.2809,ts-order,-4.5087,ts-travel,-5.4342,ts-security,-5.66,ts-admin-order,-6.4987,ts-config,-18.492
177, -- ,ts-train,3662001677.7044,ts-inside-payment,718.5283,ts-delivery,101.4583,ts-ticketinfo,14.875,ts-ui,13.3642,ts-price,8.2387,ts-rebook,7.1659,ts-contacts,6.84,ts-consign,5.5854,ts-execute,3.5567,ts-notification,0.5982,ts-station,0.5682,ts-preserve-other,-0.5995,ts-security,-0.7886,ts-verification-code,-1.6892,ts-basic,-2.0009,ts-food-map,-2.0309,ts-order,-3.8922,ts-route,-6.3027,ts-payment,-8.0881,ts-user,-10.4651,ts-config,-14.0431,ts-seat,-17.6988,ts-travel,-24.4135
178, -- ,ts-train,3662001710.4069,ts-inside-payment,518.7675,ts-payment,127.112,ts-station,114.5006,ts-consign,107.0981,ts-travel,99.6819,ts-ticketinfo,20.825,ts-order,20.2859,ts-food,9.785,ts-food-map,9.6502,ts-price,3.1883,ts-notification,2.7225,ts-config,1.2145,ts-route,0.9238,ts-ui,0.77,ts-user,0.04,ts-preserve-other,0.0291,ts-basic,-0.2999,ts-seat,-24.9793,ts-auth,-32.23
179, -- ,ts-train,5021816806.1105,ts-inside-payment,2163.64,ts-station,319.0334,ts-payment,72.5845,ts-ticketinfo,50.6,ts-user,10.2486,ts-order,9.6984,ts-delivery,3.46,ts-rebook,0.3289,ts-notification,-0.241,ts-verification-code,-1.1975,ts-preserve-other,-1.4825,ts-ui,-1.7125,ts-security,-3.685,ts-travel,-3.8014,ts-seat,-4.1952,ts-route,-5.4835,ts-config,-6.9982,ts-food-map,-11.0023,ts-auth,-27.765,ts-food,-158358279497.3324
180, -- ,ts-train,13175706868.6056,ts-travel,2998.0588,ts-inside-payment,1280.68,ts-preserve-other,726.1775,ts-notification,492.5343,ts-verification-code,289.5005,ts-rebook,232.4757,ts-cancel,191.0447,ts-seat,130.9784,ts-route,71.0494,ts-security,59.8331,ts-station,48.3172,ts-consign,31.4923,ts-food-map,19.63,ts-auth,19.0705,ts-ui,17.3027,ts-payment,14.1731,ts-config,13.3638,ts-ticketinfo,10.49,ts-preserve,6.35,ts-ticket-office,4.1314,ts-user,3.7822,ts-contacts,1.74,ts-execute,-0.0675,ts-basic,-1.3846,ts-delivery,-4.09,ts-admin-order,-21.1112,ts-order,-59.8518
181, -- ,ts-train,13175707307.0988,ts-seat,3639.0253,ts-route,3476.7957,ts-travel,3464.3133,ts-preserve-other,2628.3868,ts-notification,2577.6506,ts-consign,2034.2344,ts-auth,1770.3206,ts-security,1273.4222,ts-config,1161.546,ts-verification-code,952.1405,ts-user,875.0765,ts-rebook,797.395,ts-station,733.4361,ts-food-map,453.4249,ts-ticketinfo,373.2205,ts-order,171.152,ts-execute,98.0775,ts-food,94.71,ts-contacts,81.11,ts-ui,57.0,ts-inside-payment,34.99,ts-preserve,7.87,ts-news,0.0,ts-basic,-1.8004,ts-admin-order,-3.651
182, -- ,ts-food,203211202739.8476,ts-train,16130305701.6321,ts-config,7192860518.3249,ts-travel,7803.3707,ts-route,2913.4196,ts-food-map,2759.7925,ts-notification,2685.9492,ts-order,2640.1144,ts-rebook,2634.3328,ts-preserve-other,2063.8486,ts-security,1906.7076,ts-seat,1687.7413,ts-verification-code,1355.2189,ts-preserve,1218.305,ts-consign,1101.8816,ts-station,761.4052,ts-auth,617.376,ts-price,577.8267,ts-execute,342.5475,ts-user,242.5024,ts-ticketinfo,208.3285,ts-avatar,180.495,ts-voucher,132.0,ts-inside-payment,77.68,ts-ticket-office,69.465,ts-ui,35.0633,ts-admin-order,25.3525,ts-contacts,24.82,ts-payment,21.8788,ts-basic,-1.4996,ts-delivery,-10.975
183, -- ,ts-food,248979491749.738,ts-train,18554975706.6153,ts-config,7192860368.7424,ts-travel,5975.2509,ts-notification,3779.836,ts-order,2708.3222,ts-preserve-other,2006.0132,ts-route,1901.583,ts-seat,1690.887,ts-food-map,1677.225,ts-security,874.6518,ts-auth,799.6439,ts-consign,526.5904,ts-execute,397.935,ts-rebook,382.686,ts-preserve,295.515,ts-verification-code,236.0319,ts-user,73.8479,ts-payment,61.1778,ts-ticketinfo,46.275,ts-contacts,30.5,ts-price,7.355,ts-inside-payment,1.1975,ts-delivery,-14.61,ts-admin-user,-52.2,ts-station,-2784882838.9091
184, -- ,ts-train,19499846713.8099,ts-config,7192860312.9102,ts-travel,7561.4623,ts-food,6300.1975,ts-notification,4645.2894,ts-route,1702.5283,ts-food-map,1099.7575,ts-security,1094.4682,ts-auth,1012.5657,ts-preserve,891.0,ts-seat,873.7811,ts-execute,471.135,ts-order,397.9669,ts-consign,18.0,ts-ui,12.001,ts-user,9.715,ts-delivery,5.4333,ts-ticketinfo,3.8025,ts-contacts,3.25,ts-rebook,3.0403,ts-inside-payment,2.33,ts-verification-code,1.47,ts-payment,1.04,ts-preserve-other,0.7812,ts-price,0.704,ts-station,-2784882887.0843
185, -- ,ts-train,21272105370.3161,ts-config,7192860565.9451,ts-food,5263.6766,ts-ticketinfo,3797.4719,ts-notification,3251.1173,ts-food-map,1344.08,ts-route,1305.5231,ts-travel,1054.2863,ts-security,939.4721,ts-seat,872.8766,ts-order,490.8885,ts-execute,338.4,ts-auth,175.835,ts-admin-order,22.753,ts-ui,11.4737,ts-rebook,9.9175,ts-preserve-other,-1.1464,ts-verification-code,-2.754,ts-station,-2784882020.703
186, -- ,ts-train,22631921029.9475,ts-config,7192860097.2158,ts-ticketinfo,3867.0881,ts-auth,2505.5115,ts-travel,2360.4028,ts-food,2287.6333,ts-notification,2021.6774,ts-route,1251.8412,ts-food-map,610.2548,ts-security,443.6292,ts-execute,422.2025,ts-seat,421.3185,ts-order,142.1227,ts-preserve-other,14.846,ts-price,14.1769,ts-consign,9.1962,ts-rebook,5.594,ts-ui,3.2343,ts-verification-code,-3.6048,ts-user,-4.8155,ts-delivery,-17.8,ts-station,-2784882464.452
187, -- ,ts-train,24404179691.6166,ts-config,7192860176.9017,ts-notification,2606.5036,ts-auth,2496.397,ts-food,1682.0399,ts-travel,1568.3801,ts-route,1217.3976,ts-security,618.4976,ts-food-map,487.1524,ts-ticketinfo,335.2324,ts-execute,330.6392,ts-seat,308.1514,ts-order,213.8362,ts-delivery,107.8392,ts-inside-payment,27.1429,ts-rebook,9.1317,ts-consign,2.0095,ts-price,0.704,ts-preserve-other,-0.1187,ts-payment,-1.4185,ts-station,-2784882814.5278
188, -- ,ts-train,24699139853.3655,ts-config,7192860385.5996,ts-travel,4667.112,ts-auth,2535.775,ts-notification,1893.5266,ts-seat,1371.0213,ts-food,1130.1016,ts-route,1128.8728,ts-security,722.7478,ts-ticketinfo,598.6141,ts-food-map,495.93,ts-execute,277.4075,ts-order,188.5755,ts-price,12.2748,ts-verification-code,10.0412,ts-contacts,4.2,ts-preserve-other,0.2812,ts-admin-route,0.01,ts-payment,-0.3233,ts-inside-payment,-7.4467,ts-station,-2784882823.8691
189, -- ,ts-train,24819126969.7565,ts-config,7192859879.9181,ts-travel,4264.3176,ts-notification,2216.9885,ts-food,2126.1983,ts-auth,2077.868,ts-seat,1557.2063,ts-security,933.0874,ts-route,858.1083,ts-execute,472.8733,ts-food-map,472.2715,ts-order,189.3104,ts-ticketinfo,127.9473,ts-consign,43.0036,ts-inside-payment,4.2158,ts-rebook,3.5515,ts-preserve-other,0.7145,ts-verification-code,-4.4165,ts-payment,-8.8703,ts-station,-2784882820.5297
190, -- ,ts-train,24876618525.2578,ts-config,7192859666.2725,ts-food,2178.6291,ts-notification,1655.9839,ts-travel,1358.5343,ts-route,685.8038,ts-auth,666.314,ts-seat,611.0208,ts-food-map,575.5415,ts-execute,521.6558,ts-security,438.0742,ts-order,220.3715,ts-ticketinfo,86.7098,ts-contacts,0.869,ts-rebook,-0.7305,ts-preserve-other,-0.7957,ts-basic,-2.2999,ts-verification-code,-4.4519,ts-consign,-6.9677,ts-payment,-7.962,ts-assurance,-57.03,ts-station,-2784882738.3911
191, -- ,ts-train,24876616687.3216,ts-config,7192859629.6786,ts-food,2071.4983,ts-notification,1813.0611,ts-seat,1317.8358,ts-security,761.2188,ts-route,679.0544,ts-execute,497.9867,ts-food-map,354.4896,ts-preserve-other,339.078,ts-order,293.193,ts-travel,247.619,ts-verification-code,125.488,ts-rebook,113.4987,ts-consign,46.918,ts-ticketinfo,11.8576,ts-preserve,6.13,ts-basic,2.4753,ts-contacts,1.258,ts-ui,0.9133,ts-delivery,0.0,ts-payment,-10.2918,ts-station,-5702379628.1359
192, -- ,ts-train,25469035765.2268,ts-config,7192859693.4707,ts-notification,3594.2189,ts-food,2154.7701,ts-seat,1679.8917,ts-security,1106.2379,ts-food-map,333.6125,ts-execute,280.4608,ts-travel,242.2725,ts-order,225.0984,ts-route,204.9536,ts-ticketinfo,195.4337,ts-auth,175.835,ts-preserve,5.05,ts-consign,2.6124,ts-ticket-office,1.41,ts-preserve-other,0.5476,ts-inside-payment,-0.13,ts-ui,-0.3733,ts-rebook,-0.3887,ts-station,-5702379714.6608
193, -- ,ts-train,30430860550.5779,ts-config,7192859699.3777,ts-food,1853.0107,ts-seat,1708.0596,ts-notification,1085.8986,ts-auth,972.92,ts-order,900.5337,ts-inside-payment,685.3758,ts-preserve,593.145,ts-consign,575.5776,ts-security,406.9399,ts-food-map,376.4913,ts-user,373.801,ts-ticketinfo,255.7388,ts-verification-code,102.7655,ts-rebook,95.5683,ts-payment,85.3762,ts-contacts,55.61,ts-route,55.6073,ts-preserve-other,45.2343,ts-ticket-office,14.8,ts-admin-order,7.4601,ts-execute,6.44,ts-price,1.92,ts-basic,-2.2315,ts-delivery,-10.62,ts-station,-5702379903.6113,ts-travel,-1326059889741.9028
194, -- ,ts-train,31435723103.1956,ts-config,7192860718.2888,ts-inside-payment,5425.0658,ts-order,4664.2131,ts-travel,3323.4248,ts-notification,3073.1529,ts-food,1833.7449,ts-auth,1157.1383,ts-security,518.29,ts-preserve,298.4267,ts-seat,248.0639,ts-food-map,241.1697,ts-ticketinfo,152.2735,ts-user,99.4436,ts-consign,97.2098,ts-route,67.2758,ts-execute,64.3275,ts-payment,38.6437,ts-ticket-office,19.93,ts-contacts,15.02,ts-ui,4.9833,ts-price,2.2833,ts-preserve-other,0.5709,ts-basic,-2.1012,ts-verification-code,-4.4906,ts-delivery,-10.21,ts-admin-order,-16.6083,ts-station,-5702379430.0874
195, -- ,ts-train,33090496649.3871,ts-config,7192859945.7576,ts-notification,3479.7974,ts-inside-payment,3064.3283,ts-order,2937.7476,ts-food,822.2499,ts-security,351.7894,ts-preserve,293.13,ts-seat,164.3655,ts-food-map,136.9467,ts-ticketinfo,94.0277,ts-travel,62.4268,ts-route,61.0916,ts-price,49.26,ts-contacts,34.09,ts-payment,5.5577,ts-preserve-other,3.8635,ts-basic,1.6873,ts-verification-code,-1.9137,ts-station,-5702379919.333
196, -- ,ts-train,33090496452.7765,ts-config,7192860283.6516,ts-order,2285.3476,ts-notification,1349.4543,ts-inside-payment,1317.5383,ts-seat,337.1239,ts-ticketinfo,138.7202,ts-food,119.5226,ts-travel,57.0343,ts-route,41.7204,ts-food-map,19.743,ts-preserve-other,18.0066,ts-basic,17.0979,ts-security,14.4871,ts-preserve,12.604,ts-user,11.5052,ts-assurance,8.04,ts-contacts,6.74,ts-ui,6.404,ts-rebook,5.5512,ts-auth,3.9512,ts-payment,-0.7383,ts-verification-code,-2.246,ts-consign,-7.6361,ts-station,-5702380056.1491
197, -- ,ts-travel,7956359341750.472,ts-train,33090496573.8996,ts-config,7192860305.9079,ts-notification,1623.2237,ts-order,1353.6726,ts-inside-payment,890.2399,ts-seat,816.676,ts-consign,269.4682,ts-ticketinfo,155.4983,ts-route,62.5471,ts-food,32.6483,ts-food-map,22.372,ts-security,16.2232,ts-contacts,9.774,ts-payment,4.4233,ts-admin-travel,1.3025,ts-preserve-other,0.6587,ts-auth,0.294,ts-rebook,-1.1343,ts-verification-code,-2.2853,ts-user,-2.7761,ts-station,-5702380183.476
198, -- ,ts-travel,11932264467743.93,ts-train,33090496337.1961,ts-config,7192860197.4971,ts-notification,1482.437,ts-order,1028.9987,ts-inside-payment,572.2199,ts-seat,223.0668,ts-ticketinfo,101.491,ts-food,52.4566,ts-auth,40.95,ts-food-map,35.225,ts-price,31.316,ts-route,14.5327,ts-rebook,8.6715,ts-contacts,6.089,ts-preserve,3.49,ts-consign,3.2152,ts-preserve-other,3.1639,ts-execute,1.7475,ts-user,1.4466,ts-security,0.395,ts-basic,0.2574,ts-verification-code,-0.8657,ts-ui,-1.2575,ts-station,-5702380269.565
199, -- ,ts-travel,25907070583755.996,ts-train,33090496724.1372,ts-config,7192859697.6344,ts-notification,2709.8357,ts-order,629.7945,ts-inside-payment,469.1391,ts-ticketinfo,224.7975,ts-delivery,208.05,ts-route,103.0907,ts-seat,73.0294,ts-food-map,63.93,ts-food,51.8633,ts-payment,37.059,ts-consign,19.9906,ts-security,9.1638,ts-ui,9.0053,ts-preserve,7.2283,ts-user,4.7433,ts-contacts,2.46,ts-rebook,1.2224,ts-execute,0.32,ts-verification-code,-3.6984,ts-admin-order,-7.2071,ts-station,-8487263698.9156
200, -- ,ts-train,33090496269.8273,ts-config,7192859609.2408,ts-notification,2513.7875,ts-order,488.6825,ts-inside-payment,470.227,ts-ticketinfo,210.8676,ts-contacts,88.76,ts-travel,70.0355,ts-route,50.2551,ts-food,46.6949,ts-auth,33.338,ts-preserve-other,18.9049,ts-security,17.1789,ts-food-map,7.4225,ts-seat,6.5779,ts-rebook,2.1815,ts-price,1.4377,ts-delivery,0.99,ts-payment,-3.0045,ts-consign,-3.4162,ts-station,-8487263704.5279
201, -- ,ts-travel,9484853760717.648,ts-train,33090496436.5905,ts-config,7192859589.3185,ts-notification,1880.761,ts-order,767.3898,ts-inside-payment,411.5283,ts-food-map,88.9111,ts-contacts,58.58,ts-food,56.2324,ts-route,55.859,ts-consign,22.2051,ts-security,9.3325,ts-price,5.9844,ts-delivery,5.4333,ts-verification-code,5.049,ts-preserve-other,0.2467,ts-seat,-1.5788,ts-assurance,-70.74,ts-station,-8487263702.8727
202, -- ,ts-travel,8568212018381.458,ts-train,33090496023.0004,ts-config,7192859585.2481,ts-user,3202.135,ts-inside-payment,432.0683,ts-order,303.4887,ts-food,89.1949,ts-route,86.0494,ts-consign,17.76,ts-seat,11.2638,ts-rebook,9.2515,ts-ui,7.6666,ts-food-map,5.98,ts-notification,1.4619,ts-auth,1.2637,ts-preserve,0.6762,ts-preserve-other,-0.8028,ts-security,-3.2487,ts-verification-code,-3.6742,ts-price,-4.7337,ts-delivery,-14.9,ts-station,-8487263706.7686
203, -- ,ts-train,33090611626.6808,ts-config,7192859680.5609,ts-inside-payment,318.4269,ts-food,126.1549,ts-order,85.0322,ts-notification,54.3668,ts-payment,53.0996,ts-delivery,36.6483,ts-seat,29.8265,ts-travel,27.4205,ts-auth,12.3214,ts-cancel,6.29,ts-route,4.4073,ts-security,4.216,ts-consign,3.5166,ts-rebook,2.2592,ts-contacts,1.71,ts-ui,0.7875,ts-food-map,0.1125,ts-preserve-other,-1.1464,ts-verification-code,-2.2683,ts-admin-order,-6.9719,ts-station,-8487263609.1404
204, -- ,ts-train,33090611357.0553,ts-config,7192859669.988,ts-ticketinfo,105.72,ts-route,101.4301,ts-travel,60.7531,ts-order,44.8346,ts-admin-order,41.3727,ts-security,41.301,ts-food-map,35.2851,ts-inside-payment,26.3495,ts-consign,20.0951,ts-food,16.4033,ts-price,15.69,ts-payment,4.3974,ts-rebook,2.3392,ts-contacts,1.8,ts-auth,0.2175,ts-delivery,0.0,ts-seat,-0.6808,ts-notification,-1.673,ts-verification-code,-3.2638,ts-station,-8487263580.824
205, -- ,ts-train,33090496164.0279,ts-config,7192859598.0103,ts-seat,209.1376,ts-route,75.7133,ts-order,36.4569,ts-notification,33.7676,ts-admin-order,27.4089,ts-user,13.6,ts-food,12.2066,ts-inside-payment,9.6033,ts-food-map,8.5019,ts-consign,6.24,ts-travel,4.938,ts-preserve-other,4.7159,ts-security,1.3698,ts-rebook,0.3951,ts-auth,0.274,ts-verification-code,-0.3303,ts-ui,-0.9175,ts-basic,-2.1012,ts-station,-8487263712.6685
206, -- ,ts-train,33090495929.4395,ts-config,7192859610.3532,ts-preserve,200.925,ts-notification,102.8887,ts-food,82.2216,ts-order,42.0925,ts-consign,18.3128,ts-travel,17.6746,ts-security,14.0032,ts-seat,13.4828,ts-food-map,10.912,ts-verification-code,9.395,ts-inside-payment,6.7033,ts-rebook,0.8536,ts-route,0.01,ts-preserve-other,-0.8448,ts-station,-8487263701.0187
207, -- ,ts-train,33090546702.5981,ts-config,7192859580.125,ts-order,302.1626,ts-preserve,191.825,ts-travel,170.6233,ts-inside-payment,107.5708,ts-food,34.9366,ts-consign,33.4688,ts-route,32.5589,ts-food-map,10.4736,ts-ticketinfo,7.5,ts-rebook,5.19,ts-security,3.8126,ts-seat,1.6291,ts-delivery,0.51,ts-ui,0.4008,ts-notification,-0.5472,ts-preserve-other,-0.8123,ts-verification-code,-4.135,ts-station,-8487263717.2561
208, -- ,ts-train,33090546505.492,ts-config,7192859625.907,ts-food-map,763.4233,ts-food,386.3783,ts-travel,180.8154,ts-order,40.2532,ts-inside-payment,34.8108,ts-price,34.0489,ts-verification-code,32.3431,ts-ticketinfo,31.86,ts-auth,22.7367,ts-seat,22.4069,ts-consign,19.7937,ts-route,8.3825,ts-preserve-other,1.9974,ts-execute,1.2025,ts-rebook,-0.2549,ts-basic,-1.4996,ts-notification,-2.7601,ts-security,-3.1075,ts-payment,-12.9878,ts-admin-order,-24.307,ts-assurance,-75.0,ts-station,-8487263686.7076
209, -- ,ts-train,33150489015.301,ts-config,7192859719.6168,ts-travel,3297.8641,ts-security,1140.706,ts-verification-code,740.9979,ts-route,464.9431,ts-inside-payment,358.8658,ts-notification,267.3401,ts-food,238.9566,ts-preserve-other,181.9279,ts-food-map,130.77,ts-rebook,91.3317,ts-seat,69.8941,ts-preserve,24.6,ts-auth,23.84,ts-ui,1.7666,ts-execute,0.9825,ts-ticketinfo,0.76,ts-order,-46.7785,ts-station,-8487263650.3706
210, -- ,ts-train,34155351792.8281,ts-config,7192859683.5381,ts-travel,3391.1314,ts-notification,1383.5679,ts-security,303.8229,ts-route,147.3421,ts-inside-payment,70.824,ts-food-map,66.8107,ts-order,50.2328,ts-food,36.1333,ts-consign,33.9615,ts-rebook,25.4536,ts-ui,4.1625,ts-preserve,2.865,ts-seat,2.1402,ts-contacts,1.86,ts-preserve-other,0.2346,ts-auth,-31.1947,ts-station,-8487263264.1454
211, -- ,ts-train,34982815498.4039,ts-config,7192859625.2589,ts-notification,4586.094,ts-travel,1465.1287,ts-food,1015.0016,ts-inside-payment,652.3974,ts-order,538.0504,ts-security,371.825,ts-execute,146.7275,ts-delivery,59.4188,ts-food-map,31.71,ts-route,24.5155,ts-consign,22.9066,ts-ui,12.9666,ts-basic,5.605,ts-preserve-other,5.0347,ts-price,3.095,ts-verification-code,1.723,ts-auth,1.5502,ts-user,0.3182,ts-rebook,-0.4652,ts-seat,-2.3698,ts-station,-8487262721.1542
212, -- ,ts-train,37819931187.7869,ts-config,7192860033.3113,ts-notification,2998.9226,ts-food,2644.1066,ts-security,2279.8976,ts-execute,233.69,ts-order,217.4302,ts-travel,149.887,ts-route,78.3555,ts-inside-payment,19.862,ts-user,12.6345,ts-preserve-other,9.3945,ts-contacts,6.88,ts-food-map,4.3,ts-ticketinfo,3.4629,ts-price,2.4423,ts-preserve,0.3433,ts-seat,-1.6019,ts-verification-code,-2.7525,ts-consign,-3.7176,ts-admin-order,-22.2553,ts-auth,-29.58,ts-station,-8487262458.6907
213, -- ,ts-train,54365112150.4064,ts-config,7192860603.3122,ts-notification,3383.6672,ts-order,2980.712,ts-food,2842.5566,ts-security,2319.1042,ts-inside-payment,1220.8191,ts-travel,111.5467,ts-route,76.8202,ts-execute,47.475,ts-ui,26.2965,ts-seat,9.1171,ts-rebook,4.8059,ts-food-map,4.3,ts-admin-order,1.538,ts-admin-travel,0.26,ts-basic,-0.1431,ts-preserve-other,-1.3536,ts-auth,-19.105,ts-station,-8487262874.177
214, -- ,ts-train,54600080348.3768,ts-config,7192860726.553,ts-notification,3961.8762,ts-auth,3768.4057,ts-security,1810.3105,ts-food,1700.9516,ts-travel,1312.7384,ts-order,1177.434,ts-inside-payment,448.5199,ts-execute,370.655,ts-seat,163.7385,ts-route,51.179,ts-rebook,38.5021,ts-admin-order,38.2026,ts-price,29.1,ts-consign,16.1766,ts-food-map,4.3,ts-admin-travel,0.26,ts-admin-route,0.01,ts-preserve-other,-0.1078,ts-verification-code,-5.5602,ts-station,-8487263143.5633
215, -- ,ts-train,56019878425.954,ts-config,7192860384.8951,ts-notification,4833.9546,ts-food,4392.0216,ts-auth,3794.1106,ts-preserve-other,2308.1147,ts-seat,1804.9211,ts-security,1355.375,ts-order,1260.7505,ts-verification-code,631.3129,ts-execute,356.3133,ts-rebook,339.6472,ts-travel,210.6904,ts-route,209.1292,ts-food-map,120.625,ts-inside-payment,90.3658,ts-consign,6.8323,ts-basic,-1.0,ts-admin-order,-8.6312,ts-station,-11404759806.6141
216, -- ,ts-train,56019877719.0312,ts-config,7192860678.3046,ts-auth,7288.5892,ts-notification,4364.4225,ts-preserve-other,3055.1481,ts-food,3047.4866,ts-travel,1833.9098,ts-seat,1346.063,ts-order,1286.7467,ts-security,958.9924,ts-rebook,555.2781,ts-food-map,512.2825,ts-verification-code,447.6383,ts-execute,307.145,ts-route,265.3495,ts-inside-payment,63.4283,ts-ui,7.7529,ts-user,4.4267,ts-price,0.704,ts-consign,-6.7319,ts-admin-order,-23.9335,ts-station,-11404759625.608
217, -- ,ts-train,58442048206.1792,ts-config,7192860331.4594,ts-auth,6657.195,ts-notification,5030.0951,ts-travel,4950.3362,ts-food,4450.3866,ts-security,2747.7545,ts-route,2389.0039,ts-food-map,1987.585,ts-order,1711.0095,ts-preserve-other,1085.6867,ts-seat,1034.4402,ts-rebook,698.7697,ts-ticketinfo,548.76,ts-inside-payment,386.1066,ts-execute,294.8225,ts-verification-code,121.0548,ts-consign,47.2839,ts-ui,12.6593,ts-contacts,5.7,ts-basic,3.7019,ts-admin-order,0.815,ts-admin-user,-43.56,ts-station,-11404759900.6829
218, -- ,ts-train,58442047430.6538,ts-config,7192860189.4847,ts-travel,7817.9891,ts-notification,4490.9237,ts-food,3283.8966,ts-security,2039.1135,ts-auth,1848.7706,ts-route,1748.5055,ts-order,1474.0322,ts-preserve-other,1409.1967,ts-verification-code,1339.2353,ts-food-map,1276.92,ts-rebook,1074.0345,ts-seat,775.9504,ts-execute,464.49,ts-inside-payment,285.7058,ts-admin-order,258.0,ts-ui,6.3615,ts-station,-11404759844.5069
219, -- ,ts-train,59684381695.5197,ts-config,7192860546.7764,ts-travel,9400.4014,ts-notification,6966.1032,ts-route,1857.9885,ts-auth,1779.4438,ts-food,1217.2758,ts-order,1167.2227,ts-food-map,1037.5925,ts-seat,799.4012,ts-security,667.1718,ts-execute,616.5225,ts-preserve-other,499.3351,ts-inside-payment,329.2908,ts-consign,34.2622,ts-verification-code,29.2255,ts-ui,8.4482,ts-admin-order,0.022,ts-station,-11404760098.9906
220, -- ,ts-train,59979341559.1858,ts-config,7192860449.6777,ts-auth,4335.7003,ts-notification,3138.402,ts-food,2461.6016,ts-travel,2261.5321,ts-security,1806.5582,ts-seat,1572.8632,ts-route,1179.8659,ts-order,1074.0131,ts-food-map,706.5109,ts-execute,544.6275,ts-inside-payment,313.6708,ts-ticketinfo,197.425,ts-rebook,93.1826,ts-ui,71.7857,ts-contacts,23.1,ts-preserve-other,21.5472,ts-price,19.4933,ts-preserve,13.395,ts-delivery,10.2283,ts-verification-code,10.0227,ts-payment,9.63,ts-consign,3.33,ts-user,1.89,ts-station,-11404759801.96
221, -- ,ts-train,60214310436.9125,ts-config,7192859968.6225,ts-travel,2232.459,ts-auth,2212.9197,ts-notification,2088.6903,ts-food,1856.7824,ts-order,1598.2883,ts-preserve,1432.3125,ts-security,1255.6124,ts-consign,1229.0778,ts-seat,1026.1366,ts-route,1020.9687,ts-food-map,812.2715,ts-execute,408.9825,ts-inside-payment,387.3258,ts-ticketinfo,228.125,ts-rebook,187.0499,ts-verification-code,118.9529,ts-contacts,107.45,ts-preserve-other,87.4032,ts-payment,56.4955,ts-user,46.0003,ts-ui,14.155,ts-price,3.744,ts-basic,-0.0019,ts-delivery,-3.43,ts-admin-order,-16.3868,ts-station,-11404760120.6614
222, -- ,ts-train,60864221741.9928,ts-config,7192860143.4121,ts-travel,12202.1915,ts-preserve,8162.785,ts-auth,2839.7757,ts-notification,2578.2288,ts-order,1322.3885,ts-route,1317.8798,ts-seat,1210.0085,ts-food,915.7274,ts-security,676.7992,ts-food-map,648.3237,ts-consign,474.9677,ts-execute,270.1675,ts-inside-payment,90.9608,ts-contacts,23.7,ts-cancel,15.7309,ts-verification-code,5.9251,ts-delivery,5.8917,ts-ticketinfo,5.6017,ts-payment,3.2864,ts-preserve-other,2.9216,ts-price,2.4197,ts-rebook,0.8233,ts-ui,0.5617,ts-user,-0.3667,ts-station,-11404760298.0231
223, -- ,ts-train,61514132342.37,ts-config,7192860261.4027,ts-travel,13244.0749,ts-preserve,12024.95,ts-auth,5045.959,ts-notification,2418.5333,ts-food,2218.0967,ts-route,1274.4982,ts-order,1033.5856,ts-food-map,665.4738,ts-security,645.7629,ts-execute,421.7375,ts-admin-travel,394.725,ts-seat,241.215,ts-consign,112.5065,ts-price,77.5889,ts-ticketinfo,16.9386,ts-inside-payment,6.5333,ts-basic,1.6102,ts-rebook,0.2613,ts-preserve-other,-0.8755,ts-station,-19892023699.1385
224, -- ,ts-train,63111414726.8923,ts-config,7192860189.5113,ts-preserve,8771.8775,ts-travel,3656.9298,ts-notification,2525.1244,ts-auth,2073.998,ts-food,2005.4675,ts-order,1682.6491,ts-route,1061.5533,ts-security,626.9677,ts-food-map,552.4491,ts-inside-payment,489.6291,ts-execute,431.1675,ts-admin-travel,394.725,ts-seat,113.5014,ts-delivery,41.46,ts-preserve-other,24.1423,ts-assurance,0.6267,ts-admin-order,0.434,ts-basic,-1.1003,ts-verification-code,-5.1564,ts-consign,-6.1935,ts-station,-19892023474.5195
225, -- ,ts-train,66655929431.4017,ts-config,7192859950.6784,ts-notification,5640.1249,ts-preserve,2538.535,ts-food,2177.4458,ts-order,1996.5352,ts-auth,1575.641,ts-food-map,1051.8944,ts-route,802.6979,ts-travel,565.867,ts-inside-payment,461.8399,ts-execute,443.8925,ts-preserve-other,427.609,ts-security,391.9402,ts-seat,260.1574,ts-verification-code,162.4303,ts-rebook,107.6029,ts-consign,37.8793,ts-price,22.5283,ts-cancel,15.36,ts-assurance,0.5667,ts-basic,0.0438,ts-ui,-0.8425,ts-station,-22676906480.7298
226, -- ,ts-train,67543308060.9699,ts-config,7192859775.6228,ts-travel,22775.8635,ts-food,2523.8775,ts-preserve,2418.095,ts-order,2248.4303,ts-notification,1850.514,ts-food-map,928.485,ts-security,378.8138,ts-route,373.7298,ts-execute,309.05,ts-seat,182.0269,ts-auth,38.335,ts-user,12.5074,ts-inside-payment,12.0258,ts-rebook,0.5621,ts-verification-code,-1.367,ts-preserve-other,-2.1118,ts-ui,-2.5558,ts-consign,-4.3205,ts-station,-22676906943.0916
227, -- ,ts-train,68548171424.4543,ts-config,7192859622.2746,ts-notification,4567.5382,ts-order,1685.6893,ts-food,1503.941,ts-preserve,798.0785,ts-food-map,636.954,ts-auth,542.5,ts-seat,260.0992,ts-execute,156.4,ts-consign,137.4109,ts-route,129.9731,ts-inside-payment,113.6308,ts-travel,113.1712,ts-security,80.7284,ts-payment,34.4909,ts-user,17.9602,ts-price,0.028,ts-ui,-0.9667,ts-preserve-other,-0.9704,ts-verification-code,-1.5132,ts-station,-22676907324.1842
228, -- ,ts-train,68903122718.5395,ts-config,7192859734.5809,ts-notification,1534.7398,ts-food,801.2433,ts-order,801.1748,ts-preserve,569.8958,ts-travel,407.493,ts-food-map,311.4375,ts-auth,203.491,ts-seat,119.8898,ts-route,80.7439,ts-inside-payment,29.1724,ts-execute,16.29,ts-consign,11.6552,ts-preserve-other,9.2501,ts-rebook,4.4774,ts-ticketinfo,3.428,ts-contacts,0.18,ts-payment,0.0,ts-verification-code,-0.5191,ts-security,-4.3168,ts-admin-order,-22.0688,ts-station,-25594404302.8016
229, -- ,ts-train,71207809562.0844,ts-config,7192859932.5865,ts-consign,1772.2707,ts-travel,1728.7595,ts-seat,1483.8582,ts-preserve,1467.245,ts-auth,1368.6308,ts-contacts,1361.7,ts-order,1024.0393,ts-food,705.4417,ts-notification,600.3304,ts-food-map,259.3741,ts-verification-code,156.1483,ts-rebook,151.5181,ts-preserve-other,126.1516,ts-user,85.2445,ts-payment,79.2861,ts-security,79.0072,ts-ticketinfo,78.375,ts-inside-payment,44.5641,ts-route,40.3236,ts-price,37.4773,ts-delivery,19.3383,ts-ui,18.0666,ts-admin-travel,1.0412,ts-execute,0.5975,ts-basic,-0.6664,ts-station,-25594404346.2351
230, -- ,ts-train,72032696600.4451,ts-config,7192859977.8722,ts-travel,3628.918,ts-ticketinfo,2407.4,ts-auth,1259.8883,ts-preserve,1251.8567,ts-food,846.0633,ts-notification,659.6053,ts-order,572.7999,ts-seat,369.2875,ts-route,287.3931,ts-food-map,209.399,ts-contacts,118.59,ts-consign,89.5692,ts-security,65.5963,ts-user,27.3417,ts-price,27.2044,ts-payment,9.4841,ts-inside-payment,8.7416,ts-ui,0.8735,ts-execute,0.4375,ts-preserve-other,-0.4328,ts-verification-code,-1.536,ts-delivery,-3.45,ts-station,-25594404411.3036
231, -- ,ts-train,72742600177.4367,ts-config,7192859808.6493,ts-notification,704.2806,ts-order,626.7272,ts-travel,563.8556,ts-food,272.5633,ts-route,181.1406,ts-inside-payment,94.8766,ts-food-map,71.5028,ts-seat,37.814,ts-security,26.2998,ts-contacts,21.24,ts-cancel,17.08,ts-consign,16.478,ts-preserve,11.64,ts-verification-code,5.79,ts-rebook,5.2198,ts-price,1.5583,ts-preserve-other,0.4856,ts-ticketinfo,-2.975,ts-auth,-26.5767,ts-station,-8487263591.3757
232, -- ,ts-travel,8668292010230.331,ts-train,74162406997.7232,ts-config,7192859916.1574,ts-auth,2419.0133,ts-food,1046.9567,ts-order,1031.6058,ts-route,371.0791,ts-notification,298.6177,ts-seat,284.1531,ts-security,64.0562,ts-food-map,63.8118,ts-inside-payment,43.9899,ts-consign,36.0707,ts-ui,22.0275,ts-preserve,9.49,ts-verification-code,3.6488,ts-contacts,1.32,ts-rebook,-0.1902,ts-price,-1.1078,ts-user,-5.7367,ts-station,-8487263558.8576
233, -- ,ts-train,74869843360.2612,ts-config,7192859920.4476,ts-auth,2444.3999,ts-food,2088.9091,ts-notification,1436.1968,ts-preserve,779.31,ts-order,663.2213,ts-route,507.4786,ts-travel,227.4217,ts-consign,21.6023,ts-execute,17.71,ts-inside-payment,16.6258,ts-seat,10.9308,ts-user,8.92,ts-ticketinfo,7.3505,ts-security,6.6613,ts-food-map,2.1846,ts-basic,0.8247,ts-preserve-other,0.1421,ts-rebook,-0.0631,ts-verification-code,-2.6494,ts-assurance,-68.7,ts-station,-8487263251.2288
234, -- ,ts-travel,6018446774815.955,ts-train,78771810126.2471,ts-config,7192859756.2663,ts-food,2498.1641,ts-preserve,461.35,ts-order,388.2656,ts-notification,263.4809,ts-route,113.1749,ts-security,85.1295,ts-food-map,29.6,ts-inside-payment,29.2241,ts-execute,15.6875,ts-seat,10.5408,ts-ui,5.6977,ts-auth,1.8999,ts-verification-code,-0.5662,ts-preserve-other,-1.7692,ts-station,-8487263575.9252
235, -- ,ts-travel,916641742393.982,ts-train,79006761840.544,ts-config,7192859678.4505,ts-food,764.5574,ts-auth,489.3999,ts-preserve,427.115,ts-order,344.8113,ts-seat,331.4744,ts-route,276.8861,ts-price,155.455,ts-food-map,94.8062,ts-consign,73.5589,ts-notification,70.9638,ts-contacts,63.93,ts-assurance,27.37,ts-security,24.9436,ts-ticketinfo,16.3625,ts-inside-payment,6.6633,ts-execute,3.0575,ts-rebook,0.9113,ts-payment,0.4075,ts-preserve-other,-0.3072,ts-ui,-0.635,ts-basic,-1.096,ts-verification-code,-2.5223,ts-station,-8487263060.6367
236, -- ,ts-travel,5304239561148.132,ts-train,79066763408.8086,ts-config,7192859607.7418,ts-ticketinfo,948.1729,ts-order,555.9381,ts-route,494.5224,ts-auth,489.3999,ts-seat,121.39,ts-preserve,115.72,ts-notification,92.7236,ts-food,59.6308,ts-food-map,15.2499,ts-contacts,13.05,ts-security,11.3325,ts-inside-payment,6.5333,ts-consign,4.8,ts-basic,4.3312,ts-price,3.37,ts-execute,2.4025,ts-rebook,2.2545,ts-payment,0.4075,ts-preserve-other,-0.2544,ts-verification-code,-3.7518,ts-station,-8487263707.7933
237, -- ,ts-train,79066753569.8115,ts-food,44852923276.3031,ts-config,7192859672.5241,ts-ticketinfo,947.1609,ts-notification,615.0338,ts-order,503.4525,ts-preserve,107.745,ts-route,70.3459,ts-inside-payment,37.0983,ts-security,30.3438,ts-preserve-other,21.2757,ts-seat,16.7381,ts-food-map,11.7362,ts-price,1.3767,ts-contacts,1.34,ts-admin-order,0.6537,ts-ui,0.5765,ts-basic,-1.8004,ts-verification-code,-3.6557,ts-consign,-9.7461,ts-auth,-27.2401,ts-user,-96.21,ts-station,-8487263647.3151,ts-travel,-2447410706549.2236
238, -- ,ts-travel,4282968736563.4697,ts-train,79066765386.8229,ts-food,44852924135.4211,ts-config,7192859599.482,ts-preserve,1236.26,ts-order,933.6744,ts-security,860.2953,ts-ticketinfo,198.7079,ts-route,189.226,ts-food-map,130.3311,ts-consign,41.4964,ts-execute,39.0,ts-ui,26.7657,ts-seat,26.4746,ts-inside-payment,12.6158,ts-verification-code,8.337,ts-notification,6.9497,ts-rebook,2.0842,ts-auth,1.8999,ts-user,1.63,ts-contacts,1.35,ts-price,0.6517,ts-preserve-other,0.4102,ts-basic,0.1761,ts-station,-8487263411.7691
239, -- ,ts-travel,35087135278732.47,ts-train,79066758268.3522,ts-config,7192859606.9052,ts-security,975.2156,ts-food,252.7633,ts-order,219.4128,ts-ticketinfo,199.2862,ts-admin-order,79.3556,ts-preserve,53.44,ts-notification,33.726,ts-consign,21.8688,ts-route,19.2526,ts-seat,13.9528,ts-inside-payment,6.5333,ts-rebook,6.45,ts-contacts,5.13,ts-food-map,4.33,ts-price,2.8267,ts-preserve-other,1.4843,ts-verification-code,-1.7357,ts-auth,-31.1719,ts-station,-8487263559.6774
240, -- ,ts-travel,31823162821590.637,ts-train,79066760706.9238,ts-config,7192859578.3813,ts-food,2755.8258,ts-notification,1699.6682,ts-order,959.2733,ts-security,327.948,ts-preserve,137.05,ts-consign,135.4744,ts-admin-order,51.7582,ts-ticketinfo,31.4275,ts-inside-payment,24.5241,ts-seat,13.5584,ts-ui,10.3166,ts-food-map,4.355,ts-auth,1.8999,ts-rebook,0.01,ts-contacts,0.01,ts-verification-code,-1.7802,ts-route,-1.8798,ts-price,-2.9954,ts-station,-8487263698.9542
